{
"type": "FeatureCollection",
"crs": { "type": "name", "properties": { "name": "urn:ogc:def:crs:EPSG::3035" } },
"features": [
{ "type": "Feature", "properties": { "ID": "Erfurt_160510000_c3", "GEN": "Erfurt", "ARS": "160510000", "LAN": "Thüringen", "area": 0.16, "centroid": "POINT (4390240.625 3091712.5)", "DH_demand": 183.16015663022804, "total_demand_cells": 1276.142520904541, "total_demand_area": 3491.54052734375, "share_DH": 8.8740532325808967, "heat_density_DH": 1.1447509789389252, "heat_density": 21.822128295898438, "DH_supplied_households": 32.0, "DH_cells": [ [ 4389950, 3091250 ], [ 4390150, 3091250 ], [ 4389950, 3091350 ], [ 4390150, 3091650 ], [ 4390250, 3091750 ], [ 4390350, 3091850 ], [ 4390350, 3091950 ], [ 4390650, 3092050 ], [ 4390250, 3092150 ], [ 4390450, 3092150 ] ] }, "geometry": { "type": "Polygon", "coordinates": [ [ [ 4389950.0, 3091250.0 ], [ 4389950.0, 3091350.0 ], [ 4390150.0, 3091650.0 ], [ 4390250.0, 3091750.0 ], [ 4390250.0, 3092150.0 ], [ 4390450.0, 3092150.0 ], [ 4390650.0, 3092050.0 ], [ 4390350.0, 3091950.0 ], [ 4390350.0, 3091850.0 ], [ 4390150.0, 3091250.0 ], [ 4389950.0, 3091250.0 ] ] ] } },
{ "type": "Feature", "properties": { "ID": "Erfurt_160510000_c5", "GEN": "Erfurt", "ARS": "160510000", "LAN": "Thüringen", "area": 22.385, "centroid": "POINT (4393197.591393 3097221.275408)", "DH_demand": 180214.74816198109, "total_demand_cells": 512050.81739592552, "total_demand_area": 1053506.0, "share_DH": 28.937527869809038, "heat_density_DH": 8.0506923458557562, "heat_density": 47.063033281215105, "DH_supplied_households": 47711.0, "DH_cells": [ [ 4397050, 3092950 ], [ 4397150, 3092950 ], [ 4397350, 3092950 ], [ 4397450, 3092950 ], [ 4397750, 3092950 ], [ 4396750, 3093050 ], [ 4397050, 3093050 ], [ 4397150, 3093050 ], [ 4397250, 3093050 ], [ 4397350, 3093050 ], [ 4397450, 3093050 ], [ 4397750, 3093050 ], [ 4397850, 3093050 ], [ 4396650, 3093150 ], [ 4396750, 3093150 ], [ 4397250, 3093150 ], [ 4397350, 3093150 ], [ 4397450, 3093150 ], [ 4398050, 3093150 ], [ 4396550, 3093250 ], [ 4396650, 3093250 ], [ 4396750, 3093250 ], [ 4396850, 3093250 ], [ 4397050, 3093250 ], [ 4396250, 3093350 ], [ 4396350, 3093350 ], [ 4396450, 3093350 ], [ 4396550, 3093350 ], [ 4396650, 3093350 ], [ 4396750, 3093350 ], [ 4396850, 3093350 ], [ 4396950, 3093350 ], [ 4397050, 3093350 ], [ 4397750, 3093350 ], [ 4397950, 3093350 ], [ 4398050, 3093350 ], [ 4396350, 3093450 ], [ 4396450, 3093450 ], [ 4396550, 3093450 ], [ 4396650, 3093450 ], [ 4396750, 3093450 ], [ 4396850, 3093450 ], [ 4396950, 3093450 ], [ 4397050, 3093450 ], [ 4397450, 3093450 ], [ 4397650, 3093450 ], [ 4397950, 3093450 ], [ 4398050, 3093450 ], [ 4396350, 3093550 ], [ 4396450, 3093550 ], [ 4396550, 3093550 ], [ 4396650, 3093550 ], [ 4396750, 3093550 ], [ 4396850, 3093550 ], [ 4396950, 3093550 ], [ 4397150, 3093550 ], [ 4398150, 3093550 ], [ 4391050, 3093650 ], [ 4395150, 3093650 ], [ 4395250, 3093650 ], [ 4395350, 3093650 ], [ 4395450, 3093650 ], [ 4395650, 3093650 ], [ 4395750, 3093650 ], [ 4395850, 3093650 ], [ 4395950, 3093650 ], [ 4396050, 3093650 ], [ 4396350, 3093650 ], [ 4396450, 3093650 ], [ 4396550, 3093650 ], [ 4396650, 3093650 ], [ 4396750, 3093650 ], [ 4396850, 3093650 ], [ 4398550, 3093650 ], [ 4391050, 3093750 ], [ 4395050, 3093750 ], [ 4395150, 3093750 ], [ 4395250, 3093750 ], [ 4395350, 3093750 ], [ 4395450, 3093750 ], [ 4395750, 3093750 ], [ 4395850, 3093750 ], [ 4395950, 3093750 ], [ 4396550, 3093750 ], [ 4396750, 3093750 ], [ 4396850, 3093750 ], [ 4398550, 3093750 ], [ 4398850, 3093750 ], [ 4399150, 3093750 ], [ 4395250, 3093850 ], [ 4395350, 3093850 ], [ 4395450, 3093850 ], [ 4395550, 3093850 ], [ 4395650, 3093850 ], [ 4395750, 3093850 ], [ 4396350, 3093850 ], [ 4396450, 3093850 ], [ 4396750, 3093850 ], [ 4396850, 3093850 ], [ 4396950, 3093850 ], [ 4399050, 3093850 ], [ 4399150, 3093850 ], [ 4395050, 3093950 ], [ 4395550, 3093950 ], [ 4395650, 3093950 ], [ 4395750, 3093950 ], [ 4396050, 3093950 ], [ 4396150, 3093950 ], [ 4396350, 3093950 ], [ 4399050, 3093950 ], [ 4395750, 3094050 ], [ 4395850, 3094050 ], [ 4396050, 3094050 ], [ 4396150, 3094050 ], [ 4396250, 3094050 ], [ 4396650, 3094050 ], [ 4396750, 3094050 ], [ 4398850, 3094050 ], [ 4391150, 3094150 ], [ 4391250, 3094150 ], [ 4396050, 3094150 ], [ 4396150, 3094150 ], [ 4396250, 3094150 ], [ 4396550, 3094150 ], [ 4396650, 3094150 ], [ 4396750, 3094150 ], [ 4397150, 3094150 ], [ 4398850, 3094150 ], [ 4391150, 3094250 ], [ 4395050, 3094250 ], [ 4395150, 3094250 ], [ 4395550, 3094250 ], [ 4396550, 3094250 ], [ 4396650, 3094250 ], [ 4396750, 3094250 ], [ 4396850, 3094250 ], [ 4391050, 3094350 ], [ 4395050, 3094350 ], [ 4395150, 3094350 ], [ 4395650, 3094350 ], [ 4395950, 3094350 ], [ 4396050, 3094350 ], [ 4396250, 3094350 ], [ 4396350, 3094350 ], [ 4396450, 3094350 ], [ 4396550, 3094350 ], [ 4396650, 3094350 ], [ 4390750, 3094450 ], [ 4391050, 3094450 ], [ 4391150, 3094450 ], [ 4394250, 3094450 ], [ 4394450, 3094450 ], [ 4395550, 3094450 ], [ 4395950, 3094450 ], [ 4396050, 3094450 ], [ 4396150, 3094450 ], [ 4396250, 3094450 ], [ 4396350, 3094450 ], [ 4396450, 3094450 ], [ 4390950, 3094550 ], [ 4391350, 3094550 ], [ 4391550, 3094550 ], [ 4393150, 3094550 ], [ 4393250, 3094550 ], [ 4394350, 3094550 ], [ 4394450, 3094550 ], [ 4394550, 3094550 ], [ 4395650, 3094550 ], [ 4395750, 3094550 ], [ 4395850, 3094550 ], [ 4395950, 3094550 ], [ 4396050, 3094550 ], [ 4396150, 3094550 ], [ 4396250, 3094550 ], [ 4391150, 3094650 ], [ 4394350, 3094650 ], [ 4394450, 3094650 ], [ 4394550, 3094650 ], [ 4394650, 3094650 ], [ 4394750, 3094650 ], [ 4395550, 3094650 ], [ 4395750, 3094650 ], [ 4395850, 3094650 ], [ 4395950, 3094650 ], [ 4394550, 3094750 ], [ 4394650, 3094750 ], [ 4394750, 3094750 ], [ 4395250, 3094750 ], [ 4395350, 3094750 ], [ 4395450, 3094750 ], [ 4395550, 3094750 ], [ 4395650, 3094750 ], [ 4395750, 3094750 ], [ 4391250, 3094850 ], [ 4392450, 3094850 ], [ 4392550, 3094850 ], [ 4395250, 3094850 ], [ 4395350, 3094850 ], [ 4395450, 3094850 ], [ 4395550, 3094850 ], [ 4395650, 3094850 ], [ 4392450, 3094950 ], [ 4392550, 3094950 ], [ 4392750, 3094950 ], [ 4394250, 3094950 ], [ 4395150, 3094950 ], [ 4395250, 3094950 ], [ 4395350, 3094950 ], [ 4395450, 3094950 ], [ 4395550, 3094950 ], [ 4392650, 3095050 ], [ 4392850, 3095050 ], [ 4392950, 3095050 ], [ 4394250, 3095050 ], [ 4394350, 3095050 ], [ 4395050, 3095050 ], [ 4395250, 3095050 ], [ 4395350, 3095050 ], [ 4390650, 3095150 ], [ 4390750, 3095150 ], [ 4391350, 3095150 ], [ 4392350, 3095150 ], [ 4392550, 3095150 ], [ 4392850, 3095150 ], [ 4393050, 3095150 ], [ 4393250, 3095150 ], [ 4394350, 3095150 ], [ 4394450, 3095150 ], [ 4390750, 3095250 ], [ 4391450, 3095250 ], [ 4391650, 3095250 ], [ 4392750, 3095250 ], [ 4392950, 3095250 ], [ 4394250, 3095250 ], [ 4394350, 3095250 ], [ 4394450, 3095250 ], [ 4394550, 3095250 ], [ 4394850, 3095250 ], [ 4395250, 3095250 ], [ 4390850, 3095350 ], [ 4390950, 3095350 ], [ 4391850, 3095350 ], [ 4392350, 3095350 ], [ 4392450, 3095350 ], [ 4392650, 3095350 ], [ 4392750, 3095350 ], [ 4392950, 3095350 ], [ 4391950, 3095450 ], [ 4392350, 3095450 ], [ 4392950, 3095450 ], [ 4393350, 3095450 ], [ 4393650, 3095450 ], [ 4394350, 3095450 ], [ 4394450, 3095450 ], [ 4395150, 3095450 ], [ 4392150, 3095550 ], [ 4392950, 3095550 ], [ 4393950, 3095550 ], [ 4391950, 3095650 ], [ 4392050, 3095650 ], [ 4392250, 3095650 ], [ 4393050, 3095650 ], [ 4393450, 3095650 ], [ 4393850, 3095650 ], [ 4393950, 3095650 ], [ 4394050, 3095650 ], [ 4391250, 3095750 ], [ 4392150, 3095750 ], [ 4392550, 3095750 ], [ 4392850, 3095750 ], [ 4393450, 3095750 ], [ 4394150, 3095750 ], [ 4391150, 3095850 ], [ 4391250, 3095850 ], [ 4392650, 3095850 ], [ 4393050, 3095850 ], [ 4393150, 3095850 ], [ 4393950, 3095850 ], [ 4394150, 3095850 ], [ 4394350, 3095850 ], [ 4394450, 3095850 ], [ 4394550, 3095850 ], [ 4394650, 3095850 ], [ 4394750, 3095850 ], [ 4394850, 3095850 ], [ 4394950, 3095850 ], [ 4395050, 3095850 ], [ 4391250, 3095950 ], [ 4391550, 3095950 ], [ 4391750, 3095950 ], [ 4392050, 3095950 ], [ 4392150, 3095950 ], [ 4392350, 3095950 ], [ 4392750, 3095950 ], [ 4393050, 3095950 ], [ 4393150, 3095950 ], [ 4393250, 3095950 ], [ 4394350, 3095950 ], [ 4394550, 3095950 ], [ 4394650, 3095950 ], [ 4394750, 3095950 ], [ 4394850, 3095950 ], [ 4394950, 3095950 ], [ 4395050, 3095950 ], [ 4395150, 3095950 ], [ 4391750, 3096050 ], [ 4392250, 3096050 ], [ 4392350, 3096050 ], [ 4392950, 3096050 ], [ 4393050, 3096050 ], [ 4393150, 3096050 ], [ 4393250, 3096050 ], [ 4393350, 3096050 ], [ 4393450, 3096050 ], [ 4394150, 3096050 ], [ 4394250, 3096050 ], [ 4394350, 3096050 ], [ 4394650, 3096050 ], [ 4394750, 3096050 ], [ 4394850, 3096050 ], [ 4394950, 3096050 ], [ 4395050, 3096050 ], [ 4395150, 3096050 ], [ 4391350, 3096150 ], [ 4391750, 3096150 ], [ 4392150, 3096150 ], [ 4392250, 3096150 ], [ 4392350, 3096150 ], [ 4392450, 3096150 ], [ 4392750, 3096150 ], [ 4392850, 3096150 ], [ 4392950, 3096150 ], [ 4393050, 3096150 ], [ 4393150, 3096150 ], [ 4393250, 3096150 ], [ 4393350, 3096150 ], [ 4393450, 3096150 ], [ 4393550, 3096150 ], [ 4394150, 3096150 ], [ 4394250, 3096150 ], [ 4394650, 3096150 ], [ 4394750, 3096150 ], [ 4394850, 3096150 ], [ 4395050, 3096150 ], [ 4392150, 3096250 ], [ 4392250, 3096250 ], [ 4392350, 3096250 ], [ 4392450, 3096250 ], [ 4392850, 3096250 ], [ 4392950, 3096250 ], [ 4393050, 3096250 ], [ 4393250, 3096250 ], [ 4393350, 3096250 ], [ 4393450, 3096250 ], [ 4393550, 3096250 ], [ 4393650, 3096250 ], [ 4393750, 3096250 ], [ 4391150, 3096350 ], [ 4391550, 3096350 ], [ 4391650, 3096350 ], [ 4391750, 3096350 ], [ 4392050, 3096350 ], [ 4392150, 3096350 ], [ 4392250, 3096350 ], [ 4392350, 3096350 ], [ 4392450, 3096350 ], [ 4392550, 3096350 ], [ 4392750, 3096350 ], [ 4392850, 3096350 ], [ 4392950, 3096350 ], [ 4393050, 3096350 ], [ 4393150, 3096350 ], [ 4393350, 3096350 ], [ 4393450, 3096350 ], [ 4393550, 3096350 ], [ 4393750, 3096350 ], [ 4393850, 3096350 ], [ 4393950, 3096350 ], [ 4390950, 3096450 ], [ 4391650, 3096450 ], [ 4391950, 3096450 ], [ 4392150, 3096450 ], [ 4392250, 3096450 ], [ 4392350, 3096450 ], [ 4392650, 3096450 ], [ 4392850, 3096450 ], [ 4392950, 3096450 ], [ 4393150, 3096450 ], [ 4393250, 3096450 ], [ 4393350, 3096450 ], [ 4393450, 3096450 ], [ 4393550, 3096450 ], [ 4393850, 3096450 ], [ 4394050, 3096450 ], [ 4394150, 3096450 ], [ 4394250, 3096450 ], [ 4391550, 3096550 ], [ 4392150, 3096550 ], [ 4392250, 3096550 ], [ 4392350, 3096550 ], [ 4393150, 3096550 ], [ 4393250, 3096550 ], [ 4393350, 3096550 ], [ 4393450, 3096550 ], [ 4393550, 3096550 ], [ 4391450, 3096650 ], [ 4392150, 3096650 ], [ 4392850, 3096650 ], [ 4392950, 3096650 ], [ 4393050, 3096650 ], [ 4393150, 3096650 ], [ 4393250, 3096650 ], [ 4393350, 3096650 ], [ 4393450, 3096650 ], [ 4393750, 3096650 ], [ 4393850, 3096650 ], [ 4393950, 3096650 ], [ 4394050, 3096650 ], [ 4394350, 3096650 ], [ 4394450, 3096650 ], [ 4394550, 3096650 ], [ 4391850, 3096750 ], [ 4391950, 3096750 ], [ 4392050, 3096750 ], [ 4392950, 3096750 ], [ 4393050, 3096750 ], [ 4393150, 3096750 ], [ 4393250, 3096750 ], [ 4393350, 3096750 ], [ 4393450, 3096750 ], [ 4393550, 3096750 ], [ 4393850, 3096750 ], [ 4393950, 3096750 ], [ 4394050, 3096750 ], [ 4394150, 3096750 ], [ 4394250, 3096750 ], [ 4394450, 3096750 ], [ 4391950, 3096850 ], [ 4392050, 3096850 ], [ 4392150, 3096850 ], [ 4393050, 3096850 ], [ 4393150, 3096850 ], [ 4393250, 3096850 ], [ 4393350, 3096850 ], [ 4393450, 3096850 ], [ 4393550, 3096850 ], [ 4393650, 3096850 ], [ 4393750, 3096850 ], [ 4393950, 3096850 ], [ 4394050, 3096850 ], [ 4394250, 3096850 ], [ 4394350, 3096850 ], [ 4394450, 3096850 ], [ 4394550, 3096850 ], [ 4391650, 3096950 ], [ 4391850, 3096950 ], [ 4391950, 3096950 ], [ 4392050, 3096950 ], [ 4392850, 3096950 ], [ 4392950, 3096950 ], [ 4393050, 3096950 ], [ 4393150, 3096950 ], [ 4393250, 3096950 ], [ 4393450, 3096950 ], [ 4393550, 3096950 ], [ 4393650, 3096950 ], [ 4393750, 3096950 ], [ 4393850, 3096950 ], [ 4393950, 3096950 ], [ 4394050, 3096950 ], [ 4394350, 3096950 ], [ 4394450, 3096950 ], [ 4394550, 3096950 ], [ 4394650, 3096950 ], [ 4391850, 3097050 ], [ 4391950, 3097050 ], [ 4392050, 3097050 ], [ 4392850, 3097050 ], [ 4393050, 3097050 ], [ 4393150, 3097050 ], [ 4393250, 3097050 ], [ 4393350, 3097050 ], [ 4393450, 3097050 ], [ 4393650, 3097050 ], [ 4393750, 3097050 ], [ 4393850, 3097050 ], [ 4393950, 3097050 ], [ 4394050, 3097050 ], [ 4394150, 3097050 ], [ 4394250, 3097050 ], [ 4394350, 3097050 ], [ 4394450, 3097050 ], [ 4394550, 3097050 ], [ 4391750, 3097150 ], [ 4391850, 3097150 ], [ 4391950, 3097150 ], [ 4392050, 3097150 ], [ 4392750, 3097150 ], [ 4392850, 3097150 ], [ 4392950, 3097150 ], [ 4393050, 3097150 ], [ 4393150, 3097150 ], [ 4393250, 3097150 ], [ 4393350, 3097150 ], [ 4393550, 3097150 ], [ 4393650, 3097150 ], [ 4393850, 3097150 ], [ 4394050, 3097150 ], [ 4394250, 3097150 ], [ 4394350, 3097150 ], [ 4394550, 3097150 ], [ 4392150, 3097250 ], [ 4392350, 3097250 ], [ 4392550, 3097250 ], [ 4393050, 3097250 ], [ 4393150, 3097250 ], [ 4393250, 3097250 ], [ 4393350, 3097250 ], [ 4393450, 3097250 ], [ 4393550, 3097250 ], [ 4393850, 3097250 ], [ 4394050, 3097250 ], [ 4394250, 3097250 ], [ 4394350, 3097250 ], [ 4394550, 3097250 ], [ 4394650, 3097250 ], [ 4394750, 3097250 ], [ 4394850, 3097250 ], [ 4392150, 3097350 ], [ 4392250, 3097350 ], [ 4392450, 3097350 ], [ 4392550, 3097350 ], [ 4393050, 3097350 ], [ 4393150, 3097350 ], [ 4393250, 3097350 ], [ 4393350, 3097350 ], [ 4393450, 3097350 ], [ 4393550, 3097350 ], [ 4393850, 3097350 ], [ 4394050, 3097350 ], [ 4394250, 3097350 ], [ 4394350, 3097350 ], [ 4394450, 3097350 ], [ 4394650, 3097350 ], [ 4394750, 3097350 ], [ 4394850, 3097350 ], [ 4392050, 3097450 ], [ 4392150, 3097450 ], [ 4392350, 3097450 ], [ 4392650, 3097450 ], [ 4392750, 3097450 ], [ 4393050, 3097450 ], [ 4393150, 3097450 ], [ 4393250, 3097450 ], [ 4393450, 3097450 ], [ 4393550, 3097450 ], [ 4393950, 3097450 ], [ 4394050, 3097450 ], [ 4394150, 3097450 ], [ 4394250, 3097450 ], [ 4394350, 3097450 ], [ 4394450, 3097450 ], [ 4394550, 3097450 ], [ 4394750, 3097450 ], [ 4394850, 3097450 ], [ 4391950, 3097550 ], [ 4392050, 3097550 ], [ 4392150, 3097550 ], [ 4392350, 3097550 ], [ 4392450, 3097550 ], [ 4392550, 3097550 ], [ 4393050, 3097550 ], [ 4393150, 3097550 ], [ 4393850, 3097550 ], [ 4393950, 3097550 ], [ 4394050, 3097550 ], [ 4394150, 3097550 ], [ 4394350, 3097550 ], [ 4392050, 3097650 ], [ 4392150, 3097650 ], [ 4392350, 3097650 ], [ 4392450, 3097650 ], [ 4392650, 3097650 ], [ 4392750, 3097650 ], [ 4393050, 3097650 ], [ 4393150, 3097650 ], [ 4393650, 3097650 ], [ 4394050, 3097650 ], [ 4394350, 3097650 ], [ 4394550, 3097650 ], [ 4394650, 3097650 ], [ 4394750, 3097650 ], [ 4392450, 3097750 ], [ 4392650, 3097750 ], [ 4392850, 3097750 ], [ 4393150, 3097750 ], [ 4393250, 3097750 ], [ 4393550, 3097750 ], [ 4393950, 3097750 ], [ 4394250, 3097750 ], [ 4394850, 3097750 ], [ 4392150, 3097850 ], [ 4392250, 3097850 ], [ 4392350, 3097850 ], [ 4392450, 3097850 ], [ 4393250, 3097850 ], [ 4393350, 3097850 ], [ 4393550, 3097850 ], [ 4393650, 3097850 ], [ 4393850, 3097850 ], [ 4393950, 3097850 ], [ 4394150, 3097850 ], [ 4394250, 3097850 ], [ 4394450, 3097850 ], [ 4391750, 3097950 ], [ 4392250, 3097950 ], [ 4392350, 3097950 ], [ 4392650, 3097950 ], [ 4392850, 3097950 ], [ 4392950, 3097950 ], [ 4393150, 3097950 ], [ 4393250, 3097950 ], [ 4393350, 3097950 ], [ 4393450, 3097950 ], [ 4393750, 3097950 ], [ 4393850, 3097950 ], [ 4393950, 3097950 ], [ 4394250, 3097950 ], [ 4394350, 3097950 ], [ 4392150, 3098050 ], [ 4392250, 3098050 ], [ 4392850, 3098050 ], [ 4393250, 3098050 ], [ 4393450, 3098050 ], [ 4393750, 3098050 ], [ 4393850, 3098050 ], [ 4393950, 3098050 ], [ 4391950, 3098150 ], [ 4392750, 3098150 ], [ 4392950, 3098150 ], [ 4393350, 3098150 ], [ 4393450, 3098150 ], [ 4393550, 3098150 ], [ 4391750, 3098250 ], [ 4391850, 3098250 ], [ 4392850, 3098250 ], [ 4392950, 3098250 ], [ 4393350, 3098250 ], [ 4393450, 3098250 ], [ 4393550, 3098250 ], [ 4391750, 3098350 ], [ 4392850, 3098350 ], [ 4393050, 3098350 ], [ 4393350, 3098350 ], [ 4393450, 3098350 ], [ 4393550, 3098350 ], [ 4391650, 3098450 ], [ 4391750, 3098450 ], [ 4391850, 3098450 ], [ 4392850, 3098450 ], [ 4392950, 3098450 ], [ 4393050, 3098450 ], [ 4393250, 3098450 ], [ 4393350, 3098450 ], [ 4393450, 3098450 ], [ 4393550, 3098450 ], [ 4391650, 3098550 ], [ 4391750, 3098550 ], [ 4391850, 3098550 ], [ 4393050, 3098550 ], [ 4393150, 3098550 ], [ 4393250, 3098550 ], [ 4393450, 3098550 ], [ 4393550, 3098550 ], [ 4391650, 3098650 ], [ 4391750, 3098650 ], [ 4391850, 3098650 ], [ 4392650, 3098650 ], [ 4392750, 3098650 ], [ 4392850, 3098650 ], [ 4393050, 3098650 ], [ 4393150, 3098650 ], [ 4393250, 3098650 ], [ 4393550, 3098650 ], [ 4391650, 3098750 ], [ 4391750, 3098750 ], [ 4392450, 3098750 ], [ 4392550, 3098750 ], [ 4392650, 3098750 ], [ 4392750, 3098750 ], [ 4392850, 3098750 ], [ 4393150, 3098750 ], [ 4393250, 3098750 ], [ 4393350, 3098750 ], [ 4393450, 3098750 ], [ 4393550, 3098750 ], [ 4391850, 3098850 ], [ 4392350, 3098850 ], [ 4392450, 3098850 ], [ 4392550, 3098850 ], [ 4392750, 3098850 ], [ 4392850, 3098850 ], [ 4392950, 3098850 ], [ 4393050, 3098850 ], [ 4393150, 3098850 ], [ 4393250, 3098850 ], [ 4393350, 3098850 ], [ 4393450, 3098850 ], [ 4393550, 3098850 ], [ 4391550, 3098950 ], [ 4391950, 3098950 ], [ 4392250, 3098950 ], [ 4392350, 3098950 ], [ 4392450, 3098950 ], [ 4392550, 3098950 ], [ 4392650, 3098950 ], [ 4392850, 3098950 ], [ 4392950, 3098950 ], [ 4393050, 3098950 ], [ 4393150, 3098950 ], [ 4393350, 3098950 ], [ 4393450, 3098950 ], [ 4393550, 3098950 ], [ 4391550, 3099050 ], [ 4392250, 3099050 ], [ 4392350, 3099050 ], [ 4392550, 3099050 ], [ 4392650, 3099050 ], [ 4393050, 3099050 ], [ 4393250, 3099050 ], [ 4393350, 3099050 ], [ 4393450, 3099050 ], [ 4393550, 3099050 ], [ 4392250, 3099150 ], [ 4392350, 3099150 ], [ 4392450, 3099150 ], [ 4392550, 3099150 ], [ 4392850, 3099150 ], [ 4393250, 3099150 ], [ 4393350, 3099150 ], [ 4393450, 3099150 ], [ 4393550, 3099150 ], [ 4391450, 3099250 ], [ 4391650, 3099250 ], [ 4392450, 3099250 ], [ 4392550, 3099250 ], [ 4392650, 3099250 ], [ 4392750, 3099250 ], [ 4392850, 3099250 ], [ 4393150, 3099250 ], [ 4393250, 3099250 ], [ 4393450, 3099250 ], [ 4393550, 3099250 ], [ 4391550, 3099350 ], [ 4391650, 3099350 ], [ 4392150, 3099350 ], [ 4392250, 3099350 ], [ 4392450, 3099350 ], [ 4392550, 3099350 ], [ 4392650, 3099350 ], [ 4393450, 3099350 ], [ 4391550, 3099450 ], [ 4392250, 3099450 ], [ 4392350, 3099450 ], [ 4392450, 3099450 ], [ 4392550, 3099450 ], [ 4392650, 3099450 ], [ 4392750, 3099450 ], [ 4393450, 3099450 ], [ 4393550, 3099450 ], [ 4391450, 3099550 ], [ 4391550, 3099550 ], [ 4391650, 3099550 ], [ 4391750, 3099550 ], [ 4392250, 3099550 ], [ 4392350, 3099550 ], [ 4392450, 3099550 ], [ 4392550, 3099550 ], [ 4392650, 3099550 ], [ 4392750, 3099550 ], [ 4393350, 3099550 ], [ 4393450, 3099550 ], [ 4393550, 3099550 ], [ 4391350, 3099650 ], [ 4391450, 3099650 ], [ 4392250, 3099650 ], [ 4392350, 3099650 ], [ 4392450, 3099650 ], [ 4392550, 3099650 ], [ 4393350, 3099650 ], [ 4393450, 3099650 ], [ 4393550, 3099650 ], [ 4391350, 3099750 ], [ 4391450, 3099750 ], [ 4391550, 3099750 ], [ 4391650, 3099750 ], [ 4391750, 3099750 ], [ 4391950, 3099750 ], [ 4392450, 3099750 ], [ 4393350, 3099750 ], [ 4393450, 3099750 ], [ 4391350, 3099850 ], [ 4391450, 3099850 ], [ 4391550, 3099850 ], [ 4391650, 3099850 ], [ 4391950, 3099850 ], [ 4392350, 3099850 ], [ 4391250, 3099950 ], [ 4391350, 3099950 ], [ 4391450, 3099950 ], [ 4391550, 3099950 ], [ 4391650, 3099950 ], [ 4391950, 3099950 ], [ 4392150, 3099950 ], [ 4392250, 3099950 ], [ 4392350, 3099950 ], [ 4390950, 3100050 ], [ 4391050, 3100050 ], [ 4391150, 3100050 ], [ 4391450, 3100050 ], [ 4391550, 3100050 ], [ 4391650, 3100050 ], [ 4392050, 3100050 ], [ 4392150, 3100050 ], [ 4392250, 3100050 ], [ 4393550, 3100050 ], [ 4390950, 3100150 ], [ 4391050, 3100150 ], [ 4391150, 3100150 ], [ 4391250, 3100150 ], [ 4391350, 3100150 ], [ 4392050, 3100150 ], [ 4392150, 3100150 ], [ 4392250, 3100150 ], [ 4391050, 3100250 ], [ 4391250, 3100250 ], [ 4391350, 3100250 ], [ 4391450, 3100250 ], [ 4391550, 3100250 ], [ 4391950, 3100250 ], [ 4392050, 3100250 ], [ 4392150, 3100250 ], [ 4392250, 3100250 ], [ 4392350, 3100250 ], [ 4390850, 3100350 ], [ 4390950, 3100350 ], [ 4391150, 3100350 ], [ 4391250, 3100350 ], [ 4391350, 3100350 ], [ 4391450, 3100350 ], [ 4391550, 3100350 ], [ 4392050, 3100350 ], [ 4392150, 3100350 ], [ 4392250, 3100350 ], [ 4393450, 3100350 ], [ 4393850, 3100350 ], [ 4390550, 3100450 ], [ 4390650, 3100450 ], [ 4390850, 3100450 ], [ 4390950, 3100450 ], [ 4391250, 3100450 ], [ 4391350, 3100450 ], [ 4391450, 3100450 ], [ 4391850, 3100450 ], [ 4392250, 3100450 ], [ 4393850, 3100450 ], [ 4390650, 3100550 ], [ 4390750, 3100550 ], [ 4390850, 3100550 ], [ 4390950, 3100550 ], [ 4391050, 3100550 ], [ 4391350, 3100550 ], [ 4390650, 3100650 ], [ 4390750, 3100650 ], [ 4390850, 3100650 ], [ 4390950, 3100650 ], [ 4391050, 3100650 ], [ 4390350, 3100750 ], [ 4390450, 3100750 ], [ 4390750, 3100750 ], [ 4390850, 3100750 ], [ 4390950, 3100750 ], [ 4391050, 3100750 ], [ 4390450, 3100850 ], [ 4390550, 3100850 ], [ 4390650, 3100850 ], [ 4390750, 3100850 ], [ 4390850, 3100850 ], [ 4392550, 3100850 ], [ 4392650, 3100850 ], [ 4392750, 3100850 ], [ 4393050, 3100850 ], [ 4393150, 3100850 ], [ 4390350, 3100950 ], [ 4390550, 3100950 ], [ 4390650, 3100950 ], [ 4390750, 3100950 ], [ 4392550, 3100950 ], [ 4392650, 3100950 ], [ 4392750, 3100950 ], [ 4392950, 3100950 ], [ 4393050, 3100950 ], [ 4393150, 3100950 ], [ 4390750, 3101050 ], [ 4392550, 3101050 ], [ 4392650, 3101050 ], [ 4392750, 3101050 ], [ 4392850, 3101050 ], [ 4393050, 3101050 ], [ 4393450, 3101050 ], [ 4390450, 3101150 ], [ 4392450, 3101150 ], [ 4392550, 3101150 ], [ 4392850, 3101150 ], [ 4392950, 3101150 ], [ 4393050, 3101150 ], [ 4393150, 3101150 ], [ 4392050, 3101250 ], [ 4392450, 3101250 ], [ 4392550, 3101250 ], [ 4392850, 3101250 ], [ 4392950, 3101250 ], [ 4393050, 3101250 ], [ 4390250, 3101350 ], [ 4390350, 3101350 ], [ 4390750, 3101350 ], [ 4390850, 3101350 ], [ 4392150, 3101350 ], [ 4392450, 3101350 ], [ 4392850, 3101350 ], [ 4392950, 3101350 ], [ 4393050, 3101350 ], [ 4390250, 3101450 ], [ 4390350, 3101450 ], [ 4391050, 3101450 ], [ 4391950, 3101450 ], [ 4392450, 3101450 ], [ 4392550, 3101450 ], [ 4390750, 3101550 ], [ 4390850, 3101550 ], [ 4391050, 3101550 ], [ 4390450, 3101650 ], [ 4390850, 3101650 ], [ 4391150, 3101650 ], [ 4390450, 3101750 ], [ 4390550, 3101750 ], [ 4390850, 3101750 ], [ 4390950, 3101750 ], [ 4391050, 3101750 ], [ 4390550, 3101850 ], [ 4390650, 3101850 ], [ 4390750, 3101850 ], [ 4390850, 3101850 ], [ 4391150, 3101850 ], [ 4390250, 3101950 ], [ 4390750, 3101950 ], [ 4390850, 3101950 ], [ 4390750, 3102050 ] ] }, "geometry": { "type": "Polygon", "coordinates": [ [ [ 4390750.0, 3095250.0 ], [ 4390850.0, 3095350.0 ], [ 4390950.0, 3095350.0 ], [ 4391250.0, 3095750.0 ], [ 4391150.0, 3095850.0 ], [ 4391250.0, 3095950.0 ], [ 4391350.0, 3096150.0 ], [ 4391150.0, 3096350.0 ], [ 4390950.0, 3096450.0 ], [ 4391550.0, 3096350.0 ], [ 4391650.0, 3096350.0 ], [ 4391650.0, 3096450.0 ], [ 4391550.0, 3096550.0 ], [ 4391450.0, 3096650.0 ], [ 4391650.0, 3096950.0 ], [ 4391850.0, 3096950.0 ], [ 4391850.0, 3097050.0 ], [ 4391850.0, 3097150.0 ], [ 4391750.0, 3097150.0 ], [ 4392150.0, 3097250.0 ], [ 4392150.0, 3097350.0 ], [ 4392150.0, 3097450.0 ], [ 4392050.0, 3097450.0 ], [ 4391950.0, 3097550.0 ], [ 4392050.0, 3097650.0 ], [ 4392150.0, 3097650.0 ], [ 4392150.0, 3097850.0 ], [ 4392250.0, 3097850.0 ], [ 4392250.0, 3097950.0 ], [ 4392250.0, 3098050.0 ], [ 4392150.0, 3098050.0 ], [ 4391950.0, 3098150.0 ], [ 4391750.0, 3097950.0 ], [ 4391750.0, 3098250.0 ], [ 4391750.0, 3098350.0 ], [ 4391750.0, 3098450.0 ], [ 4391650.0, 3098450.0 ], [ 4391650.0, 3098550.0 ], [ 4391650.0, 3098650.0 ], [ 4391650.0, 3098750.0 ], [ 4391550.0, 3098950.0 ], [ 4391550.0, 3099050.0 ], [ 4391450.0, 3099250.0 ], [ 4391550.0, 3099350.0 ], [ 4391550.0, 3099450.0 ], [ 4391550.0, 3099550.0 ], [ 4391450.0, 3099550.0 ], [ 4391450.0, 3099650.0 ], [ 4391350.0, 3099650.0 ], [ 4391350.0, 3099750.0 ], [ 4391350.0, 3099850.0 ], [ 4391350.0, 3099950.0 ], [ 4391250.0, 3099950.0 ], [ 4391150.0, 3100050.0 ], [ 4391050.0, 3100050.0 ], [ 4390950.0, 3100050.0 ], [ 4390950.0, 3100150.0 ], [ 4391050.0, 3100150.0 ], [ 4391050.0, 3100250.0 ], [ 4390950.0, 3100350.0 ], [ 4390850.0, 3100350.0 ], [ 4390850.0, 3100450.0 ], [ 4390850.0, 3100550.0 ], [ 4390750.0, 3100550.0 ], [ 4390650.0, 3100450.0 ], [ 4390550.0, 3100450.0 ], [ 4390650.0, 3100550.0 ], [ 4390650.0, 3100650.0 ], [ 4390750.0, 3100650.0 ], [ 4390750.0, 3100750.0 ], [ 4390750.0, 3100850.0 ], [ 4390650.0, 3100850.0 ], [ 4390550.0, 3100850.0 ], [ 4390450.0, 3100850.0 ], [ 4390450.0, 3100750.0 ], [ 4390350.0, 3100750.0 ], [ 4390350.0, 3100950.0 ], [ 4390450.0, 3101150.0 ], [ 4390350.0, 3101350.0 ], [ 4390250.0, 3101350.0 ], [ 4390250.0, 3101450.0 ], [ 4390350.0, 3101450.0 ], [ 4390450.0, 3101650.0 ], [ 4390450.0, 3101750.0 ], [ 4390250.0, 3101950.0 ], [ 4390550.0, 3101850.0 ], [ 4390650.0, 3101850.0 ], [ 4390750.0, 3101850.0 ], [ 4390750.0, 3101950.0 ], [ 4390750.0, 3102050.0 ], [ 4390850.0, 3101950.0 ], [ 4390850.0, 3101850.0 ], [ 4390850.0, 3101750.0 ], [ 4390950.0, 3101750.0 ], [ 4391050.0, 3101750.0 ], [ 4391150.0, 3101850.0 ], [ 4391150.0, 3101650.0 ], [ 4391950.0, 3101450.0 ], [ 4392050.0, 3101250.0 ], [ 4392150.0, 3101350.0 ], [ 4392450.0, 3101350.0 ], [ 4392450.0, 3101450.0 ], [ 4392550.0, 3101450.0 ], [ 4392550.0, 3101250.0 ], [ 4392850.0, 3101250.0 ], [ 4392850.0, 3101350.0 ], [ 4392950.0, 3101350.0 ], [ 4393050.0, 3101350.0 ], [ 4393050.0, 3101250.0 ], [ 4393050.0, 3101150.0 ], [ 4393150.0, 3101150.0 ], [ 4393150.0, 3100950.0 ], [ 4393450.0, 3101050.0 ], [ 4393450.0, 3100350.0 ], [ 4393850.0, 3100450.0 ], [ 4393850.0, 3100350.0 ], [ 4393550.0, 3100050.0 ], [ 4393450.0, 3099750.0 ], [ 4393450.0, 3099650.0 ], [ 4393550.0, 3099650.0 ], [ 4393550.0, 3099550.0 ], [ 4393550.0, 3099450.0 ], [ 4393450.0, 3099450.0 ], [ 4393450.0, 3099350.0 ], [ 4393450.0, 3099250.0 ], [ 4393550.0, 3099250.0 ], [ 4393550.0, 3099150.0 ], [ 4393550.0, 3099050.0 ], [ 4393550.0, 3098950.0 ], [ 4393550.0, 3098850.0 ], [ 4393550.0, 3098750.0 ], [ 4393550.0, 3098650.0 ], [ 4393550.0, 3098550.0 ], [ 4393550.0, 3098450.0 ], [ 4393550.0, 3098350.0 ], [ 4393550.0, 3098250.0 ], [ 4393550.0, 3098150.0 ], [ 4393750.0, 3098050.0 ], [ 4393850.0, 3098050.0 ], [ 4393950.0, 3098050.0 ], [ 4393950.0, 3097950.0 ], [ 4393950.0, 3097850.0 ], [ 4394150.0, 3097850.0 ], [ 4394250.0, 3097850.0 ], [ 4394250.0, 3097950.0 ], [ 4394350.0, 3097950.0 ], [ 4394450.0, 3097850.0 ], [ 4394550.0, 3097650.0 ], [ 4394650.0, 3097650.0 ], [ 4394850.0, 3097750.0 ], [ 4394750.0, 3097650.0 ], [ 4394750.0, 3097450.0 ], [ 4394850.0, 3097450.0 ], [ 4394850.0, 3097350.0 ], [ 4394850.0, 3097250.0 ], [ 4394750.0, 3097250.0 ], [ 4394650.0, 3097250.0 ], [ 4394550.0, 3097250.0 ], [ 4394550.0, 3097150.0 ], [ 4394550.0, 3097050.0 ], [ 4394650.0, 3096950.0 ], [ 4394550.0, 3096950.0 ], [ 4394550.0, 3096850.0 ], [ 4394450.0, 3096850.0 ], [ 4394450.0, 3096750.0 ], [ 4394450.0, 3096650.0 ], [ 4394550.0, 3096650.0 ], [ 4394650.0, 3096150.0 ], [ 4394750.0, 3096150.0 ], [ 4394850.0, 3096150.0 ], [ 4394850.0, 3096050.0 ], [ 4394950.0, 3096050.0 ], [ 4395050.0, 3096150.0 ], [ 4395150.0, 3096050.0 ], [ 4395150.0, 3095950.0 ], [ 4395050.0, 3095950.0 ], [ 4395050.0, 3095850.0 ], [ 4395150.0, 3095450.0 ], [ 4395250.0, 3095250.0 ], [ 4395250.0, 3095050.0 ], [ 4395350.0, 3095050.0 ], [ 4395350.0, 3094950.0 ], [ 4395450.0, 3094950.0 ], [ 4395550.0, 3094950.0 ], [ 4395550.0, 3094850.0 ], [ 4395650.0, 3094850.0 ], [ 4395650.0, 3094750.0 ], [ 4395750.0, 3094750.0 ], [ 4395750.0, 3094650.0 ], [ 4395850.0, 3094650.0 ], [ 4395950.0, 3094650.0 ], [ 4395950.0, 3094550.0 ], [ 4396050.0, 3094550.0 ], [ 4396150.0, 3094550.0 ], [ 4396250.0, 3094550.0 ], [ 4396250.0, 3094450.0 ], [ 4396350.0, 3094450.0 ], [ 4396450.0, 3094450.0 ], [ 4396450.0, 3094350.0 ], [ 4396550.0, 3094350.0 ], [ 4396650.0, 3094350.0 ], [ 4396650.0, 3094250.0 ], [ 4396750.0, 3094250.0 ], [ 4396850.0, 3094250.0 ], [ 4397150.0, 3094150.0 ], [ 4396950.0, 3093850.0 ], [ 4396850.0, 3093850.0 ], [ 4396850.0, 3093750.0 ], [ 4396850.0, 3093650.0 ], [ 4396850.0, 3093550.0 ], [ 4396950.0, 3093550.0 ], [ 4396950.0, 3093450.0 ], [ 4397050.0, 3093450.0 ], [ 4397150.0, 3093550.0 ], [ 4397450.0, 3093450.0 ], [ 4397650.0, 3093450.0 ], [ 4397750.0, 3093350.0 ], [ 4397950.0, 3093350.0 ], [ 4397950.0, 3093450.0 ], [ 4398850.0, 3094150.0 ], [ 4398850.0, 3094050.0 ], [ 4399050.0, 3093950.0 ], [ 4399050.0, 3093850.0 ], [ 4399150.0, 3093850.0 ], [ 4399150.0, 3093750.0 ], [ 4398850.0, 3093750.0 ], [ 4398550.0, 3093750.0 ], [ 4398550.0, 3093650.0 ], [ 4398150.0, 3093550.0 ], [ 4398050.0, 3093450.0 ], [ 4398050.0, 3093350.0 ], [ 4398050.0, 3093150.0 ], [ 4397850.0, 3093050.0 ], [ 4397750.0, 3093050.0 ], [ 4397750.0, 3092950.0 ], [ 4397450.0, 3092950.0 ], [ 4397350.0, 3092950.0 ], [ 4397350.0, 3093050.0 ], [ 4397250.0, 3093050.0 ], [ 4397150.0, 3093050.0 ], [ 4397150.0, 3092950.0 ], [ 4397050.0, 3092950.0 ], [ 4397050.0, 3093050.0 ], [ 4396750.0, 3093050.0 ], [ 4396750.0, 3093150.0 ], [ 4396650.0, 3093150.0 ], [ 4396650.0, 3093250.0 ], [ 4396550.0, 3093250.0 ], [ 4396550.0, 3093350.0 ], [ 4396450.0, 3093350.0 ], [ 4396350.0, 3093350.0 ], [ 4396250.0, 3093350.0 ], [ 4396350.0, 3093450.0 ], [ 4396350.0, 3093550.0 ], [ 4396350.0, 3093650.0 ], [ 4396050.0, 3093650.0 ], [ 4395950.0, 3093650.0 ], [ 4395850.0, 3093650.0 ], [ 4395750.0, 3093650.0 ], [ 4395650.0, 3093650.0 ], [ 4395450.0, 3093650.0 ], [ 4395350.0, 3093650.0 ], [ 4395250.0, 3093650.0 ], [ 4395150.0, 3093650.0 ], [ 4395150.0, 3093750.0 ], [ 4395050.0, 3093750.0 ], [ 4395050.0, 3093950.0 ], [ 4395050.0, 3094250.0 ], [ 4395050.0, 3094350.0 ], [ 4394750.0, 3094650.0 ], [ 4394650.0, 3094650.0 ], [ 4394550.0, 3094650.0 ], [ 4394550.0, 3094550.0 ], [ 4394450.0, 3094450.0 ], [ 4394350.0, 3094550.0 ], [ 4394250.0, 3094450.0 ], [ 4393250.0, 3094550.0 ], [ 4393150.0, 3094550.0 ], [ 4393250.0, 3095150.0 ], [ 4393050.0, 3095150.0 ], [ 4392950.0, 3095050.0 ], [ 4392850.0, 3095050.0 ], [ 4392750.0, 3094950.0 ], [ 4392650.0, 3095050.0 ], [ 4392550.0, 3094950.0 ], [ 4392550.0, 3094850.0 ], [ 4392450.0, 3094850.0 ], [ 4391550.0, 3094550.0 ], [ 4391350.0, 3094550.0 ], [ 4391150.0, 3094450.0 ], [ 4391250.0, 3094150.0 ], [ 4391050.0, 3093650.0 ], [ 4391050.0, 3093750.0 ], [ 4391150.0, 3094150.0 ], [ 4391150.0, 3094250.0 ], [ 4391050.0, 3094350.0 ], [ 4391050.0, 3094450.0 ], [ 4390950.0, 3094550.0 ], [ 4390750.0, 3094450.0 ], [ 4390750.0, 3095150.0 ], [ 4390650.0, 3095150.0 ], [ 4390750.0, 3095250.0 ] ] ] } },
{ "type": "Feature", "properties": { "ID": "Erfurt_160510000_c6", "GEN": "Erfurt", "ARS": "160510000", "LAN": "Thüringen", "area": 0.1, "centroid": "POINT (4384716.666667 3093983.333333)", "DH_demand": 314.36928124664109, "total_demand_cells": 2934.6557319164276, "total_demand_area": 6149.27587890625, "share_DH": 8.6481703434310777, "heat_density_DH": 3.1436928124664112, "heat_density": 61.492758789062506, "DH_supplied_households": 51.0, "DH_cells": [ [ 4384650, 3093550 ], [ 4384550, 3093650 ], [ 4384450, 3093750 ], [ 4384550, 3093850 ], [ 4384650, 3093850 ], [ 4384650, 3093950 ], [ 4384650, 3094150 ], [ 4384850, 3094150 ], [ 4384850, 3094250 ], [ 4385050, 3094250 ], [ 4385050, 3094350 ] ] }, "geometry": { "type": "Polygon", "coordinates": [ [ [ 4384550.0, 3093650.0 ], [ 4384450.0, 3093750.0 ], [ 4384550.0, 3093850.0 ], [ 4384650.0, 3093950.0 ], [ 4384650.0, 3094150.0 ], [ 4384850.0, 3094250.0 ], [ 4385050.0, 3094350.0 ], [ 4385050.0, 3094250.0 ], [ 4384850.0, 3094150.0 ], [ 4384650.0, 3093850.0 ], [ 4384650.0, 3093550.0 ], [ 4384550.0, 3093650.0 ] ] ] } },
{ "type": "Feature", "properties": { "ID": "Erfurt_160510000_c7", "GEN": "Erfurt", "ARS": "160510000", "LAN": "Thüringen", "area": 0.185, "centroid": "POINT (4389507.657658 3094343.693694)", "DH_demand": 227.84972874292396, "total_demand_cells": 1350.9249534606934, "total_demand_area": 3307.348876953125, "share_DH": 11.654043037284378, "heat_density_DH": 1.2316201553671566, "heat_density": 17.877561497043917, "DH_supplied_households": 27.0, "DH_cells": [ [ 4389150, 3093850 ], [ 4389250, 3093950 ], [ 4389350, 3094250 ], [ 4389250, 3094350 ], [ 4389350, 3094350 ], [ 4389350, 3094550 ], [ 4389450, 3094550 ], [ 4389850, 3094550 ], [ 4389950, 3094550 ] ] }, "geometry": { "type": "Polygon", "coordinates": [ [ [ 4389250.0, 3093950.0 ], [ 4389150.0, 3093850.0 ], [ 4389350.0, 3094250.0 ], [ 4389350.0, 3094350.0 ], [ 4389250.0, 3094350.0 ], [ 4389350.0, 3094550.0 ], [ 4389450.0, 3094550.0 ], [ 4389850.0, 3094550.0 ], [ 4389950.0, 3094550.0 ], [ 4389250.0, 3093950.0 ] ] ] } },
{ "type": "Feature", "properties": { "ID": "Erfurt_160510000_c16", "GEN": "Erfurt", "ARS": "160510000", "LAN": "Thüringen", "area": 0.43, "centroid": "POINT (4395994.573643 3098203.100775)", "DH_demand": 1045.5189119306474, "total_demand_cells": 7589.6906363964081, "total_demand_area": 18961.982421875, "share_DH": 9.3273068423163696, "heat_density_DH": 2.4314393300712731, "heat_density": 44.097633539244185, "DH_supplied_households": 226.0, "DH_cells": [ [ 4395950, 3097850 ], [ 4396050, 3097850 ], [ 4395750, 3097950 ], [ 4396350, 3097950 ], [ 4395950, 3098050 ], [ 4396350, 3098050 ], [ 4396450, 3098050 ], [ 4395550, 3098150 ], [ 4395750, 3098150 ], [ 4395850, 3098150 ], [ 4396050, 3098150 ], [ 4396250, 3098150 ], [ 4396450, 3098150 ], [ 4395650, 3098250 ], [ 4396150, 3098250 ], [ 4396450, 3098250 ], [ 4395150, 3098350 ], [ 4396050, 3098350 ], [ 4396350, 3098350 ], [ 4396050, 3098550 ], [ 4396150, 3098550 ], [ 4396050, 3098650 ], [ 4396150, 3098850 ] ] }, "geometry": { "type": "Polygon", "coordinates": [ [ [ 4395750.0, 3098150.0 ], [ 4395650.0, 3098250.0 ], [ 4395550.0, 3098150.0 ], [ 4395150.0, 3098350.0 ], [ 4396050.0, 3098350.0 ], [ 4396050.0, 3098550.0 ], [ 4396050.0, 3098650.0 ], [ 4396150.0, 3098850.0 ], [ 4396150.0, 3098550.0 ], [ 4396350.0, 3098350.0 ], [ 4396450.0, 3098250.0 ], [ 4396450.0, 3098150.0 ], [ 4396450.0, 3098050.0 ], [ 4396350.0, 3098050.0 ], [ 4396350.0, 3097950.0 ], [ 4396050.0, 3097850.0 ], [ 4395950.0, 3097850.0 ], [ 4395750.0, 3097950.0 ], [ 4395750.0, 3098150.0 ] ] ] } },
{ "type": "Feature", "properties": { "ID": "Erfurt_160510000_c17", "GEN": "Erfurt", "ARS": "160510000", "LAN": "Thüringen", "area": 0.005, "centroid": "POINT (4398716.666667 3098016.666667)", "DH_demand": 125.64209655287809, "total_demand_cells": 397.24803924560547, "total_demand_area": 657.87042236328125, "share_DH": 32.307468113286866, "heat_density_DH": 25.128419310575616, "heat_density": 131.57408447265624, "DH_supplied_households": 9.0, "DH_cells": [ [ 4398650, 3097850 ], [ 4398750, 3098050 ], [ 4398750, 3098150 ] ] }, "geometry": { "type": "Polygon", "coordinates": [ [ [ 4398650.0, 3097850.0 ], [ 4398750.0, 3098150.0 ], [ 4398750.0, 3098050.0 ], [ 4398650.0, 3097850.0 ] ] ] } },
{ "type": "Feature", "properties": { "ID": "Erfurt_160510000_c18", "GEN": "Erfurt", "ARS": "160510000", "LAN": "Thüringen", "area": 0.63, "centroid": "POINT (4390177.248677 3098489.94709)", "DH_demand": 772.25772709618661, "total_demand_cells": 5027.9736742377281, "total_demand_area": 21097.337890625, "share_DH": 6.1921677719550114, "heat_density_DH": 1.2258059160256931, "heat_density": 33.487837921626983, "DH_supplied_households": 119.0, "DH_cells": [ [ 4390150, 3097950 ], [ 4390350, 3097950 ], [ 4390650, 3097950 ], [ 4390050, 3098050 ], [ 4390350, 3098050 ], [ 4390550, 3098150 ], [ 4390050, 3098350 ], [ 4390250, 3098350 ], [ 4389650, 3098450 ], [ 4389950, 3098550 ], [ 4389550, 3098650 ], [ 4390350, 3098650 ], [ 4390550, 3098650 ], [ 4389850, 3098750 ], [ 4390050, 3098750 ], [ 4390350, 3098750 ], [ 4389750, 3098850 ], [ 4389950, 3098850 ], [ 4390450, 3098850 ], [ 4389950, 3098950 ], [ 4390050, 3098950 ], [ 4390250, 3098950 ], [ 4390350, 3098950 ], [ 4390150, 3099050 ], [ 4390250, 3099150 ] ] }, "geometry": { "type": "Polygon", "coordinates": [ [ [ 4389550.0, 3098650.0 ], [ 4389750.0, 3098850.0 ], [ 4389850.0, 3098750.0 ], [ 4389950.0, 3098850.0 ], [ 4389950.0, 3098950.0 ], [ 4390050.0, 3098950.0 ], [ 4390150.0, 3099050.0 ], [ 4390250.0, 3099150.0 ], [ 4390250.0, 3098950.0 ], [ 4390350.0, 3098950.0 ], [ 4390450.0, 3098850.0 ], [ 4390350.0, 3098750.0 ], [ 4390350.0, 3098650.0 ], [ 4390550.0, 3098650.0 ], [ 4390550.0, 3098150.0 ], [ 4390650.0, 3097950.0 ], [ 4390350.0, 3097950.0 ], [ 4390150.0, 3097950.0 ], [ 4390050.0, 3098050.0 ], [ 4390050.0, 3098350.0 ], [ 4389950.0, 3098550.0 ], [ 4389650.0, 3098450.0 ], [ 4389550.0, 3098650.0 ] ] ] } },
{ "type": "Feature", "properties": { "ID": "Erfurt_160510000_c19", "GEN": "Erfurt", "ARS": "160510000", "LAN": "Thüringen", "area": 0.255, "centroid": "POINT (4401236.27451 3099142.156863)", "DH_demand": 826.68097180502707, "total_demand_cells": 2944.6865615844727, "total_demand_area": 8708.1650390625, "share_DH": 16.059033378148847, "heat_density_DH": 3.2418861639412828, "heat_density": 34.149666819852939, "DH_supplied_households": 226.0, "DH_cells": [ [ 4400850, 3098650 ], [ 4400950, 3098650 ], [ 4401050, 3098650 ], [ 4400950, 3098750 ], [ 4401050, 3098750 ], [ 4401150, 3098750 ], [ 4400650, 3098950 ], [ 4400750, 3098950 ], [ 4401350, 3098950 ], [ 4401450, 3099250 ], [ 4401350, 3099350 ], [ 4401450, 3099350 ], [ 4401350, 3099450 ], [ 4401350, 3099550 ], [ 4401650, 3099550 ], [ 4401550, 3099650 ], [ 4401450, 3099850 ] ] }, "geometry": { "type": "Polygon", "coordinates": [ [ [ 4400650.0, 3098950.0 ], [ 4400750.0, 3098950.0 ], [ 4400950.0, 3098750.0 ], [ 4401350.0, 3099350.0 ], [ 4401350.0, 3099450.0 ], [ 4401350.0, 3099550.0 ], [ 4401450.0, 3099850.0 ], [ 4401550.0, 3099650.0 ], [ 4401650.0, 3099550.0 ], [ 4401450.0, 3099350.0 ], [ 4401450.0, 3099250.0 ], [ 4401350.0, 3098950.0 ], [ 4401150.0, 3098750.0 ], [ 4401050.0, 3098750.0 ], [ 4401050.0, 3098650.0 ], [ 4400950.0, 3098650.0 ], [ 4400850.0, 3098650.0 ], [ 4400650.0, 3098950.0 ] ] ] } },
{ "type": "Feature", "properties": { "ID": "Erfurt_160510000_c20", "GEN": "Erfurt", "ARS": "160510000", "LAN": "Thüringen", "area": 0.02, "centroid": "POINT (4387566.666667 3099233.333333)", "DH_demand": 243.90471234820492, "total_demand_cells": 992.03009080886841, "total_demand_area": 2616.302978515625, "share_DH": 15.770311301176124, "heat_density_DH": 12.195235617410246, "heat_density": 130.81514892578124, "DH_supplied_households": 17.0, "DH_cells": [ [ 4387750, 3098950 ], [ 4387650, 3099150 ], [ 4387450, 3099350 ], [ 4387450, 3099450 ] ] }, "geometry": { "type": "Polygon", "coordinates": [ [ [ 4387450.0, 3099350.0 ], [ 4387450.0, 3099450.0 ], [ 4387650.0, 3099150.0 ], [ 4387750.0, 3098950.0 ], [ 4387450.0, 3099350.0 ] ] ] } },
{ "type": "Feature", "properties": { "ID": "Erfurt_160510000_c22", "GEN": "Erfurt", "ARS": "160510000", "LAN": "Thüringen", "area": 0.135, "centroid": "POINT (4398353.703704 3100232.716049)", "DH_demand": 168.63826637035189, "total_demand_cells": 1656.3334579467773, "total_demand_area": 6768.53271484375, "share_DH": 4.2147295031781065, "heat_density_DH": 1.2491723434840882, "heat_density": 50.137279369212976, "DH_supplied_households": 23.0, "DH_cells": [ [ 4398150, 3099750 ], [ 4398150, 3099850 ], [ 4398350, 3099950 ], [ 4398250, 3100150 ], [ 4398350, 3100550 ], [ 4398550, 3100550 ], [ 4398550, 3100650 ] ] }, "geometry": { "type": "Polygon", "coordinates": [ [ [ 4398150.0, 3099750.0 ], [ 4398150.0, 3099850.0 ], [ 4398250.0, 3100150.0 ], [ 4398350.0, 3100550.0 ], [ 4398550.0, 3100650.0 ], [ 4398550.0, 3100550.0 ], [ 4398350.0, 3099950.0 ], [ 4398150.0, 3099750.0 ] ] ] } },
{ "type": "Feature", "properties": { "ID": "Erfurt_160510000_c24", "GEN": "Erfurt", "ARS": "160510000", "LAN": "Thüringen", "area": 0.1, "centroid": "POINT (4387755 3101498.333333)", "DH_demand": 268.37546119708389, "total_demand_cells": 2201.4292373657227, "total_demand_area": 4551.60888671875, "share_DH": 9.9743815625851724, "heat_density_DH": 2.6837546119708393, "heat_density": 45.516088867187506, "DH_supplied_households": 36.0, "DH_cells": [ [ 4387850, 3101250 ], [ 4387750, 3101350 ], [ 4387850, 3101350 ], [ 4387950, 3101350 ], [ 4388050, 3101350 ], [ 4387750, 3101450 ], [ 4387950, 3101450 ], [ 4387850, 3101550 ], [ 4387350, 3101650 ], [ 4387650, 3101650 ], [ 4387850, 3101650 ] ] }, "geometry": { "type": "Polygon", "coordinates": [ [ [ 4387750.0, 3101350.0 ], [ 4387750.0, 3101450.0 ], [ 4387350.0, 3101650.0 ], [ 4387650.0, 3101650.0 ], [ 4387850.0, 3101650.0 ], [ 4387850.0, 3101550.0 ], [ 4387950.0, 3101450.0 ], [ 4388050.0, 3101350.0 ], [ 4387950.0, 3101350.0 ], [ 4387850.0, 3101250.0 ], [ 4387750.0, 3101350.0 ] ] ] } },
{ "type": "Feature", "properties": { "ID": "Erfurt_160510000_c25", "GEN": "Erfurt", "ARS": "160510000", "LAN": "Thüringen", "area": 0.12, "centroid": "POINT (4393811.111111 3102327.777778)", "DH_demand": 136.3860990315016, "total_demand_cells": 999.14951705932617, "total_demand_area": 2226.485595703125, "share_DH": 10.362351709459412, "heat_density_DH": 1.1365508252625134, "heat_density": 18.554046630859375, "DH_supplied_households": 28.0, "DH_cells": [ [ 4393750, 3102150 ], [ 4394050, 3102150 ], [ 4393550, 3102250 ], [ 4393650, 3102250 ], [ 4393850, 3102250 ], [ 4393550, 3102350 ], [ 4393550, 3102450 ], [ 4393650, 3102450 ], [ 4394050, 3102450 ] ] }, "geometry": { "type": "Polygon", "coordinates": [ [ [ 4393650.0, 3102250.0 ], [ 4393550.0, 3102250.0 ], [ 4393550.0, 3102350.0 ], [ 4393550.0, 3102450.0 ], [ 4393650.0, 3102450.0 ], [ 4394050.0, 3102450.0 ], [ 4394050.0, 3102150.0 ], [ 4393850.0, 3102250.0 ], [ 4393750.0, 3102150.0 ], [ 4393650.0, 3102250.0 ] ] ] } },
{ "type": "Feature", "properties": { "ID": "Erfurt_160510000_c26", "GEN": "Erfurt", "ARS": "160510000", "LAN": "Thüringen", "area": 0.02, "centroid": "POINT (4389283.333333 3103116.666667)", "DH_demand": 227.41809322656184, "total_demand_cells": 617.71044921875, "total_demand_area": 1894.869140625, "share_DH": 20.302704871966135, "heat_density_DH": 11.370904661328092, "heat_density": 94.743457031250003, "DH_supplied_households": 13.0, "DH_cells": [ [ 4388950, 3103050 ], [ 4389250, 3103150 ], [ 4389650, 3103150 ] ] }, "geometry": { "type": "Polygon", "coordinates": [ [ [ 4388950.0, 3103050.0 ], [ 4389250.0, 3103150.0 ], [ 4389650.0, 3103150.0 ], [ 4388950.0, 3103050.0 ] ] ] } },
{ "type": "Feature", "properties": { "ID": "Erfurt_160510000_c27", "GEN": "Erfurt", "ARS": "160510000", "LAN": "Thüringen", "area": 0.08, "centroid": "POINT (4391508.333333 3103720.833333)", "DH_demand": 200.96453198360038, "total_demand_cells": 1155.8703079223633, "total_demand_area": 2635.982421875, "share_DH": 12.896890630744185, "heat_density_DH": 2.5120566497950048, "heat_density": 32.949780273437497, "DH_supplied_households": 22.0, "DH_cells": [ [ 4391550, 3103450 ], [ 4391350, 3103650 ], [ 4391550, 3103750 ], [ 4391750, 3103750 ], [ 4391350, 3103850 ], [ 4391450, 3103850 ], [ 4391750, 3103850 ] ] }, "geometry": { "type": "Polygon", "coordinates": [ [ [ 4391350.0, 3103650.0 ], [ 4391350.0, 3103850.0 ], [ 4391450.0, 3103850.0 ], [ 4391750.0, 3103850.0 ], [ 4391750.0, 3103750.0 ], [ 4391550.0, 3103750.0 ], [ 4391550.0, 3103450.0 ], [ 4391350.0, 3103650.0 ] ] ] } },
{ "type": "Feature", "properties": { "ID": "Erfurt_160510000_c28", "GEN": "Erfurt", "ARS": "160510000", "LAN": "Thüringen", "area": 0.445, "centroid": "POINT (4393997.565543 3105433.520599)", "DH_demand": 961.39206687824526, "total_demand_cells": 5950.911039352417, "total_demand_area": 14974.3671875, "share_DH": 10.860758743915667, "heat_density_DH": 2.1604316109623487, "heat_density": 33.650263342696633, "DH_supplied_households": 228.0, "DH_cells": [ [ 4394150, 3104750 ], [ 4393950, 3104950 ], [ 4394150, 3104950 ], [ 4394250, 3104950 ], [ 4394150, 3105150 ], [ 4394250, 3105250 ], [ 4393850, 3105350 ], [ 4394150, 3105350 ], [ 4394250, 3105350 ], [ 4394350, 3105350 ], [ 4393650, 3105450 ], [ 4394150, 3105450 ], [ 4394250, 3105450 ], [ 4394350, 3105450 ], [ 4393350, 3105550 ], [ 4394050, 3105550 ], [ 4394150, 3105550 ], [ 4393550, 3105650 ], [ 4393650, 3105650 ], [ 4394350, 3105650 ], [ 4393450, 3105750 ], [ 4393850, 3105750 ], [ 4393450, 3105850 ], [ 4394350, 3105850 ], [ 4394250, 3105950 ], [ 4394350, 3105950 ], [ 4394250, 3106050 ], [ 4394250, 3106150 ], [ 4394250, 3106250 ] ] }, "geometry": { "type": "Polygon", "coordinates": [ [ [ 4393850.0, 3105350.0 ], [ 4393650.0, 3105450.0 ], [ 4393350.0, 3105550.0 ], [ 4393550.0, 3105650.0 ], [ 4393450.0, 3105750.0 ], [ 4393450.0, 3105850.0 ], [ 4393650.0, 3105650.0 ], [ 4393850.0, 3105750.0 ], [ 4394050.0, 3105550.0 ], [ 4394150.0, 3105550.0 ], [ 4394250.0, 3105950.0 ], [ 4394250.0, 3106050.0 ], [ 4394250.0, 3106150.0 ], [ 4394350.0, 3105950.0 ], [ 4394350.0, 3105850.0 ], [ 4394350.0, 3105650.0 ], [ 4394350.0, 3105450.0 ], [ 4394350.0, 3105350.0 ], [ 4394250.0, 3105350.0 ], [ 4394250.0, 3105250.0 ], [ 4394150.0, 3105150.0 ], [ 4394250.0, 3104950.0 ], [ 4394150.0, 3104950.0 ], [ 4394150.0, 3104750.0 ], [ 4393950.0, 3104950.0 ], [ 4393850.0, 3105350.0 ] ] ] } },
{ "type": "Feature", "properties": { "ID": "Gera_160520000_c0", "GEN": "Gera", "ARS": "160520000", "LAN": "Thüringen", "area": 12.81, "centroid": "POINT (4467499.60968 3086115.547749)", "DH_demand": 94213.180762729447, "total_demand_cells": 240014.43412482738, "total_demand_area": 457775.15625, "share_DH": 34.815092836951408, "heat_density_DH": 7.3546589198071395, "heat_density": 35.735765515222489, "DH_supplied_households": 23482.0, "DH_cells": [ [ 4468450, 3081850 ], [ 4466550, 3081950 ], [ 4467850, 3081950 ], [ 4467950, 3081950 ], [ 4468250, 3081950 ], [ 4467650, 3082150 ], [ 4466450, 3082350 ], [ 4466150, 3082450 ], [ 4465750, 3082550 ], [ 4465850, 3082550 ], [ 4465950, 3082550 ], [ 4466050, 3082550 ], [ 4466150, 3082550 ], [ 4466250, 3082550 ], [ 4465150, 3082650 ], [ 4465250, 3082650 ], [ 4465350, 3082650 ], [ 4465450, 3082650 ], [ 4465750, 3082650 ], [ 4465850, 3082650 ], [ 4465950, 3082650 ], [ 4466050, 3082650 ], [ 4466150, 3082650 ], [ 4466250, 3082650 ], [ 4466350, 3082650 ], [ 4465150, 3082750 ], [ 4465450, 3082750 ], [ 4465850, 3082750 ], [ 4465950, 3082750 ], [ 4466050, 3082750 ], [ 4467350, 3082750 ], [ 4467650, 3082750 ], [ 4467750, 3082750 ], [ 4465150, 3082850 ], [ 4465250, 3082850 ], [ 4465350, 3082850 ], [ 4465650, 3082850 ], [ 4465850, 3082850 ], [ 4466050, 3082850 ], [ 4466550, 3082850 ], [ 4465150, 3082950 ], [ 4465250, 3082950 ], [ 4465450, 3082950 ], [ 4465550, 3082950 ], [ 4465650, 3082950 ], [ 4466150, 3082950 ], [ 4466450, 3082950 ], [ 4466750, 3082950 ], [ 4465150, 3083050 ], [ 4465350, 3083050 ], [ 4465450, 3083050 ], [ 4465550, 3083050 ], [ 4465650, 3083050 ], [ 4466450, 3083050 ], [ 4466550, 3083050 ], [ 4466650, 3083050 ], [ 4466750, 3083050 ], [ 4466850, 3083050 ], [ 4467050, 3083050 ], [ 4467450, 3083050 ], [ 4467550, 3083050 ], [ 4465450, 3083150 ], [ 4465750, 3083150 ], [ 4465850, 3083150 ], [ 4465950, 3083150 ], [ 4466050, 3083150 ], [ 4466150, 3083150 ], [ 4466450, 3083150 ], [ 4466550, 3083150 ], [ 4466650, 3083150 ], [ 4466750, 3083150 ], [ 4466850, 3083150 ], [ 4467150, 3083150 ], [ 4465850, 3083250 ], [ 4465950, 3083250 ], [ 4466050, 3083250 ], [ 4466250, 3083250 ], [ 4466350, 3083250 ], [ 4466450, 3083250 ], [ 4467050, 3083250 ], [ 4467150, 3083250 ], [ 4465950, 3083350 ], [ 4466050, 3083350 ], [ 4466150, 3083350 ], [ 4466250, 3083350 ], [ 4466350, 3083350 ], [ 4466450, 3083350 ], [ 4466550, 3083350 ], [ 4466650, 3083350 ], [ 4467150, 3083350 ], [ 4465950, 3083450 ], [ 4466050, 3083450 ], [ 4466150, 3083450 ], [ 4466450, 3083450 ], [ 4466550, 3083450 ], [ 4466650, 3083450 ], [ 4466750, 3083450 ], [ 4466850, 3083450 ], [ 4466950, 3083450 ], [ 4467050, 3083450 ], [ 4467150, 3083450 ], [ 4465950, 3083550 ], [ 4466050, 3083550 ], [ 4466150, 3083550 ], [ 4466250, 3083550 ], [ 4466550, 3083550 ], [ 4466650, 3083550 ], [ 4466750, 3083550 ], [ 4466850, 3083550 ], [ 4466950, 3083550 ], [ 4467150, 3083550 ], [ 4467250, 3083550 ], [ 4465950, 3083650 ], [ 4466050, 3083650 ], [ 4466150, 3083650 ], [ 4466250, 3083650 ], [ 4466450, 3083650 ], [ 4466750, 3083650 ], [ 4466850, 3083650 ], [ 4466950, 3083650 ], [ 4467050, 3083650 ], [ 4467150, 3083650 ], [ 4467250, 3083650 ], [ 4465850, 3083750 ], [ 4466350, 3083750 ], [ 4466850, 3083750 ], [ 4466950, 3083750 ], [ 4465850, 3083850 ], [ 4465950, 3083850 ], [ 4466150, 3083850 ], [ 4466250, 3083850 ], [ 4466350, 3083850 ], [ 4466450, 3083850 ], [ 4466850, 3083850 ], [ 4466950, 3083850 ], [ 4467950, 3083850 ], [ 4468150, 3083850 ], [ 4465950, 3083950 ], [ 4466050, 3083950 ], [ 4466150, 3083950 ], [ 4466250, 3083950 ], [ 4466350, 3083950 ], [ 4466450, 3083950 ], [ 4466550, 3083950 ], [ 4466850, 3083950 ], [ 4466950, 3083950 ], [ 4467050, 3083950 ], [ 4467150, 3083950 ], [ 4468050, 3083950 ], [ 4468150, 3083950 ], [ 4468350, 3083950 ], [ 4466050, 3084050 ], [ 4466150, 3084050 ], [ 4466250, 3084050 ], [ 4466350, 3084050 ], [ 4466450, 3084050 ], [ 4466550, 3084050 ], [ 4466650, 3084050 ], [ 4466750, 3084050 ], [ 4467050, 3084050 ], [ 4467150, 3084050 ], [ 4467750, 3084050 ], [ 4468050, 3084050 ], [ 4468150, 3084050 ], [ 4468250, 3084050 ], [ 4465750, 3084150 ], [ 4466450, 3084150 ], [ 4466550, 3084150 ], [ 4466650, 3084150 ], [ 4466750, 3084150 ], [ 4466850, 3084150 ], [ 4466950, 3084150 ], [ 4467050, 3084150 ], [ 4467150, 3084150 ], [ 4467750, 3084150 ], [ 4468050, 3084150 ], [ 4466250, 3084250 ], [ 4466450, 3084250 ], [ 4466650, 3084250 ], [ 4466750, 3084250 ], [ 4467050, 3084250 ], [ 4467750, 3084250 ], [ 4467850, 3084250 ], [ 4468050, 3084250 ], [ 4468150, 3084250 ], [ 4466750, 3084350 ], [ 4467750, 3084350 ], [ 4467950, 3084350 ], [ 4468050, 3084350 ], [ 4468150, 3084350 ], [ 4468250, 3084350 ], [ 4466350, 3084450 ], [ 4466750, 3084450 ], [ 4467550, 3084450 ], [ 4467950, 3084450 ], [ 4466650, 3084550 ], [ 4466750, 3084550 ], [ 4466950, 3084550 ], [ 4467550, 3084550 ], [ 4466650, 3084650 ], [ 4466750, 3084750 ], [ 4466950, 3084750 ], [ 4466650, 3084850 ], [ 4466550, 3084950 ], [ 4466650, 3084950 ], [ 4466850, 3084950 ], [ 4466950, 3084950 ], [ 4466550, 3085050 ], [ 4467550, 3085050 ], [ 4466950, 3085150 ], [ 4467050, 3085150 ], [ 4467550, 3085150 ], [ 4468250, 3085150 ], [ 4468250, 3085250 ], [ 4466650, 3085350 ], [ 4466750, 3085450 ], [ 4466150, 3085550 ], [ 4466350, 3085550 ], [ 4466450, 3085550 ], [ 4466550, 3085550 ], [ 4466850, 3085550 ], [ 4466950, 3085550 ], [ 4467050, 3085550 ], [ 4467150, 3085550 ], [ 4467250, 3085550 ], [ 4467750, 3085550 ], [ 4466550, 3085650 ], [ 4466650, 3085650 ], [ 4466850, 3085650 ], [ 4466950, 3085650 ], [ 4467050, 3085650 ], [ 4467150, 3085650 ], [ 4467250, 3085650 ], [ 4467850, 3085650 ], [ 4467950, 3085650 ], [ 4468050, 3085650 ], [ 4468150, 3085650 ], [ 4468450, 3085650 ], [ 4466550, 3085750 ], [ 4466850, 3085750 ], [ 4466950, 3085750 ], [ 4467150, 3085750 ], [ 4467250, 3085750 ], [ 4467350, 3085750 ], [ 4467950, 3085750 ], [ 4466450, 3085850 ], [ 4466950, 3085850 ], [ 4467050, 3085850 ], [ 4467150, 3085850 ], [ 4467250, 3085850 ], [ 4467750, 3085850 ], [ 4467850, 3085850 ], [ 4468050, 3085850 ], [ 4466450, 3085950 ], [ 4466650, 3085950 ], [ 4466850, 3085950 ], [ 4467050, 3085950 ], [ 4467150, 3085950 ], [ 4468050, 3085950 ], [ 4468150, 3085950 ], [ 4466250, 3086050 ], [ 4466850, 3086050 ], [ 4467050, 3086050 ], [ 4468250, 3086050 ], [ 4466750, 3086150 ], [ 4467950, 3086150 ], [ 4466550, 3086250 ], [ 4466950, 3086250 ], [ 4467950, 3086250 ], [ 4468650, 3086250 ], [ 4466550, 3086350 ], [ 4466650, 3086350 ], [ 4466550, 3086450 ], [ 4466650, 3086450 ], [ 4466750, 3086450 ], [ 4466850, 3086450 ], [ 4467250, 3086450 ], [ 4467350, 3086450 ], [ 4467450, 3086450 ], [ 4468050, 3086450 ], [ 4468150, 3086450 ], [ 4466550, 3086550 ], [ 4466750, 3086550 ], [ 4466850, 3086550 ], [ 4467250, 3086550 ], [ 4467350, 3086550 ], [ 4467450, 3086550 ], [ 4467850, 3086550 ], [ 4467950, 3086550 ], [ 4468150, 3086550 ], [ 4468650, 3086550 ], [ 4466650, 3086650 ], [ 4466750, 3086650 ], [ 4466850, 3086650 ], [ 4466950, 3086650 ], [ 4467050, 3086650 ], [ 4467350, 3086650 ], [ 4467450, 3086650 ], [ 4467550, 3086650 ], [ 4467750, 3086650 ], [ 4467850, 3086650 ], [ 4467950, 3086650 ], [ 4468050, 3086650 ], [ 4468150, 3086650 ], [ 4468550, 3086650 ], [ 4466750, 3086750 ], [ 4467350, 3086750 ], [ 4467450, 3086750 ], [ 4467850, 3086750 ], [ 4467950, 3086750 ], [ 4468150, 3086750 ], [ 4466550, 3086850 ], [ 4467150, 3086850 ], [ 4467250, 3086850 ], [ 4467350, 3086850 ], [ 4467450, 3086850 ], [ 4467650, 3086850 ], [ 4467850, 3086850 ], [ 4467950, 3086850 ], [ 4468150, 3086850 ], [ 4469550, 3086850 ], [ 4467050, 3086950 ], [ 4467250, 3086950 ], [ 4467350, 3086950 ], [ 4467450, 3086950 ], [ 4467550, 3086950 ], [ 4467650, 3086950 ], [ 4467750, 3086950 ], [ 4467850, 3086950 ], [ 4467950, 3086950 ], [ 4468050, 3086950 ], [ 4466950, 3087050 ], [ 4467050, 3087050 ], [ 4467150, 3087050 ], [ 4467350, 3087050 ], [ 4467550, 3087050 ], [ 4467650, 3087050 ], [ 4467750, 3087050 ], [ 4467850, 3087050 ], [ 4467050, 3087150 ], [ 4467150, 3087150 ], [ 4467250, 3087150 ], [ 4467550, 3087150 ], [ 4467650, 3087150 ], [ 4467750, 3087150 ], [ 4467950, 3087150 ], [ 4468050, 3087150 ], [ 4468150, 3087150 ], [ 4468350, 3087150 ], [ 4469150, 3087150 ], [ 4467150, 3087250 ], [ 4467250, 3087250 ], [ 4467450, 3087250 ], [ 4467650, 3087250 ], [ 4467750, 3087250 ], [ 4467850, 3087250 ], [ 4467950, 3087250 ], [ 4468050, 3087250 ], [ 4468150, 3087250 ], [ 4468350, 3087250 ], [ 4467250, 3087350 ], [ 4467750, 3087350 ], [ 4467850, 3087350 ], [ 4467950, 3087350 ], [ 4468050, 3087350 ], [ 4468150, 3087350 ], [ 4468250, 3087350 ], [ 4468350, 3087350 ], [ 4468450, 3087350 ], [ 4468650, 3087350 ], [ 4466750, 3087450 ], [ 4467150, 3087450 ], [ 4467250, 3087450 ], [ 4467350, 3087450 ], [ 4467450, 3087450 ], [ 4467550, 3087450 ], [ 4467650, 3087450 ], [ 4467850, 3087450 ], [ 4467950, 3087450 ], [ 4468050, 3087450 ], [ 4468150, 3087450 ], [ 4468450, 3087450 ], [ 4468650, 3087450 ], [ 4466850, 3087550 ], [ 4467150, 3087550 ], [ 4467250, 3087550 ], [ 4467350, 3087550 ], [ 4467450, 3087550 ], [ 4467550, 3087550 ], [ 4467850, 3087550 ], [ 4467950, 3087550 ], [ 4468450, 3087550 ], [ 4469050, 3087550 ], [ 4469350, 3087550 ], [ 4469550, 3087550 ], [ 4466050, 3087650 ], [ 4466950, 3087650 ], [ 4467050, 3087650 ], [ 4467150, 3087650 ], [ 4467250, 3087650 ], [ 4467350, 3087650 ], [ 4467650, 3087650 ], [ 4467850, 3087650 ], [ 4467950, 3087650 ], [ 4468050, 3087650 ], [ 4468250, 3087650 ], [ 4468350, 3087650 ], [ 4468750, 3087650 ], [ 4469050, 3087650 ], [ 4466150, 3087750 ], [ 4466950, 3087750 ], [ 4467050, 3087750 ], [ 4467450, 3087750 ], [ 4467550, 3087750 ], [ 4468250, 3087750 ], [ 4466750, 3087850 ], [ 4467050, 3087850 ], [ 4467450, 3087850 ], [ 4467550, 3087850 ], [ 4467650, 3087850 ], [ 4468350, 3087850 ], [ 4466950, 3087950 ], [ 4467550, 3087950 ], [ 4467850, 3087950 ], [ 4468550, 3087950 ], [ 4468650, 3087950 ], [ 4466250, 3088050 ], [ 4466550, 3088050 ], [ 4466950, 3088050 ], [ 4467050, 3088050 ], [ 4467550, 3088050 ], [ 4467650, 3088050 ], [ 4467750, 3088050 ], [ 4467850, 3088050 ], [ 4468450, 3088050 ], [ 4466450, 3088150 ], [ 4466550, 3088150 ], [ 4467550, 3088150 ], [ 4467650, 3088150 ], [ 4466250, 3088250 ], [ 4466350, 3088250 ], [ 4466550, 3088250 ], [ 4466650, 3088250 ], [ 4467850, 3088250 ], [ 4468750, 3088250 ], [ 4466150, 3088350 ], [ 4466550, 3088350 ], [ 4467550, 3088350 ], [ 4467650, 3088350 ], [ 4469150, 3088350 ], [ 4467550, 3088450 ], [ 4467750, 3088450 ], [ 4467950, 3088450 ], [ 4468050, 3088450 ], [ 4467750, 3088550 ], [ 4468050, 3088550 ], [ 4468150, 3088550 ], [ 4468250, 3088550 ], [ 4466150, 3088650 ], [ 4466250, 3088650 ], [ 4467650, 3088650 ], [ 4467750, 3088650 ], [ 4468050, 3088650 ], [ 4468150, 3088650 ], [ 4468250, 3088650 ], [ 4468350, 3088650 ], [ 4467350, 3088750 ], [ 4467650, 3088750 ], [ 4467750, 3088750 ], [ 4467850, 3088750 ], [ 4467350, 3088850 ], [ 4467350, 3088950 ], [ 4467450, 3088950 ], [ 4467550, 3088950 ], [ 4467350, 3089050 ], [ 4467450, 3089050 ], [ 4467550, 3089050 ], [ 4467650, 3089050 ], [ 4467750, 3089050 ], [ 4467850, 3089050 ], [ 4467950, 3089050 ], [ 4467350, 3089150 ], [ 4467450, 3089150 ], [ 4467550, 3089150 ], [ 4467650, 3089150 ], [ 4467750, 3089150 ], [ 4467950, 3089150 ], [ 4468050, 3089150 ], [ 4468150, 3089150 ], [ 4467150, 3089250 ], [ 4467250, 3089250 ], [ 4467450, 3089250 ], [ 4467550, 3089250 ], [ 4467650, 3089250 ], [ 4467850, 3089250 ], [ 4467950, 3089250 ], [ 4468050, 3089250 ], [ 4468150, 3089250 ], [ 4467450, 3089350 ], [ 4467550, 3089350 ], [ 4467650, 3089350 ], [ 4467750, 3089350 ], [ 4467850, 3089350 ], [ 4467950, 3089350 ], [ 4468050, 3089350 ], [ 4468150, 3089350 ], [ 4467050, 3089450 ], [ 4467450, 3089450 ], [ 4467550, 3089450 ], [ 4467650, 3089450 ], [ 4467750, 3089450 ], [ 4467850, 3089450 ], [ 4467950, 3089450 ], [ 4468050, 3089450 ], [ 4468650, 3089450 ], [ 4467450, 3089550 ], [ 4467550, 3089550 ], [ 4467650, 3089550 ], [ 4467750, 3089550 ], [ 4467850, 3089550 ], [ 4467950, 3089550 ], [ 4468050, 3089550 ], [ 4467050, 3089650 ], [ 4467150, 3089650 ], [ 4467450, 3089650 ], [ 4467550, 3089650 ], [ 4467950, 3089650 ], [ 4468050, 3089650 ], [ 4467050, 3089750 ], [ 4467350, 3089750 ], [ 4467550, 3089750 ], [ 4467750, 3089750 ], [ 4467850, 3089750 ], [ 4467950, 3089750 ], [ 4468050, 3089750 ], [ 4468150, 3089750 ], [ 4468250, 3089750 ], [ 4466950, 3089850 ], [ 4467250, 3089850 ], [ 4467650, 3089850 ], [ 4467750, 3089850 ], [ 4468050, 3089850 ], [ 4468150, 3089850 ], [ 4468250, 3089850 ], [ 4468350, 3089850 ], [ 4468450, 3089850 ], [ 4468550, 3089850 ], [ 4466950, 3089950 ], [ 4467350, 3089950 ], [ 4468250, 3089950 ], [ 4468350, 3089950 ], [ 4468450, 3089950 ], [ 4468550, 3089950 ], [ 4467650, 3090050 ], [ 4467750, 3090050 ], [ 4467850, 3090050 ], [ 4468150, 3090050 ], [ 4468250, 3090050 ], [ 4468350, 3090050 ], [ 4468450, 3090050 ], [ 4467650, 3090150 ], [ 4467750, 3090150 ], [ 4467850, 3090150 ], [ 4467950, 3090150 ], [ 4468050, 3090150 ], [ 4468150, 3090150 ], [ 4467650, 3090250 ], [ 4467750, 3090250 ], [ 4467850, 3090250 ], [ 4467950, 3090250 ], [ 4468050, 3090250 ], [ 4468150, 3090250 ], [ 4467550, 3090350 ], [ 4467650, 3090350 ], [ 4467750, 3090350 ], [ 4467850, 3090350 ], [ 4467950, 3090350 ], [ 4468150, 3090350 ], [ 4468250, 3090350 ], [ 4467950, 3090450 ], [ 4468050, 3090450 ], [ 4468150, 3090450 ] ] }, "geometry": { "type": "Polygon", "coordinates": [ [ [ 4466150.0, 3082450.0 ], [ 4466150.0, 3082550.0 ], [ 4466050.0, 3082550.0 ], [ 4465950.0, 3082550.0 ], [ 4465850.0, 3082550.0 ], [ 4465750.0, 3082550.0 ], [ 4465750.0, 3082650.0 ], [ 4465450.0, 3082650.0 ], [ 4465350.0, 3082650.0 ], [ 4465250.0, 3082650.0 ], [ 4465150.0, 3082650.0 ], [ 4465150.0, 3082750.0 ], [ 4465150.0, 3082850.0 ], [ 4465150.0, 3082950.0 ], [ 4465150.0, 3083050.0 ], [ 4465350.0, 3083050.0 ], [ 4465450.0, 3083050.0 ], [ 4465450.0, 3083150.0 ], [ 4465550.0, 3083050.0 ], [ 4465650.0, 3083050.0 ], [ 4465750.0, 3083150.0 ], [ 4465850.0, 3083150.0 ], [ 4465850.0, 3083250.0 ], [ 4465950.0, 3083250.0 ], [ 4465950.0, 3083350.0 ], [ 4465950.0, 3083450.0 ], [ 4465950.0, 3083550.0 ], [ 4465950.0, 3083650.0 ], [ 4465850.0, 3083750.0 ], [ 4465850.0, 3083850.0 ], [ 4465950.0, 3083850.0 ], [ 4465950.0, 3083950.0 ], [ 4465750.0, 3084150.0 ], [ 4466050.0, 3084050.0 ], [ 4466150.0, 3084050.0 ], [ 4466250.0, 3084050.0 ], [ 4466250.0, 3084250.0 ], [ 4466350.0, 3084450.0 ], [ 4466650.0, 3084550.0 ], [ 4466650.0, 3084650.0 ], [ 4466750.0, 3084750.0 ], [ 4466650.0, 3084850.0 ], [ 4466650.0, 3084950.0 ], [ 4466550.0, 3084950.0 ], [ 4466550.0, 3085050.0 ], [ 4466650.0, 3085350.0 ], [ 4466150.0, 3085550.0 ], [ 4466350.0, 3085550.0 ], [ 4466450.0, 3085550.0 ], [ 4466550.0, 3085550.0 ], [ 4466550.0, 3085650.0 ], [ 4466550.0, 3085750.0 ], [ 4466450.0, 3085850.0 ], [ 4466450.0, 3085950.0 ], [ 4466250.0, 3086050.0 ], [ 4466550.0, 3086250.0 ], [ 4466550.0, 3086350.0 ], [ 4466550.0, 3086450.0 ], [ 4466550.0, 3086550.0 ], [ 4466650.0, 3086650.0 ], [ 4466750.0, 3086650.0 ], [ 4466750.0, 3086750.0 ], [ 4466550.0, 3086850.0 ], [ 4466950.0, 3087050.0 ], [ 4467050.0, 3087050.0 ], [ 4467050.0, 3087150.0 ], [ 4466750.0, 3087450.0 ], [ 4466850.0, 3087550.0 ], [ 4466950.0, 3087650.0 ], [ 4466950.0, 3087750.0 ], [ 4466750.0, 3087850.0 ], [ 4466550.0, 3088050.0 ], [ 4466050.0, 3087650.0 ], [ 4466150.0, 3087750.0 ], [ 4466250.0, 3088050.0 ], [ 4466250.0, 3088250.0 ], [ 4466150.0, 3088350.0 ], [ 4466150.0, 3088650.0 ], [ 4466250.0, 3088650.0 ], [ 4466350.0, 3088250.0 ], [ 4466450.0, 3088150.0 ], [ 4466550.0, 3088150.0 ], [ 4466550.0, 3088250.0 ], [ 4466550.0, 3088350.0 ], [ 4466650.0, 3088250.0 ], [ 4466950.0, 3088050.0 ], [ 4467050.0, 3088050.0 ], [ 4467050.0, 3087850.0 ], [ 4467050.0, 3087750.0 ], [ 4467050.0, 3087650.0 ], [ 4467150.0, 3087650.0 ], [ 4467250.0, 3087650.0 ], [ 4467350.0, 3087650.0 ], [ 4467450.0, 3087750.0 ], [ 4467450.0, 3087850.0 ], [ 4467550.0, 3087850.0 ], [ 4467550.0, 3087950.0 ], [ 4467550.0, 3088050.0 ], [ 4467550.0, 3088150.0 ], [ 4467550.0, 3088350.0 ], [ 4467550.0, 3088450.0 ], [ 4467750.0, 3088450.0 ], [ 4467750.0, 3088550.0 ], [ 4467750.0, 3088650.0 ], [ 4467650.0, 3088650.0 ], [ 4467650.0, 3088750.0 ], [ 4467350.0, 3088750.0 ], [ 4467350.0, 3088850.0 ], [ 4467350.0, 3088950.0 ], [ 4467350.0, 3089050.0 ], [ 4467350.0, 3089150.0 ], [ 4467250.0, 3089250.0 ], [ 4467150.0, 3089250.0 ], [ 4467050.0, 3089450.0 ], [ 4467050.0, 3089650.0 ], [ 4467050.0, 3089750.0 ], [ 4466950.0, 3089850.0 ], [ 4466950.0, 3089950.0 ], [ 4467150.0, 3089650.0 ], [ 4467350.0, 3089750.0 ], [ 4467250.0, 3089850.0 ], [ 4467350.0, 3089950.0 ], [ 4467550.0, 3089750.0 ], [ 4467650.0, 3089850.0 ], [ 4467650.0, 3090050.0 ], [ 4467650.0, 3090150.0 ], [ 4467650.0, 3090250.0 ], [ 4467550.0, 3090350.0 ], [ 4467650.0, 3090350.0 ], [ 4467750.0, 3090350.0 ], [ 4467850.0, 3090350.0 ], [ 4467950.0, 3090350.0 ], [ 4467950.0, 3090450.0 ], [ 4468050.0, 3090450.0 ], [ 4468150.0, 3090450.0 ], [ 4468150.0, 3090350.0 ], [ 4468250.0, 3090350.0 ], [ 4468150.0, 3090250.0 ], [ 4468150.0, 3090150.0 ], [ 4468150.0, 3090050.0 ], [ 4468250.0, 3090050.0 ], [ 4468350.0, 3090050.0 ], [ 4468450.0, 3090050.0 ], [ 4468450.0, 3089950.0 ], [ 4468550.0, 3089950.0 ], [ 4468550.0, 3089850.0 ], [ 4468650.0, 3089450.0 ], [ 4468150.0, 3089350.0 ], [ 4468150.0, 3089250.0 ], [ 4468150.0, 3089150.0 ], [ 4468050.0, 3089150.0 ], [ 4467950.0, 3089150.0 ], [ 4467950.0, 3089050.0 ], [ 4467850.0, 3089050.0 ], [ 4467850.0, 3088750.0 ], [ 4468050.0, 3088650.0 ], [ 4468150.0, 3088650.0 ], [ 4468250.0, 3088650.0 ], [ 4468350.0, 3088650.0 ], [ 4468450.0, 3088050.0 ], [ 4468550.0, 3087950.0 ], [ 4468650.0, 3087950.0 ], [ 4468750.0, 3088250.0 ], [ 4469150.0, 3088350.0 ], [ 4469550.0, 3087550.0 ], [ 4469350.0, 3087550.0 ], [ 4469050.0, 3087550.0 ], [ 4469150.0, 3087150.0 ], [ 4469550.0, 3086850.0 ], [ 4468650.0, 3086550.0 ], [ 4468650.0, 3086250.0 ], [ 4468250.0, 3086050.0 ], [ 4468150.0, 3085950.0 ], [ 4468450.0, 3085650.0 ], [ 4468150.0, 3085650.0 ], [ 4468250.0, 3085250.0 ], [ 4468250.0, 3085150.0 ], [ 4468250.0, 3084350.0 ], [ 4468150.0, 3084350.0 ], [ 4468150.0, 3084250.0 ], [ 4468050.0, 3084250.0 ], [ 4468050.0, 3084150.0 ], [ 4468050.0, 3084050.0 ], [ 4468150.0, 3084050.0 ], [ 4468250.0, 3084050.0 ], [ 4468350.0, 3083950.0 ], [ 4468150.0, 3083950.0 ], [ 4468150.0, 3083850.0 ], [ 4467950.0, 3083850.0 ], [ 4467750.0, 3084050.0 ], [ 4467150.0, 3084050.0 ], [ 4467150.0, 3083950.0 ], [ 4467150.0, 3083650.0 ], [ 4467250.0, 3083650.0 ], [ 4467250.0, 3083550.0 ], [ 4467150.0, 3083550.0 ], [ 4467150.0, 3083450.0 ], [ 4467150.0, 3083350.0 ], [ 4467150.0, 3083250.0 ], [ 4467150.0, 3083150.0 ], [ 4467450.0, 3083050.0 ], [ 4467550.0, 3083050.0 ], [ 4467750.0, 3082750.0 ], [ 4468450.0, 3081850.0 ], [ 4468250.0, 3081950.0 ], [ 4467950.0, 3081950.0 ], [ 4467850.0, 3081950.0 ], [ 4467650.0, 3082150.0 ], [ 4467650.0, 3082750.0 ], [ 4467350.0, 3082750.0 ], [ 4467050.0, 3083050.0 ], [ 4466850.0, 3083050.0 ], [ 4466750.0, 3083050.0 ], [ 4466750.0, 3082950.0 ], [ 4466550.0, 3082850.0 ], [ 4466350.0, 3082650.0 ], [ 4466250.0, 3082650.0 ], [ 4466250.0, 3082550.0 ], [ 4466450.0, 3082350.0 ], [ 4466550.0, 3081950.0 ], [ 4466150.0, 3082450.0 ] ] ] } },
{ "type": "Feature", "properties": { "ID": "Gera_160520000_c1", "GEN": "Gera", "ARS": "160520000", "LAN": "Thüringen", "area": 0.285, "centroid": "POINT (4463709.649123 3085772.807018)", "DH_demand": 243.51850105225358, "total_demand_cells": 1035.7028961181641, "total_demand_area": 3861.476318359375, "share_DH": 10.668090637004736, "heat_density_DH": 0.85445088088510024, "heat_density": 13.549039713541667, "DH_supplied_households": 51.0, "DH_cells": [ [ 4463550, 3085450 ], [ 4463650, 3085450 ], [ 4463750, 3085450 ], [ 4463250, 3085550 ], [ 4463650, 3085550 ], [ 4463750, 3085550 ], [ 4463950, 3085750 ], [ 4464050, 3085750 ], [ 4463950, 3086250 ] ] }, "geometry": { "type": "Polygon", "coordinates": [ [ [ 4463250.0, 3085550.0 ], [ 4463950.0, 3086250.0 ], [ 4464050.0, 3085750.0 ], [ 4463950.0, 3085750.0 ], [ 4463750.0, 3085550.0 ], [ 4463750.0, 3085450.0 ], [ 4463650.0, 3085450.0 ], [ 4463550.0, 3085450.0 ], [ 4463250.0, 3085550.0 ] ] ] } },
{ "type": "Feature", "properties": { "ID": "Gera_160520000_c6", "GEN": "Gera", "ARS": "160520000", "LAN": "Thüringen", "area": 0.48, "centroid": "POINT (4465352.083333 3092033.333333)", "DH_demand": 1122.692150551843, "total_demand_cells": 4130.1922378540039, "total_demand_area": 13245.080078125, "share_DH": 14.338846270716626, "heat_density_DH": 2.3389419803163398, "heat_density": 27.593916829427084, "DH_supplied_households": 312.0, "DH_cells": [ [ 4465450, 3091450 ], [ 4465250, 3091550 ], [ 4465350, 3091550 ], [ 4465450, 3091550 ], [ 4465150, 3091650 ], [ 4465550, 3091750 ], [ 4465150, 3091850 ], [ 4465250, 3091850 ], [ 4465550, 3091850 ], [ 4464850, 3091950 ], [ 4464950, 3091950 ], [ 4465650, 3091950 ], [ 4465550, 3092050 ], [ 4465650, 3092050 ], [ 4465750, 3092150 ], [ 4465050, 3092250 ], [ 4465650, 3092350 ], [ 4465650, 3092550 ] ] }, "geometry": { "type": "Polygon", "coordinates": [ [ [ 4465150.0, 3091650.0 ], [ 4465150.0, 3091850.0 ], [ 4464950.0, 3091950.0 ], [ 4464850.0, 3091950.0 ], [ 4465050.0, 3092250.0 ], [ 4465650.0, 3092550.0 ], [ 4465650.0, 3092350.0 ], [ 4465750.0, 3092150.0 ], [ 4465650.0, 3092050.0 ], [ 4465650.0, 3091950.0 ], [ 4465550.0, 3091850.0 ], [ 4465550.0, 3091750.0 ], [ 4465450.0, 3091550.0 ], [ 4465450.0, 3091450.0 ], [ 4465350.0, 3091550.0 ], [ 4465250.0, 3091550.0 ], [ 4465150.0, 3091650.0 ] ] ] } },
{ "type": "Feature", "properties": { "ID": "Gera_160520000_c9", "GEN": "Gera", "ARS": "160520000", "LAN": "Thüringen", "area": 0.1, "centroid": "POINT (4468051.666667 3096141.666667)", "DH_demand": 367.87034305718231, "total_demand_cells": 2099.2021636962891, "total_demand_area": 3244.693115234375, "share_DH": 19.179145804161614, "heat_density_DH": 3.6787034305718236, "heat_density": 32.446931152343751, "DH_supplied_households": 106.0, "DH_cells": [ [ 4468150, 3095750 ], [ 4467850, 3095850 ], [ 4467950, 3095850 ], [ 4467950, 3095950 ], [ 4468050, 3095950 ], [ 4468050, 3096050 ], [ 4467950, 3096150 ], [ 4468050, 3096450 ], [ 4468150, 3096450 ], [ 4468250, 3096450 ] ] }, "geometry": { "type": "Polygon", "coordinates": [ [ [ 4467950.0, 3095850.0 ], [ 4467850.0, 3095850.0 ], [ 4467950.0, 3095950.0 ], [ 4467950.0, 3096150.0 ], [ 4468050.0, 3096450.0 ], [ 4468150.0, 3096450.0 ], [ 4468250.0, 3096450.0 ], [ 4468050.0, 3096050.0 ], [ 4468050.0, 3095950.0 ], [ 4468150.0, 3095750.0 ], [ 4467950.0, 3095850.0 ] ] ] } },
{ "type": "Feature", "properties": { "ID": "Jena_160530000_c0", "GEN": "Jena", "ARS": "160530000", "LAN": "Thüringen", "area": 1.465, "centroid": "POINT (4434757.508532 3087157.508532)", "DH_demand": 51920.894096867269, "total_demand_cells": 92987.367835283279, "total_demand_area": 114174.5625, "share_DH": 76.927375698699606, "heat_density_DH": 35.440883342571517, "heat_density": 77.934854948805466, "DH_supplied_households": 13005.0, "DH_cells": [ [ 4433750, 3086450 ], [ 4433850, 3086450 ], [ 4434250, 3086450 ], [ 4434850, 3086450 ], [ 4433650, 3086550 ], [ 4433750, 3086550 ], [ 4433850, 3086550 ], [ 4435950, 3086550 ], [ 4433650, 3086650 ], [ 4433750, 3086650 ], [ 4433850, 3086650 ], [ 4433950, 3086650 ], [ 4434050, 3086650 ], [ 4435250, 3086650 ], [ 4435550, 3086650 ], [ 4435950, 3086650 ], [ 4433750, 3086750 ], [ 4433850, 3086750 ], [ 4433950, 3086750 ], [ 4434050, 3086750 ], [ 4434150, 3086750 ], [ 4434250, 3086750 ], [ 4435050, 3086750 ], [ 4435150, 3086750 ], [ 4435250, 3086750 ], [ 4435350, 3086750 ], [ 4435450, 3086750 ], [ 4435550, 3086750 ], [ 4435650, 3086750 ], [ 4435750, 3086750 ], [ 4435950, 3086750 ], [ 4436050, 3086750 ], [ 4436150, 3086750 ], [ 4436250, 3086750 ], [ 4436350, 3086750 ], [ 4436450, 3086750 ], [ 4433750, 3086850 ], [ 4433850, 3086850 ], [ 4433950, 3086850 ], [ 4434050, 3086850 ], [ 4434150, 3086850 ], [ 4434250, 3086850 ], [ 4434350, 3086850 ], [ 4434650, 3086850 ], [ 4434750, 3086850 ], [ 4434850, 3086850 ], [ 4434950, 3086850 ], [ 4435050, 3086850 ], [ 4435150, 3086850 ], [ 4435250, 3086850 ], [ 4435350, 3086850 ], [ 4435450, 3086850 ], [ 4435550, 3086850 ], [ 4435650, 3086850 ], [ 4435750, 3086850 ], [ 4435850, 3086850 ], [ 4435950, 3086850 ], [ 4436050, 3086850 ], [ 4436150, 3086850 ], [ 4436250, 3086850 ], [ 4436350, 3086850 ], [ 4436450, 3086850 ], [ 4433850, 3086950 ], [ 4433950, 3086950 ], [ 4434050, 3086950 ], [ 4434150, 3086950 ], [ 4434250, 3086950 ], [ 4434350, 3086950 ], [ 4434450, 3086950 ], [ 4434550, 3086950 ], [ 4434850, 3086950 ], [ 4434950, 3086950 ], [ 4435050, 3086950 ], [ 4435150, 3086950 ], [ 4435250, 3086950 ], [ 4435350, 3086950 ], [ 4435450, 3086950 ], [ 4435550, 3086950 ], [ 4435650, 3086950 ], [ 4435750, 3086950 ], [ 4435850, 3086950 ], [ 4435950, 3086950 ], [ 4436050, 3086950 ], [ 4436150, 3086950 ], [ 4436250, 3086950 ], [ 4436350, 3086950 ], [ 4434050, 3087050 ], [ 4434150, 3087050 ], [ 4434250, 3087050 ], [ 4434350, 3087050 ], [ 4434450, 3087050 ], [ 4434550, 3087050 ], [ 4434650, 3087050 ], [ 4434750, 3087050 ], [ 4434950, 3087050 ], [ 4435050, 3087050 ], [ 4435150, 3087050 ], [ 4435350, 3087050 ], [ 4435650, 3087050 ], [ 4434250, 3087150 ], [ 4434350, 3087150 ], [ 4434450, 3087150 ], [ 4434550, 3087150 ], [ 4434650, 3087150 ], [ 4434750, 3087150 ], [ 4435450, 3087150 ], [ 4435550, 3087150 ], [ 4435650, 3087150 ], [ 4434250, 3087250 ], [ 4434350, 3087250 ], [ 4434450, 3087250 ], [ 4434550, 3087250 ], [ 4434650, 3087250 ], [ 4434750, 3087250 ], [ 4434850, 3087250 ], [ 4435550, 3087250 ], [ 4435750, 3087250 ], [ 4434050, 3087350 ], [ 4434150, 3087350 ], [ 4434450, 3087350 ], [ 4434550, 3087350 ], [ 4434650, 3087350 ], [ 4435750, 3087350 ], [ 4433850, 3087450 ], [ 4434050, 3087450 ], [ 4434150, 3087450 ], [ 4434550, 3087450 ], [ 4434050, 3087550 ], [ 4434650, 3087550 ], [ 4434750, 3087550 ], [ 4434050, 3087650 ], [ 4434250, 3087650 ], [ 4434350, 3087650 ], [ 4434450, 3087650 ], [ 4434550, 3087650 ], [ 4434650, 3087650 ], [ 4434250, 3087750 ], [ 4434350, 3087750 ], [ 4434550, 3087750 ], [ 4435750, 3087750 ], [ 4435850, 3087750 ], [ 4434050, 3087850 ], [ 4434350, 3087850 ], [ 4434450, 3087850 ], [ 4434050, 3087950 ], [ 4433950, 3088050 ], [ 4434250, 3088050 ], [ 4434350, 3088050 ], [ 4434450, 3088050 ], [ 4434050, 3088150 ], [ 4433950, 3088250 ] ] }, "geometry": { "type": "Polygon", "coordinates": [ [ [ 4433750.0, 3086550.0 ], [ 4433650.0, 3086550.0 ], [ 4433650.0, 3086650.0 ], [ 4433750.0, 3086650.0 ], [ 4433750.0, 3086750.0 ], [ 4433750.0, 3086850.0 ], [ 4433850.0, 3086850.0 ], [ 4433850.0, 3086950.0 ], [ 4433950.0, 3086950.0 ], [ 4434050.0, 3086950.0 ], [ 4434050.0, 3087050.0 ], [ 4434050.0, 3087350.0 ], [ 4434050.0, 3087450.0 ], [ 4433850.0, 3087450.0 ], [ 4434050.0, 3087550.0 ], [ 4434050.0, 3087650.0 ], [ 4434050.0, 3087850.0 ], [ 4434050.0, 3087950.0 ], [ 4433950.0, 3088050.0 ], [ 4433950.0, 3088250.0 ], [ 4434050.0, 3088150.0 ], [ 4434250.0, 3088050.0 ], [ 4434350.0, 3088050.0 ], [ 4434450.0, 3088050.0 ], [ 4434450.0, 3087850.0 ], [ 4434550.0, 3087750.0 ], [ 4434550.0, 3087650.0 ], [ 4434650.0, 3087650.0 ], [ 4434650.0, 3087550.0 ], [ 4434750.0, 3087550.0 ], [ 4434550.0, 3087450.0 ], [ 4434550.0, 3087350.0 ], [ 4434650.0, 3087350.0 ], [ 4434650.0, 3087250.0 ], [ 4434750.0, 3087250.0 ], [ 4434850.0, 3087250.0 ], [ 4434950.0, 3087050.0 ], [ 4435050.0, 3087050.0 ], [ 4435150.0, 3087050.0 ], [ 4435150.0, 3086950.0 ], [ 4435250.0, 3086950.0 ], [ 4435350.0, 3086950.0 ], [ 4435350.0, 3087050.0 ], [ 4435450.0, 3087150.0 ], [ 4435550.0, 3087150.0 ], [ 4435550.0, 3087250.0 ], [ 4435750.0, 3087750.0 ], [ 4435850.0, 3087750.0 ], [ 4435750.0, 3087350.0 ], [ 4435750.0, 3087250.0 ], [ 4435650.0, 3087150.0 ], [ 4435650.0, 3087050.0 ], [ 4435650.0, 3086950.0 ], [ 4435750.0, 3086950.0 ], [ 4435850.0, 3086950.0 ], [ 4435950.0, 3086950.0 ], [ 4436050.0, 3086950.0 ], [ 4436150.0, 3086950.0 ], [ 4436250.0, 3086950.0 ], [ 4436350.0, 3086950.0 ], [ 4436350.0, 3086850.0 ], [ 4436450.0, 3086850.0 ], [ 4436450.0, 3086750.0 ], [ 4436350.0, 3086750.0 ], [ 4436250.0, 3086750.0 ], [ 4436150.0, 3086750.0 ], [ 4436050.0, 3086750.0 ], [ 4435950.0, 3086750.0 ], [ 4435950.0, 3086650.0 ], [ 4435950.0, 3086550.0 ], [ 4435750.0, 3086750.0 ], [ 4435650.0, 3086750.0 ], [ 4435550.0, 3086750.0 ], [ 4435550.0, 3086650.0 ], [ 4435450.0, 3086750.0 ], [ 4435350.0, 3086750.0 ], [ 4435250.0, 3086650.0 ], [ 4435150.0, 3086750.0 ], [ 4435050.0, 3086750.0 ], [ 4434850.0, 3086450.0 ], [ 4434850.0, 3086850.0 ], [ 4434750.0, 3086850.0 ], [ 4434650.0, 3086850.0 ], [ 4434550.0, 3086950.0 ], [ 4434450.0, 3086950.0 ], [ 4434350.0, 3086950.0 ], [ 4434350.0, 3086850.0 ], [ 4434250.0, 3086850.0 ], [ 4434250.0, 3086750.0 ], [ 4434250.0, 3086450.0 ], [ 4434050.0, 3086650.0 ], [ 4433950.0, 3086650.0 ], [ 4433850.0, 3086650.0 ], [ 4433850.0, 3086550.0 ], [ 4433850.0, 3086450.0 ], [ 4433750.0, 3086450.0 ], [ 4433750.0, 3086550.0 ] ] ] } },
{ "type": "Feature", "properties": { "ID": "Jena_160530000_c2", "GEN": "Jena", "ARS": "160530000", "LAN": "Thüringen", "area": 8.02, "centroid": "POINT (4432595.843724 3091801.018288)", "DH_demand": 86118.708156217472, "total_demand_cells": 222636.09510421753, "total_demand_area": 412820.625, "share_DH": 35.289396403715187, "heat_density_DH": 10.737993535687965, "heat_density": 51.473893391521194, "DH_supplied_households": 19170.0, "DH_cells": [ [ 4432250, 3087650 ], [ 4432050, 3087750 ], [ 4432150, 3087750 ], [ 4432250, 3087750 ], [ 4431850, 3087850 ], [ 4431950, 3087850 ], [ 4432050, 3087850 ], [ 4432150, 3087850 ], [ 4432250, 3087850 ], [ 4432350, 3087850 ], [ 4431950, 3087950 ], [ 4432050, 3087950 ], [ 4432150, 3087950 ], [ 4432250, 3087950 ], [ 4432350, 3087950 ], [ 4431850, 3088050 ], [ 4431950, 3088050 ], [ 4432050, 3088050 ], [ 4432150, 3088050 ], [ 4432350, 3088050 ], [ 4432050, 3088150 ], [ 4432150, 3088150 ], [ 4432450, 3088150 ], [ 4432750, 3088150 ], [ 4431950, 3088250 ], [ 4432050, 3088250 ], [ 4432450, 3088250 ], [ 4431650, 3088350 ], [ 4431750, 3088350 ], [ 4431850, 3088350 ], [ 4431950, 3088350 ], [ 4432050, 3088350 ], [ 4432150, 3088350 ], [ 4432250, 3088350 ], [ 4433250, 3088350 ], [ 4431550, 3088450 ], [ 4431650, 3088450 ], [ 4431750, 3088450 ], [ 4431850, 3088450 ], [ 4431950, 3088450 ], [ 4432050, 3088450 ], [ 4432150, 3088450 ], [ 4432250, 3088450 ], [ 4432950, 3088450 ], [ 4433250, 3088450 ], [ 4431450, 3088550 ], [ 4431550, 3088550 ], [ 4431750, 3088550 ], [ 4431850, 3088550 ], [ 4431950, 3088550 ], [ 4432050, 3088550 ], [ 4432150, 3088550 ], [ 4432950, 3088550 ], [ 4431450, 3088650 ], [ 4431550, 3088650 ], [ 4431650, 3088650 ], [ 4431750, 3088650 ], [ 4431850, 3088650 ], [ 4431950, 3088650 ], [ 4432050, 3088650 ], [ 4431450, 3088750 ], [ 4431550, 3088750 ], [ 4431650, 3088750 ], [ 4431750, 3088750 ], [ 4431850, 3088750 ], [ 4431950, 3088750 ], [ 4431250, 3088850 ], [ 4431450, 3088850 ], [ 4431550, 3088850 ], [ 4431650, 3088850 ], [ 4431750, 3088850 ], [ 4431850, 3088850 ], [ 4431950, 3088850 ], [ 4431250, 3088950 ], [ 4431550, 3088950 ], [ 4431650, 3088950 ], [ 4431750, 3088950 ], [ 4431850, 3088950 ], [ 4431950, 3088950 ], [ 4432250, 3088950 ], [ 4431250, 3089050 ], [ 4431550, 3089050 ], [ 4431750, 3089050 ], [ 4431850, 3089050 ], [ 4431550, 3089150 ], [ 4431650, 3089150 ], [ 4432250, 3089150 ], [ 4431550, 3089250 ], [ 4431650, 3089250 ], [ 4432050, 3089250 ], [ 4431650, 3089350 ], [ 4431450, 3089450 ], [ 4431950, 3089450 ], [ 4431150, 3089550 ], [ 4431650, 3089650 ], [ 4431950, 3089650 ], [ 4431150, 3089950 ], [ 4430650, 3090050 ], [ 4430650, 3090250 ], [ 4431550, 3090250 ], [ 4431750, 3090250 ], [ 4430650, 3090350 ], [ 4431450, 3090350 ], [ 4431250, 3090450 ], [ 4431850, 3090450 ], [ 4431250, 3090550 ], [ 4431550, 3090550 ], [ 4431650, 3090550 ], [ 4431250, 3090650 ], [ 4431450, 3090650 ], [ 4431850, 3090650 ], [ 4431950, 3090650 ], [ 4432050, 3090850 ], [ 4430850, 3091050 ], [ 4432150, 3091150 ], [ 4432950, 3091150 ], [ 4434050, 3091150 ], [ 4431550, 3091250 ], [ 4433350, 3091250 ], [ 4434050, 3091250 ], [ 4431450, 3091350 ], [ 4432150, 3091350 ], [ 4432250, 3091350 ], [ 4432950, 3091350 ], [ 4433250, 3091350 ], [ 4433350, 3091350 ], [ 4431350, 3091450 ], [ 4431450, 3091450 ], [ 4431550, 3091450 ], [ 4431650, 3091450 ], [ 4431750, 3091450 ], [ 4431150, 3091550 ], [ 4431650, 3091550 ], [ 4431750, 3091550 ], [ 4432350, 3091550 ], [ 4432450, 3091550 ], [ 4431350, 3091650 ], [ 4431750, 3091650 ], [ 4432050, 3091650 ], [ 4432150, 3091650 ], [ 4432350, 3091650 ], [ 4432450, 3091650 ], [ 4433050, 3091650 ], [ 4433150, 3091650 ], [ 4433550, 3091650 ], [ 4432050, 3091750 ], [ 4432150, 3091750 ], [ 4432250, 3091750 ], [ 4432350, 3091750 ], [ 4432450, 3091750 ], [ 4432550, 3091750 ], [ 4432650, 3091750 ], [ 4432750, 3091750 ], [ 4432850, 3091750 ], [ 4433450, 3091750 ], [ 4433750, 3091750 ], [ 4431250, 3091850 ], [ 4431350, 3091850 ], [ 4432050, 3091850 ], [ 4432450, 3091850 ], [ 4432550, 3091850 ], [ 4432650, 3091850 ], [ 4432750, 3091850 ], [ 4432850, 3091850 ], [ 4432950, 3091850 ], [ 4431250, 3091950 ], [ 4431750, 3091950 ], [ 4431950, 3091950 ], [ 4432250, 3091950 ], [ 4432550, 3091950 ], [ 4432650, 3091950 ], [ 4432750, 3091950 ], [ 4432850, 3091950 ], [ 4432950, 3091950 ], [ 4433250, 3091950 ], [ 4433350, 3091950 ], [ 4435150, 3091950 ], [ 4431650, 3092050 ], [ 4431750, 3092050 ], [ 4431850, 3092050 ], [ 4432150, 3092050 ], [ 4432350, 3092050 ], [ 4432450, 3092050 ], [ 4432550, 3092050 ], [ 4432650, 3092050 ], [ 4432750, 3092050 ], [ 4432850, 3092050 ], [ 4432950, 3092050 ], [ 4433050, 3092050 ], [ 4433250, 3092050 ], [ 4433350, 3092050 ], [ 4433550, 3092050 ], [ 4433650, 3092050 ], [ 4434650, 3092050 ], [ 4434850, 3092050 ], [ 4434950, 3092050 ], [ 4431450, 3092150 ], [ 4431550, 3092150 ], [ 4431950, 3092150 ], [ 4432050, 3092150 ], [ 4432150, 3092150 ], [ 4432250, 3092150 ], [ 4432350, 3092150 ], [ 4432450, 3092150 ], [ 4432550, 3092150 ], [ 4432650, 3092150 ], [ 4432750, 3092150 ], [ 4433350, 3092150 ], [ 4434550, 3092150 ], [ 4434650, 3092150 ], [ 4434950, 3092150 ], [ 4435050, 3092150 ], [ 4435350, 3092150 ], [ 4431650, 3092250 ], [ 4431950, 3092250 ], [ 4432050, 3092250 ], [ 4432150, 3092250 ], [ 4432750, 3092250 ], [ 4433350, 3092250 ], [ 4433550, 3092250 ], [ 4433650, 3092250 ], [ 4433750, 3092250 ], [ 4434450, 3092250 ], [ 4435250, 3092250 ], [ 4431150, 3092350 ], [ 4431250, 3092350 ], [ 4431350, 3092350 ], [ 4431450, 3092350 ], [ 4431550, 3092350 ], [ 4431650, 3092350 ], [ 4431750, 3092350 ], [ 4432050, 3092350 ], [ 4432650, 3092350 ], [ 4432750, 3092350 ], [ 4432850, 3092350 ], [ 4433250, 3092350 ], [ 4433450, 3092350 ], [ 4433650, 3092350 ], [ 4433750, 3092350 ], [ 4433850, 3092350 ], [ 4434450, 3092350 ], [ 4434550, 3092350 ], [ 4434650, 3092350 ], [ 4435250, 3092350 ], [ 4430950, 3092450 ], [ 4431350, 3092450 ], [ 4432550, 3092450 ], [ 4432650, 3092450 ], [ 4432750, 3092450 ], [ 4432850, 3092450 ], [ 4433350, 3092450 ], [ 4433450, 3092450 ], [ 4433850, 3092450 ], [ 4434050, 3092450 ], [ 4435050, 3092450 ], [ 4435150, 3092450 ], [ 4435250, 3092450 ], [ 4435350, 3092450 ], [ 4431550, 3092550 ], [ 4431850, 3092550 ], [ 4432450, 3092550 ], [ 4432550, 3092550 ], [ 4432650, 3092550 ], [ 4432750, 3092550 ], [ 4433450, 3092550 ], [ 4433550, 3092550 ], [ 4433850, 3092550 ], [ 4434150, 3092550 ], [ 4434350, 3092550 ], [ 4434450, 3092550 ], [ 4434750, 3092550 ], [ 4431250, 3092650 ], [ 4431850, 3092650 ], [ 4432450, 3092650 ], [ 4432550, 3092650 ], [ 4432650, 3092650 ], [ 4432750, 3092650 ], [ 4432850, 3092650 ], [ 4434150, 3092650 ], [ 4434550, 3092650 ], [ 4434650, 3092650 ], [ 4434950, 3092650 ], [ 4431950, 3092750 ], [ 4432150, 3092750 ], [ 4432450, 3092750 ], [ 4432550, 3092750 ], [ 4432650, 3092750 ], [ 4432750, 3092750 ], [ 4432850, 3092750 ], [ 4432950, 3092750 ], [ 4433050, 3092750 ], [ 4433450, 3092750 ], [ 4432450, 3092850 ], [ 4432550, 3092850 ], [ 4432650, 3092850 ], [ 4432750, 3092850 ], [ 4432850, 3092850 ], [ 4433050, 3092850 ], [ 4433150, 3092850 ], [ 4432550, 3092950 ], [ 4432650, 3092950 ], [ 4432750, 3092950 ], [ 4432850, 3092950 ], [ 4432950, 3092950 ], [ 4432550, 3093050 ], [ 4432750, 3093050 ], [ 4432850, 3093050 ], [ 4432950, 3093050 ], [ 4433050, 3093050 ], [ 4432750, 3093150 ], [ 4432850, 3093150 ], [ 4432950, 3093150 ], [ 4432750, 3093250 ], [ 4432850, 3093250 ], [ 4432950, 3093250 ], [ 4433050, 3093250 ], [ 4432350, 3093350 ], [ 4432850, 3093350 ], [ 4432950, 3093350 ], [ 4433050, 3093350 ], [ 4432850, 3093450 ], [ 4432950, 3093450 ], [ 4433050, 3093450 ], [ 4433150, 3093450 ], [ 4432950, 3093550 ], [ 4433050, 3093550 ], [ 4433150, 3093550 ], [ 4432950, 3093650 ], [ 4433050, 3093650 ], [ 4433150, 3093650 ], [ 4433250, 3093650 ], [ 4433350, 3093650 ], [ 4432950, 3093750 ], [ 4433050, 3093750 ], [ 4433150, 3093750 ], [ 4433250, 3093750 ], [ 4433350, 3093750 ], [ 4432950, 3093850 ], [ 4433050, 3093850 ], [ 4433150, 3093850 ], [ 4433250, 3093850 ], [ 4433350, 3093850 ], [ 4433650, 3093850 ], [ 4433050, 3093950 ], [ 4433150, 3093950 ], [ 4433250, 3093950 ], [ 4433350, 3093950 ], [ 4433450, 3093950 ], [ 4433550, 3093950 ], [ 4433650, 3093950 ], [ 4433050, 3094050 ], [ 4433250, 3094050 ], [ 4433450, 3094050 ], [ 4433550, 3094050 ], [ 4433650, 3094050 ], [ 4432950, 3094150 ], [ 4433150, 3094150 ], [ 4433450, 3094150 ], [ 4433550, 3094150 ], [ 4433650, 3094150 ], [ 4433750, 3094150 ], [ 4433850, 3094150 ], [ 4433950, 3094150 ], [ 4433150, 3094250 ], [ 4433250, 3094250 ], [ 4433350, 3094250 ], [ 4433450, 3094250 ], [ 4433550, 3094250 ], [ 4433650, 3094250 ], [ 4433750, 3094250 ], [ 4433850, 3094250 ], [ 4433150, 3094350 ], [ 4433250, 3094350 ], [ 4433350, 3094350 ], [ 4433450, 3094350 ], [ 4433550, 3094350 ], [ 4433650, 3094350 ], [ 4433750, 3094350 ], [ 4433850, 3094350 ], [ 4433950, 3094350 ], [ 4434050, 3094350 ], [ 4433150, 3094450 ], [ 4433250, 3094450 ], [ 4433350, 3094450 ], [ 4433450, 3094450 ], [ 4433550, 3094450 ], [ 4433650, 3094450 ], [ 4433750, 3094450 ], [ 4433850, 3094450 ], [ 4433950, 3094450 ], [ 4434050, 3094450 ], [ 4434150, 3094450 ], [ 4433250, 3094550 ], [ 4433350, 3094550 ], [ 4433450, 3094550 ], [ 4433550, 3094550 ], [ 4433650, 3094550 ], [ 4433750, 3094550 ], [ 4433850, 3094550 ], [ 4433950, 3094550 ], [ 4434050, 3094550 ], [ 4434250, 3094550 ], [ 4433250, 3094650 ], [ 4433350, 3094650 ], [ 4433450, 3094650 ], [ 4433550, 3094650 ], [ 4433650, 3094650 ], [ 4433750, 3094650 ], [ 4433850, 3094650 ], [ 4433950, 3094650 ], [ 4434450, 3094650 ], [ 4433450, 3094750 ], [ 4433550, 3094750 ], [ 4433650, 3094750 ], [ 4433750, 3094750 ], [ 4433850, 3094750 ], [ 4433950, 3094750 ], [ 4433650, 3094850 ], [ 4433750, 3094850 ], [ 4433850, 3094850 ], [ 4433950, 3094850 ], [ 4434350, 3094850 ], [ 4433750, 3094950 ], [ 4433950, 3094950 ], [ 4434050, 3094950 ], [ 4434450, 3094950 ], [ 4433750, 3095050 ], [ 4434450, 3095050 ], [ 4434550, 3095050 ], [ 4434350, 3095150 ], [ 4434450, 3095150 ], [ 4434450, 3095250 ], [ 4434350, 3095350 ], [ 4434650, 3095350 ], [ 4434350, 3095450 ], [ 4434550, 3095550 ], [ 4434650, 3095550 ], [ 4434750, 3095550 ], [ 4434850, 3095550 ], [ 4434350, 3095650 ], [ 4434650, 3095650 ], [ 4434750, 3095650 ], [ 4434850, 3095650 ], [ 4435150, 3095650 ], [ 4434750, 3095750 ], [ 4434850, 3095750 ], [ 4434950, 3096250 ], [ 4435150, 3096250 ], [ 4434850, 3096350 ], [ 4435150, 3096350 ], [ 4435250, 3096450 ], [ 4435250, 3096650 ], [ 4435350, 3096650 ] ] }, "geometry": { "type": "Polygon", "coordinates": [ [ [ 4431250.0, 3089050.0 ], [ 4431550.0, 3089050.0 ], [ 4431550.0, 3089150.0 ], [ 4431550.0, 3089250.0 ], [ 4431650.0, 3089250.0 ], [ 4431650.0, 3089350.0 ], [ 4431450.0, 3089450.0 ], [ 4431150.0, 3089550.0 ], [ 4431150.0, 3089950.0 ], [ 4430650.0, 3090050.0 ], [ 4430650.0, 3090250.0 ], [ 4430650.0, 3090350.0 ], [ 4430850.0, 3091050.0 ], [ 4431450.0, 3091350.0 ], [ 4431450.0, 3091450.0 ], [ 4431350.0, 3091450.0 ], [ 4431150.0, 3091550.0 ], [ 4431350.0, 3091650.0 ], [ 4431350.0, 3091850.0 ], [ 4431250.0, 3091850.0 ], [ 4431250.0, 3091950.0 ], [ 4431450.0, 3092150.0 ], [ 4431450.0, 3092350.0 ], [ 4431350.0, 3092350.0 ], [ 4431250.0, 3092350.0 ], [ 4431150.0, 3092350.0 ], [ 4430950.0, 3092450.0 ], [ 4431350.0, 3092450.0 ], [ 4431250.0, 3092650.0 ], [ 4431550.0, 3092550.0 ], [ 4431850.0, 3092550.0 ], [ 4431850.0, 3092650.0 ], [ 4431950.0, 3092750.0 ], [ 4432150.0, 3092750.0 ], [ 4432450.0, 3092750.0 ], [ 4432450.0, 3092850.0 ], [ 4432550.0, 3092850.0 ], [ 4432550.0, 3092950.0 ], [ 4432550.0, 3093050.0 ], [ 4432350.0, 3093350.0 ], [ 4432750.0, 3093250.0 ], [ 4432850.0, 3093250.0 ], [ 4432850.0, 3093350.0 ], [ 4432850.0, 3093450.0 ], [ 4432950.0, 3093450.0 ], [ 4432950.0, 3093550.0 ], [ 4432950.0, 3093650.0 ], [ 4432950.0, 3093750.0 ], [ 4432950.0, 3093850.0 ], [ 4433050.0, 3093850.0 ], [ 4433050.0, 3093950.0 ], [ 4433050.0, 3094050.0 ], [ 4432950.0, 3094150.0 ], [ 4433150.0, 3094150.0 ], [ 4433150.0, 3094250.0 ], [ 4433150.0, 3094350.0 ], [ 4433150.0, 3094450.0 ], [ 4433250.0, 3094450.0 ], [ 4433250.0, 3094550.0 ], [ 4433250.0, 3094650.0 ], [ 4433350.0, 3094650.0 ], [ 4433450.0, 3094650.0 ], [ 4433450.0, 3094750.0 ], [ 4433550.0, 3094750.0 ], [ 4433650.0, 3094750.0 ], [ 4433650.0, 3094850.0 ], [ 4433750.0, 3094850.0 ], [ 4433750.0, 3094950.0 ], [ 4433750.0, 3095050.0 ], [ 4433850.0, 3094850.0 ], [ 4433950.0, 3094850.0 ], [ 4433950.0, 3094950.0 ], [ 4434050.0, 3094950.0 ], [ 4434350.0, 3095150.0 ], [ 4434350.0, 3095350.0 ], [ 4434350.0, 3095450.0 ], [ 4434350.0, 3095650.0 ], [ 4434550.0, 3095550.0 ], [ 4434650.0, 3095650.0 ], [ 4434750.0, 3095650.0 ], [ 4434750.0, 3095750.0 ], [ 4434850.0, 3095750.0 ], [ 4434850.0, 3096350.0 ], [ 4434950.0, 3096250.0 ], [ 4435150.0, 3096250.0 ], [ 4435150.0, 3096350.0 ], [ 4435250.0, 3096650.0 ], [ 4435350.0, 3096650.0 ], [ 4435250.0, 3096450.0 ], [ 4435150.0, 3095650.0 ], [ 4434850.0, 3095650.0 ], [ 4434850.0, 3095550.0 ], [ 4434750.0, 3095550.0 ], [ 4434650.0, 3095550.0 ], [ 4434650.0, 3095350.0 ], [ 4434450.0, 3095250.0 ], [ 4434450.0, 3095150.0 ], [ 4434550.0, 3095050.0 ], [ 4434450.0, 3094950.0 ], [ 4434350.0, 3094850.0 ], [ 4434450.0, 3094650.0 ], [ 4434250.0, 3094550.0 ], [ 4434150.0, 3094450.0 ], [ 4434050.0, 3094450.0 ], [ 4434050.0, 3094350.0 ], [ 4433950.0, 3094350.0 ], [ 4433850.0, 3094350.0 ], [ 4433850.0, 3094250.0 ], [ 4433850.0, 3094150.0 ], [ 4433950.0, 3094150.0 ], [ 4433650.0, 3094050.0 ], [ 4433650.0, 3093950.0 ], [ 4433650.0, 3093850.0 ], [ 4433550.0, 3093950.0 ], [ 4433450.0, 3093950.0 ], [ 4433350.0, 3093950.0 ], [ 4433350.0, 3093850.0 ], [ 4433350.0, 3093750.0 ], [ 4433350.0, 3093650.0 ], [ 4433250.0, 3093650.0 ], [ 4433150.0, 3093650.0 ], [ 4433150.0, 3093550.0 ], [ 4433150.0, 3093450.0 ], [ 4433050.0, 3093450.0 ], [ 4433050.0, 3093350.0 ], [ 4433050.0, 3093250.0 ], [ 4432950.0, 3093250.0 ], [ 4432950.0, 3093150.0 ], [ 4432950.0, 3093050.0 ], [ 4433050.0, 3093050.0 ], [ 4433050.0, 3092850.0 ], [ 4433150.0, 3092850.0 ], [ 4433450.0, 3092750.0 ], [ 4433450.0, 3092550.0 ], [ 4433550.0, 3092550.0 ], [ 4433850.0, 3092550.0 ], [ 4434150.0, 3092650.0 ], [ 4434450.0, 3092550.0 ], [ 4434550.0, 3092650.0 ], [ 4434650.0, 3092650.0 ], [ 4434750.0, 3092550.0 ], [ 4434950.0, 3092650.0 ], [ 4435050.0, 3092450.0 ], [ 4435150.0, 3092450.0 ], [ 4435250.0, 3092450.0 ], [ 4435250.0, 3092350.0 ], [ 4435250.0, 3092250.0 ], [ 4435350.0, 3092150.0 ], [ 4435150.0, 3091950.0 ], [ 4435050.0, 3092150.0 ], [ 4434950.0, 3092150.0 ], [ 4434950.0, 3092050.0 ], [ 4434850.0, 3092050.0 ], [ 4434650.0, 3092050.0 ], [ 4434650.0, 3092150.0 ], [ 4434550.0, 3092150.0 ], [ 4434450.0, 3092250.0 ], [ 4434450.0, 3092350.0 ], [ 4434350.0, 3092550.0 ], [ 4434150.0, 3092550.0 ], [ 4434050.0, 3092450.0 ], [ 4433850.0, 3092450.0 ], [ 4433850.0, 3092350.0 ], [ 4433750.0, 3092350.0 ], [ 4433750.0, 3092250.0 ], [ 4433650.0, 3092250.0 ], [ 4433650.0, 3092050.0 ], [ 4433750.0, 3091750.0 ], [ 4434050.0, 3091250.0 ], [ 4434050.0, 3091150.0 ], [ 4433550.0, 3091650.0 ], [ 4433350.0, 3091350.0 ], [ 4433350.0, 3091250.0 ], [ 4433250.0, 3091350.0 ], [ 4432950.0, 3091350.0 ], [ 4432950.0, 3091150.0 ], [ 4432850.0, 3091750.0 ], [ 4432750.0, 3091750.0 ], [ 4432650.0, 3091750.0 ], [ 4432550.0, 3091750.0 ], [ 4432450.0, 3091750.0 ], [ 4432450.0, 3091650.0 ], [ 4432450.0, 3091550.0 ], [ 4432350.0, 3091550.0 ], [ 4432250.0, 3091350.0 ], [ 4432150.0, 3091350.0 ], [ 4432150.0, 3091150.0 ], [ 4432050.0, 3090850.0 ], [ 4431950.0, 3090650.0 ], [ 4431850.0, 3090650.0 ], [ 4431850.0, 3090450.0 ], [ 4431750.0, 3090250.0 ], [ 4431550.0, 3090250.0 ], [ 4431650.0, 3089650.0 ], [ 4431950.0, 3089650.0 ], [ 4431950.0, 3089450.0 ], [ 4432050.0, 3089250.0 ], [ 4432250.0, 3089150.0 ], [ 4432250.0, 3088950.0 ], [ 4431950.0, 3088950.0 ], [ 4431950.0, 3088850.0 ], [ 4431950.0, 3088750.0 ], [ 4431950.0, 3088650.0 ], [ 4432050.0, 3088650.0 ], [ 4432050.0, 3088550.0 ], [ 4432150.0, 3088550.0 ], [ 4432150.0, 3088450.0 ], [ 4432250.0, 3088450.0 ], [ 4432250.0, 3088350.0 ], [ 4432450.0, 3088250.0 ], [ 4432950.0, 3088550.0 ], [ 4433250.0, 3088450.0 ], [ 4433250.0, 3088350.0 ], [ 4432950.0, 3088450.0 ], [ 4432750.0, 3088150.0 ], [ 4432450.0, 3088150.0 ], [ 4432350.0, 3088050.0 ], [ 4432350.0, 3087950.0 ], [ 4432350.0, 3087850.0 ], [ 4432250.0, 3087850.0 ], [ 4432250.0, 3087750.0 ], [ 4432250.0, 3087650.0 ], [ 4432150.0, 3087750.0 ], [ 4432050.0, 3087750.0 ], [ 4432050.0, 3087850.0 ], [ 4431950.0, 3087850.0 ], [ 4431850.0, 3087850.0 ], [ 4431850.0, 3088050.0 ], [ 4431950.0, 3088050.0 ], [ 4432050.0, 3088050.0 ], [ 4432050.0, 3088150.0 ], [ 4432050.0, 3088250.0 ], [ 4431950.0, 3088250.0 ], [ 4431950.0, 3088350.0 ], [ 4431850.0, 3088350.0 ], [ 4431750.0, 3088350.0 ], [ 4431650.0, 3088350.0 ], [ 4431650.0, 3088450.0 ], [ 4431550.0, 3088450.0 ], [ 4431550.0, 3088550.0 ], [ 4431450.0, 3088550.0 ], [ 4431450.0, 3088650.0 ], [ 4431450.0, 3088750.0 ], [ 4431450.0, 3088850.0 ], [ 4431250.0, 3088850.0 ], [ 4431250.0, 3088950.0 ], [ 4431250.0, 3089050.0 ] ] ] } },
{ "type": "Feature", "properties": { "ID": "Jena_160530000_c4", "GEN": "Jena", "ARS": "160530000", "LAN": "Thüringen", "area": 0.115, "centroid": "POINT (4437289.130435 3092089.130435)", "DH_demand": 134.90948838607792, "total_demand_cells": 1272.7331237792969, "total_demand_area": 3706.604736328125, "share_DH": 6.1570733822677299, "heat_density_DH": 1.1731259859658951, "heat_density": 32.231345533288049, "DH_supplied_households": 19.0, "DH_cells": [ [ 4437050, 3091750 ], [ 4436950, 3091850 ], [ 4437050, 3091950 ], [ 4437550, 3092250 ], [ 4437450, 3092350 ], [ 4437650, 3092450 ] ] }, "geometry": { "type": "Polygon", "coordinates": [ [ [ 4436950.0, 3091850.0 ], [ 4437050.0, 3091950.0 ], [ 4437450.0, 3092350.0 ], [ 4437650.0, 3092450.0 ], [ 4437550.0, 3092250.0 ], [ 4437050.0, 3091750.0 ], [ 4436950.0, 3091850.0 ] ] ] } },
{ "type": "Feature", "properties": { "ID": "Jena_160530000_c5", "GEN": "Jena", "ARS": "160530000", "LAN": "Thüringen", "area": 0.04, "centroid": "POINT (4427700 3091983.333333)", "DH_demand": 147.8702696711276, "total_demand_cells": 675.98148727416992, "total_demand_area": 720.819580078125, "share_DH": 34.702630852362184, "heat_density_DH": 3.6967567417781901, "heat_density": 18.020489501953126, "DH_supplied_households": 18.0, "DH_cells": [ [ 4427650, 3091850 ], [ 4427650, 3091950 ], [ 4427850, 3091950 ], [ 4427450, 3092050 ], [ 4427750, 3092050 ], [ 4427850, 3092050 ] ] }, "geometry": { "type": "Polygon", "coordinates": [ [ [ 4427650.0, 3091950.0 ], [ 4427450.0, 3092050.0 ], [ 4427750.0, 3092050.0 ], [ 4427850.0, 3092050.0 ], [ 4427850.0, 3091950.0 ], [ 4427650.0, 3091850.0 ], [ 4427650.0, 3091950.0 ] ] ] } },
{ "type": "Feature", "properties": { "ID": "Jena_160530000_c6", "GEN": "Jena", "ARS": "160530000", "LAN": "Thüringen", "area": 0.035, "centroid": "POINT (4430616.666667 3094540.47619)", "DH_demand": 454.42063884831794, "total_demand_cells": 2686.5070571899414, "total_demand_area": 3919.40576171875, "share_DH": 19.613085967089212, "heat_density_DH": 12.983446824237658, "heat_density": 111.98302176339288, "DH_supplied_households": 112.0, "DH_cells": [ [ 4430750, 3094350 ], [ 4430850, 3094350 ], [ 4430750, 3094450 ], [ 4430350, 3094550 ], [ 4430550, 3094550 ], [ 4430650, 3094550 ], [ 4430450, 3094650 ], [ 4430650, 3094650 ], [ 4430650, 3094750 ] ] }, "geometry": { "type": "MultiPolygon", "coordinates": [ [ [ [ 4430650.0, 3094750.0 ], [ 4430650.0, 3094650.0 ], [ 4430750.0, 3094450.0 ], [ 4430850.0, 3094350.0 ], [ 4430750.0, 3094350.0 ], [ 4430650.0, 3094550.0 ], [ 4430550.0, 3094550.0 ], [ 4430650.0, 3094750.0 ] ] ], [ [ [ 4430450.0, 3094650.0 ], [ 4430550.0, 3094550.0 ], [ 4430350.0, 3094550.0 ], [ 4430450.0, 3094650.0 ] ] ] ] } },
{ "type": "Feature", "properties": { "ID": "Jena_160530000_c8", "GEN": "Jena", "ARS": "160530000", "LAN": "Thüringen", "area": 0.105, "centroid": "POINT (4427873.809524 3095535.714286)", "DH_demand": 393.78366715902058, "total_demand_cells": 943.48648071289062, "total_demand_area": 4027.409912109375, "share_DH": 16.540170239368756, "heat_density_DH": 3.7503206396097197, "heat_density": 38.356284877232142, "DH_supplied_households": 20.0, "DH_cells": [ [ 4427950, 3095350 ], [ 4427650, 3095450 ], [ 4427750, 3095550 ], [ 4428050, 3095550 ], [ 4427650, 3095650 ], [ 4428250, 3095650 ] ] }, "geometry": { "type": "Polygon", "coordinates": [ [ [ 4427650.0, 3095450.0 ], [ 4427650.0, 3095650.0 ], [ 4428250.0, 3095650.0 ], [ 4428050.0, 3095550.0 ], [ 4427950.0, 3095350.0 ], [ 4427650.0, 3095450.0 ] ] ] } },
{ "type": "Feature", "properties": { "ID": "Suhl_160540000_c1", "GEN": "Suhl", "ARS": "160540000", "LAN": "Thüringen", "area": 8.375, "centroid": "POINT (4369061.820896 3055657.144279)", "DH_demand": 30323.511111876385, "total_demand_cells": 73929.179589033127, "total_demand_area": 191374.90625, "share_DH": 26.804184949772413, "heat_density_DH": 3.6207177447016581, "heat_density": 22.850735074626865, "DH_supplied_households": 9039.0, "DH_cells": [ [ 4369950, 3053750 ], [ 4369750, 3053950 ], [ 4369650, 3054050 ], [ 4367850, 3054250 ], [ 4369750, 3054250 ], [ 4367550, 3054350 ], [ 4369850, 3054350 ], [ 4369950, 3054350 ], [ 4366850, 3054450 ], [ 4367350, 3054450 ], [ 4367750, 3054450 ], [ 4367850, 3054450 ], [ 4367950, 3054450 ], [ 4368050, 3054450 ], [ 4368150, 3054450 ], [ 4366850, 3054550 ], [ 4367050, 3054550 ], [ 4367150, 3054550 ], [ 4367350, 3054550 ], [ 4368050, 3054550 ], [ 4368150, 3054550 ], [ 4368250, 3054550 ], [ 4368350, 3054550 ], [ 4368650, 3054550 ], [ 4370050, 3054550 ], [ 4367350, 3054650 ], [ 4368250, 3054650 ], [ 4368350, 3054650 ], [ 4368450, 3054650 ], [ 4368550, 3054650 ], [ 4370750, 3054650 ], [ 4371050, 3054650 ], [ 4366350, 3054750 ], [ 4367450, 3054750 ], [ 4368550, 3054750 ], [ 4369450, 3054750 ], [ 4370650, 3054750 ], [ 4371050, 3054750 ], [ 4368650, 3054850 ], [ 4370750, 3054850 ], [ 4369150, 3054950 ], [ 4371250, 3054950 ], [ 4367750, 3055050 ], [ 4368050, 3055050 ], [ 4369050, 3055050 ], [ 4369450, 3055050 ], [ 4369650, 3055050 ], [ 4367950, 3055150 ], [ 4368650, 3055150 ], [ 4368950, 3055150 ], [ 4369050, 3055150 ], [ 4369150, 3055150 ], [ 4369250, 3055150 ], [ 4369350, 3055150 ], [ 4369550, 3055150 ], [ 4369850, 3055150 ], [ 4370950, 3055150 ], [ 4368950, 3055250 ], [ 4369050, 3055250 ], [ 4369150, 3055250 ], [ 4369250, 3055250 ], [ 4369450, 3055250 ], [ 4369550, 3055250 ], [ 4369650, 3055250 ], [ 4369850, 3055250 ], [ 4370150, 3055250 ], [ 4370250, 3055250 ], [ 4370850, 3055250 ], [ 4371050, 3055250 ], [ 4368350, 3055350 ], [ 4368450, 3055350 ], [ 4368550, 3055350 ], [ 4369050, 3055350 ], [ 4369150, 3055350 ], [ 4369250, 3055350 ], [ 4369450, 3055350 ], [ 4369850, 3055350 ], [ 4369950, 3055350 ], [ 4370050, 3055350 ], [ 4370150, 3055350 ], [ 4370250, 3055350 ], [ 4370550, 3055350 ], [ 4368150, 3055450 ], [ 4368850, 3055450 ], [ 4368950, 3055450 ], [ 4369850, 3055450 ], [ 4369950, 3055450 ], [ 4370050, 3055450 ], [ 4370150, 3055450 ], [ 4370250, 3055450 ], [ 4370850, 3055450 ], [ 4368450, 3055550 ], [ 4368950, 3055550 ], [ 4369250, 3055550 ], [ 4369650, 3055550 ], [ 4369950, 3055550 ], [ 4370050, 3055550 ], [ 4370150, 3055550 ], [ 4370250, 3055550 ], [ 4370850, 3055550 ], [ 4371050, 3055550 ], [ 4371150, 3055550 ], [ 4371250, 3055550 ], [ 4371350, 3055550 ], [ 4367950, 3055650 ], [ 4368050, 3055650 ], [ 4368350, 3055650 ], [ 4368450, 3055650 ], [ 4369050, 3055650 ], [ 4369150, 3055650 ], [ 4369250, 3055650 ], [ 4370050, 3055650 ], [ 4370150, 3055650 ], [ 4370750, 3055650 ], [ 4370850, 3055650 ], [ 4370950, 3055650 ], [ 4371050, 3055650 ], [ 4371150, 3055650 ], [ 4371250, 3055650 ], [ 4371350, 3055650 ], [ 4371450, 3055650 ], [ 4368150, 3055750 ], [ 4369750, 3055750 ], [ 4369850, 3055750 ], [ 4369950, 3055750 ], [ 4370050, 3055750 ], [ 4370150, 3055750 ], [ 4370350, 3055750 ], [ 4370750, 3055750 ], [ 4370850, 3055750 ], [ 4370950, 3055750 ], [ 4371050, 3055750 ], [ 4371250, 3055750 ], [ 4371350, 3055750 ], [ 4371450, 3055750 ], [ 4368750, 3055850 ], [ 4370150, 3055850 ], [ 4370350, 3055850 ], [ 4370450, 3055850 ], [ 4371250, 3055850 ], [ 4371350, 3055850 ], [ 4371550, 3055850 ], [ 4368450, 3055950 ], [ 4370150, 3055950 ], [ 4370250, 3055950 ], [ 4370350, 3055950 ], [ 4370550, 3055950 ], [ 4371250, 3055950 ], [ 4371350, 3055950 ], [ 4371450, 3055950 ], [ 4371550, 3055950 ], [ 4370250, 3056050 ], [ 4370350, 3056050 ], [ 4370550, 3056050 ], [ 4371050, 3056050 ], [ 4371150, 3056050 ], [ 4371450, 3056050 ], [ 4368050, 3056150 ], [ 4368450, 3056150 ], [ 4368650, 3056150 ], [ 4368850, 3056150 ], [ 4370350, 3056150 ], [ 4371250, 3056150 ], [ 4371350, 3056150 ], [ 4371450, 3056150 ], [ 4371550, 3056150 ], [ 4366950, 3056250 ], [ 4367250, 3056250 ], [ 4368050, 3056250 ], [ 4368350, 3056250 ], [ 4370550, 3056250 ], [ 4370850, 3056250 ], [ 4370950, 3056250 ], [ 4371050, 3056250 ], [ 4371150, 3056250 ], [ 4371250, 3056250 ], [ 4371350, 3056250 ], [ 4371450, 3056250 ], [ 4371550, 3056250 ], [ 4366750, 3056350 ], [ 4370150, 3056350 ], [ 4370450, 3056350 ], [ 4370950, 3056350 ], [ 4371050, 3056350 ], [ 4366150, 3056450 ], [ 4367750, 3056450 ], [ 4368350, 3056450 ], [ 4368750, 3056450 ], [ 4370650, 3056450 ], [ 4370950, 3056450 ], [ 4371050, 3056450 ], [ 4371150, 3056450 ], [ 4371450, 3056450 ], [ 4366350, 3056550 ], [ 4366450, 3056550 ], [ 4366550, 3056550 ], [ 4370450, 3056550 ], [ 4370950, 3056550 ], [ 4371050, 3056550 ], [ 4366050, 3056650 ], [ 4370450, 3056650 ], [ 4370550, 3056650 ], [ 4370950, 3056650 ], [ 4366450, 3056750 ], [ 4370650, 3056750 ], [ 4371050, 3056850 ], [ 4371150, 3056950 ], [ 4370550, 3057050 ], [ 4370850, 3057050 ], [ 4370950, 3057050 ], [ 4370550, 3057150 ], [ 4370650, 3057150 ], [ 4370850, 3057150 ], [ 4371350, 3057150 ], [ 4370650, 3057350 ], [ 4370850, 3057350 ], [ 4370750, 3057450 ], [ 4370450, 3057650 ], [ 4370550, 3057650 ], [ 4370550, 3057750 ], [ 4370650, 3057750 ], [ 4370750, 3057750 ], [ 4370950, 3057850 ], [ 4371250, 3057850 ], [ 4371350, 3057850 ], [ 4371050, 3057950 ], [ 4371150, 3057950 ], [ 4371250, 3057950 ], [ 4371350, 3057950 ], [ 4371250, 3058050 ], [ 4371350, 3058050 ], [ 4370250, 3058250 ], [ 4370550, 3058250 ], [ 4370650, 3058250 ], [ 4371350, 3058350 ], [ 4371450, 3058350 ], [ 4371450, 3058450 ] ] }, "geometry": { "type": "Polygon", "coordinates": [ [ [ 4366750.0, 3056350.0 ], [ 4366150.0, 3056450.0 ], [ 4366050.0, 3056650.0 ], [ 4366350.0, 3056550.0 ], [ 4366450.0, 3056550.0 ], [ 4366450.0, 3056750.0 ], [ 4366550.0, 3056550.0 ], [ 4366950.0, 3056250.0 ], [ 4367250.0, 3056250.0 ], [ 4367750.0, 3056450.0 ], [ 4368050.0, 3056250.0 ], [ 4368350.0, 3056250.0 ], [ 4368350.0, 3056450.0 ], [ 4368750.0, 3056450.0 ], [ 4368650.0, 3056150.0 ], [ 4368850.0, 3056150.0 ], [ 4368750.0, 3055850.0 ], [ 4368950.0, 3055550.0 ], [ 4369050.0, 3055650.0 ], [ 4369150.0, 3055650.0 ], [ 4369250.0, 3055650.0 ], [ 4369250.0, 3055550.0 ], [ 4369250.0, 3055350.0 ], [ 4369450.0, 3055350.0 ], [ 4369650.0, 3055550.0 ], [ 4369750.0, 3055750.0 ], [ 4369850.0, 3055750.0 ], [ 4369950.0, 3055750.0 ], [ 4370050.0, 3055750.0 ], [ 4370150.0, 3055750.0 ], [ 4370150.0, 3055850.0 ], [ 4370150.0, 3055950.0 ], [ 4370250.0, 3055950.0 ], [ 4370250.0, 3056050.0 ], [ 4370350.0, 3056050.0 ], [ 4370350.0, 3056150.0 ], [ 4370150.0, 3056350.0 ], [ 4370450.0, 3056350.0 ], [ 4370450.0, 3056550.0 ], [ 4370450.0, 3056650.0 ], [ 4370550.0, 3056650.0 ], [ 4370650.0, 3056750.0 ], [ 4370550.0, 3057050.0 ], [ 4370550.0, 3057150.0 ], [ 4370650.0, 3057150.0 ], [ 4370650.0, 3057350.0 ], [ 4370750.0, 3057450.0 ], [ 4370550.0, 3057650.0 ], [ 4370450.0, 3057650.0 ], [ 4370550.0, 3057750.0 ], [ 4370250.0, 3058250.0 ], [ 4370550.0, 3058250.0 ], [ 4370650.0, 3058250.0 ], [ 4370650.0, 3057750.0 ], [ 4370750.0, 3057750.0 ], [ 4370950.0, 3057850.0 ], [ 4371050.0, 3057950.0 ], [ 4371150.0, 3057950.0 ], [ 4371250.0, 3057950.0 ], [ 4371250.0, 3058050.0 ], [ 4371350.0, 3058050.0 ], [ 4371350.0, 3058350.0 ], [ 4371450.0, 3058450.0 ], [ 4371450.0, 3058350.0 ], [ 4371350.0, 3057950.0 ], [ 4371350.0, 3057850.0 ], [ 4371350.0, 3057150.0 ], [ 4371150.0, 3056950.0 ], [ 4371050.0, 3056850.0 ], [ 4370950.0, 3056650.0 ], [ 4370950.0, 3056550.0 ], [ 4371050.0, 3056550.0 ], [ 4371050.0, 3056450.0 ], [ 4371150.0, 3056450.0 ], [ 4371450.0, 3056450.0 ], [ 4371450.0, 3056250.0 ], [ 4371550.0, 3056250.0 ], [ 4371550.0, 3056150.0 ], [ 4371450.0, 3056150.0 ], [ 4371450.0, 3056050.0 ], [ 4371450.0, 3055950.0 ], [ 4371550.0, 3055950.0 ], [ 4371550.0, 3055850.0 ], [ 4371450.0, 3055750.0 ], [ 4371450.0, 3055650.0 ], [ 4371350.0, 3055650.0 ], [ 4371350.0, 3055550.0 ], [ 4371250.0, 3055550.0 ], [ 4371150.0, 3055550.0 ], [ 4371050.0, 3055550.0 ], [ 4371050.0, 3055250.0 ], [ 4370950.0, 3055150.0 ], [ 4371250.0, 3054950.0 ], [ 4371050.0, 3054750.0 ], [ 4371050.0, 3054650.0 ], [ 4370750.0, 3054650.0 ], [ 4370650.0, 3054750.0 ], [ 4370050.0, 3054550.0 ], [ 4369950.0, 3054350.0 ], [ 4369850.0, 3054350.0 ], [ 4369750.0, 3054250.0 ], [ 4369950.0, 3053750.0 ], [ 4369750.0, 3053950.0 ], [ 4369650.0, 3054050.0 ], [ 4369450.0, 3054750.0 ], [ 4369150.0, 3054950.0 ], [ 4369050.0, 3055050.0 ], [ 4369050.0, 3055150.0 ], [ 4368950.0, 3055150.0 ], [ 4368650.0, 3055150.0 ], [ 4368650.0, 3054850.0 ], [ 4368650.0, 3054550.0 ], [ 4368550.0, 3054650.0 ], [ 4368450.0, 3054650.0 ], [ 4368350.0, 3054650.0 ], [ 4368350.0, 3054550.0 ], [ 4368250.0, 3054550.0 ], [ 4368150.0, 3054550.0 ], [ 4368150.0, 3054450.0 ], [ 4368050.0, 3054450.0 ], [ 4367950.0, 3054450.0 ], [ 4367850.0, 3054250.0 ], [ 4367850.0, 3054450.0 ], [ 4367750.0, 3054450.0 ], [ 4367550.0, 3054350.0 ], [ 4367350.0, 3054450.0 ], [ 4367350.0, 3054550.0 ], [ 4367150.0, 3054550.0 ], [ 4367050.0, 3054550.0 ], [ 4366850.0, 3054450.0 ], [ 4366850.0, 3054550.0 ], [ 4366350.0, 3054750.0 ], [ 4366750.0, 3056350.0 ] ] ] } },
{ "type": "Feature", "properties": { "ID": "Suhl_160540000_c2", "GEN": "Suhl", "ARS": "160540000", "LAN": "Thüringen", "area": 0.105, "centroid": "POINT (4365348.412698 3054784.920635)", "DH_demand": 285.04361871644727, "total_demand_cells": 1002.1978378295898, "total_demand_area": 2036.74560546875, "share_DH": 23.674599763353378, "heat_density_DH": 2.714701130632831, "heat_density": 19.397577194940474, "DH_supplied_households": 48.0, "DH_cells": [ [ 4365250, 3054450 ], [ 4365450, 3054650 ], [ 4365550, 3054650 ], [ 4365250, 3054850 ], [ 4365250, 3055050 ], [ 4365350, 3055050 ], [ 4365350, 3055150 ] ] }, "geometry": { "type": "Polygon", "coordinates": [ [ [ 4365450.0, 3054650.0 ], [ 4365250.0, 3054450.0 ], [ 4365250.0, 3054850.0 ], [ 4365250.0, 3055050.0 ], [ 4365350.0, 3055150.0 ], [ 4365350.0, 3055050.0 ], [ 4365550.0, 3054650.0 ], [ 4365450.0, 3054650.0 ] ] ] } },
{ "type": "Feature", "properties": { "ID": "Suhl_160540000_c3", "GEN": "Suhl", "ARS": "160540000", "LAN": "Thüringen", "area": 0.18, "centroid": "POINT (4378477.777778 3055300)", "DH_demand": 228.68169267724878, "total_demand_cells": 1057.7990303039551, "total_demand_area": 5570.1845703125, "share_DH": 6.9449627859623, "heat_density_DH": 1.2704538482069376, "heat_density": 30.945469835069446, "DH_supplied_households": 25.0, "DH_cells": [ [ 4378750, 3054950 ], [ 4378350, 3055150 ], [ 4378450, 3055450 ], [ 4378650, 3055450 ], [ 4378150, 3055750 ] ] }, "geometry": { "type": "Polygon", "coordinates": [ [ [ 4378150.0, 3055750.0 ], [ 4378450.0, 3055450.0 ], [ 4378650.0, 3055450.0 ], [ 4378750.0, 3054950.0 ], [ 4378350.0, 3055150.0 ], [ 4378150.0, 3055750.0 ] ] ] } },
{ "type": "Feature", "properties": { "ID": "Suhl_160540000_c4", "GEN": "Suhl", "ARS": "160540000", "LAN": "Thüringen", "area": 0.24, "centroid": "POINT (4373671.527778 3057965.277778)", "DH_demand": 587.09668149014738, "total_demand_cells": 3781.1811141967773, "total_demand_area": 6680.77685546875, "share_DH": 14.865885045159372, "heat_density_DH": 2.4462361728756141, "heat_density": 27.83657023111979, "DH_supplied_households": 108.0, "DH_cells": [ [ 4373550, 3057550 ], [ 4373650, 3057650 ], [ 4373350, 3057750 ], [ 4373450, 3057750 ], [ 4373350, 3057850 ], [ 4373450, 3057850 ], [ 4373750, 3057850 ], [ 4373350, 3057950 ], [ 4373450, 3057950 ], [ 4373550, 3057950 ], [ 4373350, 3058050 ], [ 4373450, 3058050 ], [ 4373750, 3058050 ], [ 4373950, 3058050 ], [ 4373450, 3058150 ], [ 4373650, 3058150 ], [ 4374050, 3058150 ], [ 4374150, 3058250 ], [ 4374250, 3058450 ] ] }, "geometry": { "type": "Polygon", "coordinates": [ [ [ 4373450.0, 3057750.0 ], [ 4373350.0, 3057750.0 ], [ 4373350.0, 3057850.0 ], [ 4373350.0, 3057950.0 ], [ 4373350.0, 3058050.0 ], [ 4373450.0, 3058050.0 ], [ 4373450.0, 3058150.0 ], [ 4373650.0, 3058150.0 ], [ 4373750.0, 3058050.0 ], [ 4374250.0, 3058450.0 ], [ 4374150.0, 3058250.0 ], [ 4374050.0, 3058150.0 ], [ 4373950.0, 3058050.0 ], [ 4373750.0, 3057850.0 ], [ 4373650.0, 3057650.0 ], [ 4373550.0, 3057550.0 ], [ 4373450.0, 3057750.0 ] ] ] } },
{ "type": "Feature", "properties": { "ID": "Suhl_160540000_c5", "GEN": "Suhl", "ARS": "160540000", "LAN": "Thüringen", "area": 0.005, "centroid": "POINT (4372783.333333 3058616.666667)", "DH_demand": 155.59618703918221, "total_demand_cells": 677.68130493164062, "total_demand_area": 967.077880859375, "share_DH": 27.217335750890005, "heat_density_DH": 31.119237407836444, "heat_density": 193.41557617187499, "DH_supplied_households": 20.0, "DH_cells": [ [ 4372750, 3058550 ], [ 4372750, 3058650 ], [ 4372850, 3058650 ] ] }, "geometry": { "type": "Polygon", "coordinates": [ [ [ 4372750.0, 3058550.0 ], [ 4372750.0, 3058650.0 ], [ 4372850.0, 3058650.0 ], [ 4372750.0, 3058550.0 ] ] ] } },
{ "type": "Feature", "properties": { "ID": "Weimar_160550000_c0", "GEN": "Weimar", "ARS": "160550000", "LAN": "Thüringen", "area": 0.12, "centroid": "POINT (4412002.777778 3092130.555556)", "DH_demand": 146.90527186964496, "total_demand_cells": 1733.1799011230469, "total_demand_area": 5902.419921875, "share_DH": 4.2103227451538254, "heat_density_DH": 1.224210598913708, "heat_density": 49.186832682291666, "DH_supplied_households": 29.0, "DH_cells": [ [ 4411550, 3091950 ], [ 4411650, 3091950 ], [ 4411650, 3092050 ], [ 4412050, 3092050 ], [ 4412350, 3092150 ], [ 4412250, 3092350 ] ] }, "geometry": { "type": "Polygon", "coordinates": [ [ [ 4411550.0, 3091950.0 ], [ 4411650.0, 3092050.0 ], [ 4412250.0, 3092350.0 ], [ 4412350.0, 3092150.0 ], [ 4412050.0, 3092050.0 ], [ 4411650.0, 3091950.0 ], [ 4411550.0, 3091950.0 ] ] ] } },
{ "type": "Feature", "properties": { "ID": "Weimar_160550000_c2", "GEN": "Weimar", "ARS": "160550000", "LAN": "Thüringen", "area": 0.085, "centroid": "POINT (4418032.352941 3094244.117647)", "DH_demand": 200.38286408947857, "total_demand_cells": 1163.6917572021484, "total_demand_area": 3626.356689453125, "share_DH": 9.3475580582194162, "heat_density_DH": 2.3574454598762191, "heat_density": 42.663019875919126, "DH_supplied_households": 18.0, "DH_cells": [ [ 4417950, 3094050 ], [ 4417850, 3094150 ], [ 4418250, 3094250 ], [ 4418050, 3094350 ], [ 4418250, 3094350 ], [ 4417950, 3094450 ] ] }, "geometry": { "type": "Polygon", "coordinates": [ [ [ 4417850.0, 3094150.0 ], [ 4417950.0, 3094450.0 ], [ 4418050.0, 3094350.0 ], [ 4418250.0, 3094350.0 ], [ 4418250.0, 3094250.0 ], [ 4417950.0, 3094050.0 ], [ 4417850.0, 3094150.0 ] ] ] } },
{ "type": "Feature", "properties": { "ID": "Weimar_160550000_c3", "GEN": "Weimar", "ARS": "160550000", "LAN": "Thüringen", "area": 0.085, "centroid": "POINT (4411289.215686 3094781.372549)", "DH_demand": 267.05803593500036, "total_demand_cells": 1091.4747009277344, "total_demand_area": 2411.498291015625, "share_DH": 18.733839835767157, "heat_density_DH": 3.1418592462941226, "heat_density": 28.370568129595593, "DH_supplied_households": 22.0, "DH_cells": [ [ 4411150, 3094650 ], [ 4411250, 3094650 ], [ 4411350, 3094650 ], [ 4410950, 3094750 ], [ 4411250, 3094850 ], [ 4411350, 3094850 ], [ 4411650, 3095050 ] ] }, "geometry": { "type": "Polygon", "coordinates": [ [ [ 4410950.0, 3094750.0 ], [ 4411250.0, 3094850.0 ], [ 4411350.0, 3094850.0 ], [ 4411650.0, 3095050.0 ], [ 4411350.0, 3094650.0 ], [ 4411250.0, 3094650.0 ], [ 4411150.0, 3094650.0 ], [ 4410950.0, 3094750.0 ] ] ] } },
{ "type": "Feature", "properties": { "ID": "Weimar_160550000_c4", "GEN": "Weimar", "ARS": "160550000", "LAN": "Thüringen", "area": 6.64, "centroid": "POINT (4414016.214859 3097227.585341)", "DH_demand": 37199.980561596312, "total_demand_cells": 90890.066051006317, "total_demand_area": 280022.84375, "share_DH": 22.47280906575369, "heat_density_DH": 5.6024067110837823, "heat_density": 42.172115022590361, "DH_supplied_households": 7477.0, "DH_cells": [ [ 4413850, 3095350 ], [ 4413950, 3095350 ], [ 4414950, 3095350 ], [ 4416050, 3095450 ], [ 4416150, 3095450 ], [ 4413950, 3095550 ], [ 4414050, 3095550 ], [ 4416150, 3095550 ], [ 4414850, 3095650 ], [ 4415650, 3095650 ], [ 4416050, 3095650 ], [ 4416150, 3095650 ], [ 4415550, 3095750 ], [ 4415950, 3095750 ], [ 4416050, 3095750 ], [ 4414250, 3095850 ], [ 4415850, 3095850 ], [ 4413250, 3095950 ], [ 4414150, 3096050 ], [ 4414450, 3096050 ], [ 4415350, 3096050 ], [ 4414050, 3096150 ], [ 4415350, 3096250 ], [ 4415450, 3096250 ], [ 4415550, 3096250 ], [ 4413750, 3096350 ], [ 4415250, 3096350 ], [ 4415350, 3096350 ], [ 4415450, 3096350 ], [ 4412950, 3096450 ], [ 4413250, 3096450 ], [ 4414550, 3096450 ], [ 4415150, 3096450 ], [ 4415250, 3096450 ], [ 4415350, 3096450 ], [ 4415550, 3096450 ], [ 4413150, 3096550 ], [ 4415250, 3096550 ], [ 4413650, 3096750 ], [ 4415250, 3096850 ], [ 4413350, 3096950 ], [ 4413750, 3096950 ], [ 4413350, 3097050 ], [ 4415250, 3097050 ], [ 4414150, 3097150 ], [ 4415050, 3097150 ], [ 4413250, 3097350 ], [ 4413850, 3097350 ], [ 4414250, 3097350 ], [ 4414450, 3097350 ], [ 4415150, 3097350 ], [ 4413450, 3097450 ], [ 4414250, 3097450 ], [ 4415150, 3097450 ], [ 4413350, 3097550 ], [ 4413150, 3097650 ], [ 4413450, 3097650 ], [ 4414150, 3097650 ], [ 4414550, 3097650 ], [ 4415050, 3097650 ], [ 4412850, 3097750 ], [ 4412950, 3097750 ], [ 4414450, 3097750 ], [ 4414850, 3097750 ], [ 4413250, 3097850 ], [ 4413450, 3097850 ], [ 4414250, 3097850 ], [ 4412550, 3098050 ], [ 4412650, 3098050 ], [ 4412750, 3098050 ], [ 4412850, 3098050 ], [ 4412950, 3098050 ], [ 4412450, 3098150 ], [ 4412550, 3098150 ], [ 4412650, 3098150 ], [ 4412950, 3098150 ], [ 4413150, 3098150 ], [ 4413950, 3098150 ], [ 4414350, 3098150 ], [ 4412450, 3098250 ], [ 4412550, 3098250 ], [ 4412650, 3098250 ], [ 4412750, 3098250 ], [ 4412850, 3098250 ], [ 4412950, 3098250 ], [ 4413150, 3098250 ], [ 4414250, 3098250 ], [ 4412550, 3098350 ], [ 4412650, 3098350 ], [ 4412750, 3098350 ], [ 4412850, 3098350 ], [ 4412950, 3098350 ], [ 4413050, 3098350 ], [ 4413350, 3098350 ], [ 4413750, 3098350 ], [ 4413850, 3098350 ], [ 4414150, 3098350 ], [ 4414250, 3098350 ], [ 4414350, 3098350 ], [ 4412450, 3098450 ], [ 4412550, 3098450 ], [ 4412650, 3098450 ], [ 4412750, 3098450 ], [ 4412850, 3098450 ], [ 4412950, 3098450 ], [ 4413050, 3098450 ], [ 4413450, 3098450 ], [ 4413650, 3098450 ], [ 4414250, 3098450 ], [ 4412450, 3098550 ], [ 4412550, 3098550 ], [ 4412650, 3098550 ], [ 4412750, 3098550 ], [ 4412850, 3098550 ], [ 4412950, 3098550 ], [ 4413050, 3098550 ], [ 4413750, 3098550 ], [ 4413850, 3098550 ], [ 4414050, 3098550 ], [ 4414150, 3098550 ], [ 4414450, 3098750 ], [ 4412650, 3098950 ], [ 4412750, 3098950 ], [ 4412850, 3098950 ], [ 4412950, 3098950 ], [ 4413050, 3098950 ], [ 4413150, 3098950 ], [ 4413250, 3098950 ], [ 4412650, 3099050 ], [ 4412750, 3099050 ], [ 4412850, 3099050 ], [ 4412950, 3099050 ], [ 4413050, 3099050 ], [ 4413150, 3099050 ], [ 4413250, 3099050 ], [ 4413450, 3099050 ], [ 4413550, 3099050 ], [ 4413650, 3099050 ], [ 4412650, 3099150 ], [ 4412750, 3099150 ], [ 4412850, 3099150 ], [ 4412950, 3099150 ], [ 4413050, 3099150 ], [ 4413150, 3099150 ], [ 4413450, 3099150 ], [ 4413550, 3099150 ], [ 4413650, 3099150 ], [ 4413150, 3099250 ], [ 4413250, 3099250 ], [ 4413350, 3099250 ], [ 4413450, 3099250 ], [ 4413550, 3099250 ], [ 4413650, 3099250 ], [ 4412650, 3099350 ], [ 4412750, 3099350 ], [ 4413050, 3099350 ], [ 4413150, 3099350 ], [ 4413250, 3099350 ], [ 4413350, 3099350 ], [ 4413450, 3099350 ], [ 4413550, 3099350 ], [ 4413650, 3099350 ], [ 4412750, 3099450 ], [ 4412850, 3099450 ], [ 4413650, 3099450 ] ] }, "geometry": { "type": "Polygon", "coordinates": [ [ [ 4413350.0, 3096950.0 ], [ 4413350.0, 3097050.0 ], [ 4413250.0, 3097350.0 ], [ 4413450.0, 3097450.0 ], [ 4413350.0, 3097550.0 ], [ 4413150.0, 3097650.0 ], [ 4412950.0, 3097750.0 ], [ 4412850.0, 3097750.0 ], [ 4412850.0, 3098050.0 ], [ 4412750.0, 3098050.0 ], [ 4412650.0, 3098050.0 ], [ 4412550.0, 3098050.0 ], [ 4412550.0, 3098150.0 ], [ 4412450.0, 3098150.0 ], [ 4412450.0, 3098250.0 ], [ 4412550.0, 3098250.0 ], [ 4412550.0, 3098350.0 ], [ 4412550.0, 3098450.0 ], [ 4412450.0, 3098450.0 ], [ 4412450.0, 3098550.0 ], [ 4412550.0, 3098550.0 ], [ 4412650.0, 3098550.0 ], [ 4412650.0, 3098950.0 ], [ 4412650.0, 3099050.0 ], [ 4412650.0, 3099150.0 ], [ 4412650.0, 3099350.0 ], [ 4412750.0, 3099350.0 ], [ 4412750.0, 3099450.0 ], [ 4412850.0, 3099450.0 ], [ 4413050.0, 3099350.0 ], [ 4413150.0, 3099350.0 ], [ 4413250.0, 3099350.0 ], [ 4413350.0, 3099350.0 ], [ 4413450.0, 3099350.0 ], [ 4413550.0, 3099350.0 ], [ 4413650.0, 3099450.0 ], [ 4413650.0, 3099350.0 ], [ 4413650.0, 3099250.0 ], [ 4413650.0, 3099150.0 ], [ 4413650.0, 3099050.0 ], [ 4413750.0, 3098550.0 ], [ 4413850.0, 3098550.0 ], [ 4414050.0, 3098550.0 ], [ 4414150.0, 3098550.0 ], [ 4414450.0, 3098750.0 ], [ 4414250.0, 3098450.0 ], [ 4414250.0, 3098350.0 ], [ 4414350.0, 3098350.0 ], [ 4414350.0, 3098150.0 ], [ 4414250.0, 3097850.0 ], [ 4414450.0, 3097750.0 ], [ 4414550.0, 3097650.0 ], [ 4414850.0, 3097750.0 ], [ 4415050.0, 3097650.0 ], [ 4415150.0, 3097450.0 ], [ 4415150.0, 3097350.0 ], [ 4415050.0, 3097150.0 ], [ 4415250.0, 3097050.0 ], [ 4415250.0, 3096850.0 ], [ 4415250.0, 3096550.0 ], [ 4415250.0, 3096450.0 ], [ 4415350.0, 3096450.0 ], [ 4415550.0, 3096450.0 ], [ 4415550.0, 3096250.0 ], [ 4416050.0, 3095750.0 ], [ 4416150.0, 3095650.0 ], [ 4416150.0, 3095550.0 ], [ 4416150.0, 3095450.0 ], [ 4416050.0, 3095450.0 ], [ 4416050.0, 3095650.0 ], [ 4415950.0, 3095750.0 ], [ 4415850.0, 3095850.0 ], [ 4415650.0, 3095650.0 ], [ 4415550.0, 3095750.0 ], [ 4414950.0, 3095350.0 ], [ 4414850.0, 3095650.0 ], [ 4414450.0, 3096050.0 ], [ 4414250.0, 3095850.0 ], [ 4414050.0, 3095550.0 ], [ 4413950.0, 3095550.0 ], [ 4413950.0, 3095350.0 ], [ 4413850.0, 3095350.0 ], [ 4413250.0, 3095950.0 ], [ 4413250.0, 3096450.0 ], [ 4413150.0, 3096550.0 ], [ 4412950.0, 3096450.0 ], [ 4413350.0, 3096950.0 ] ] ] } },
{ "type": "Feature", "properties": { "ID": "Weimar_160550000_c5", "GEN": "Weimar", "ARS": "160550000", "LAN": "Thüringen", "area": 0.005, "centroid": "POINT (4415883.333333 3097250)", "DH_demand": 124.97107300428765, "total_demand_cells": 388.809814453125, "total_demand_area": 523.94677734375, "share_DH": 40.348782618091306, "heat_density_DH": 24.994214600857529, "heat_density": 104.78935546875, "DH_supplied_households": 42.0, "DH_cells": [ [ 4415850, 3097150 ], [ 4415850, 3097250 ], [ 4415950, 3097350 ] ] }, "geometry": { "type": "Polygon", "coordinates": [ [ [ 4415850.0, 3097150.0 ], [ 4415850.0, 3097250.0 ], [ 4415950.0, 3097350.0 ], [ 4415850.0, 3097150.0 ] ] ] } },
{ "type": "Feature", "properties": { "ID": "Weimar_160550000_c9", "GEN": "Weimar", "ARS": "160550000", "LAN": "Thüringen", "area": 0.47, "centroid": "POINT (4414737.943262 3101002.836879)", "DH_demand": 6520.9593047300432, "total_demand_cells": 16496.725651264191, "total_demand_area": 26013.103515625, "share_DH": 42.406011958676118, "heat_density_DH": 13.874381499425624, "heat_density": 55.347028756648939, "DH_supplied_households": 1248.0, "DH_cells": [ [ 4414550, 3100350 ], [ 4413950, 3100450 ], [ 4414450, 3100550 ], [ 4414450, 3100650 ], [ 4414550, 3100650 ], [ 4414550, 3100850 ], [ 4414650, 3100850 ], [ 4414350, 3100950 ], [ 4414450, 3100950 ], [ 4414750, 3100950 ], [ 4414950, 3100950 ], [ 4414250, 3101050 ], [ 4414350, 3101050 ], [ 4414450, 3101050 ], [ 4414950, 3101050 ], [ 4415050, 3101050 ], [ 4414250, 3101150 ], [ 4414350, 3101150 ], [ 4414450, 3101150 ], [ 4414550, 3101150 ], [ 4414650, 3101150 ], [ 4414750, 3101150 ], [ 4414950, 3101150 ], [ 4415650, 3101150 ], [ 4415850, 3101150 ], [ 4414550, 3101250 ], [ 4414650, 3101250 ], [ 4414750, 3101250 ], [ 4415250, 3101250 ], [ 4414550, 3101350 ], [ 4414650, 3101350 ], [ 4414750, 3101350 ], [ 4414850, 3101350 ], [ 4414950, 3101350 ], [ 4415050, 3101350 ], [ 4414950, 3101450 ], [ 4415050, 3101450 ] ] }, "geometry": { "type": "Polygon", "coordinates": [ [ [ 4413950.0, 3100450.0 ], [ 4414450.0, 3100650.0 ], [ 4414450.0, 3100950.0 ], [ 4414350.0, 3100950.0 ], [ 4414350.0, 3101050.0 ], [ 4414250.0, 3101050.0 ], [ 4414250.0, 3101150.0 ], [ 4414350.0, 3101150.0 ], [ 4414450.0, 3101150.0 ], [ 4414550.0, 3101150.0 ], [ 4414550.0, 3101250.0 ], [ 4414550.0, 3101350.0 ], [ 4414650.0, 3101350.0 ], [ 4414750.0, 3101350.0 ], [ 4414850.0, 3101350.0 ], [ 4414950.0, 3101350.0 ], [ 4414950.0, 3101450.0 ], [ 4415050.0, 3101450.0 ], [ 4415050.0, 3101350.0 ], [ 4415250.0, 3101250.0 ], [ 4415650.0, 3101150.0 ], [ 4415850.0, 3101150.0 ], [ 4415050.0, 3101050.0 ], [ 4414950.0, 3101050.0 ], [ 4414950.0, 3100950.0 ], [ 4414750.0, 3100950.0 ], [ 4414650.0, 3100850.0 ], [ 4414550.0, 3100850.0 ], [ 4414550.0, 3100650.0 ], [ 4414450.0, 3100550.0 ], [ 4414550.0, 3100350.0 ], [ 4413950.0, 3100450.0 ] ] ] } },
{ "type": "Feature", "properties": { "ID": "Heilbad Heiligenstadt_160610045_c0", "GEN": "Heilbad Heiligenstadt", "ARS": "160610045", "LAN": "Thüringen", "area": 2.775, "centroid": "POINT (4330461.471471 3140804.594595)", "DH_demand": 9124.9646322555527, "total_demand_cells": 31363.85188293457, "total_demand_area": 90420.4296875, "share_DH": 17.071541338845353, "heat_density_DH": 3.2882755431551542, "heat_density": 32.583938626126127, "DH_supplied_households": 1500.0, "DH_cells": [ [ 4329350, 3139650 ], [ 4329250, 3139750 ], [ 4329750, 3139750 ], [ 4329150, 3139850 ], [ 4329250, 3139850 ], [ 4329850, 3139950 ], [ 4330150, 3139950 ], [ 4329650, 3140050 ], [ 4330750, 3140050 ], [ 4331150, 3140050 ], [ 4329750, 3140150 ], [ 4330050, 3140150 ], [ 4330750, 3140150 ], [ 4330250, 3140250 ], [ 4330750, 3140250 ], [ 4331050, 3140250 ], [ 4331850, 3140250 ], [ 4329950, 3140350 ], [ 4330250, 3140350 ], [ 4330350, 3140350 ], [ 4331150, 3140350 ], [ 4331250, 3140350 ], [ 4331450, 3140350 ], [ 4329550, 3140450 ], [ 4330250, 3140450 ], [ 4331050, 3140450 ], [ 4329950, 3140550 ], [ 4330050, 3140550 ], [ 4330150, 3140550 ], [ 4330350, 3140550 ], [ 4330450, 3140550 ], [ 4330550, 3140550 ], [ 4330650, 3140550 ], [ 4329750, 3140650 ], [ 4330250, 3140650 ], [ 4330350, 3140650 ], [ 4330450, 3140650 ], [ 4330550, 3140650 ], [ 4330650, 3140650 ], [ 4330750, 3140650 ], [ 4330850, 3140650 ], [ 4330150, 3140750 ], [ 4330250, 3140750 ], [ 4330350, 3140750 ], [ 4330450, 3140750 ], [ 4330550, 3140750 ], [ 4330650, 3140750 ], [ 4330750, 3140750 ], [ 4330850, 3140750 ], [ 4331550, 3140750 ], [ 4329350, 3140850 ], [ 4329950, 3140850 ], [ 4330150, 3140850 ], [ 4330250, 3140850 ], [ 4330350, 3140850 ], [ 4330650, 3140850 ], [ 4330750, 3140850 ], [ 4330850, 3140850 ], [ 4329450, 3140950 ], [ 4330050, 3140950 ], [ 4330550, 3140950 ], [ 4330650, 3140950 ], [ 4330750, 3140950 ], [ 4329550, 3141050 ], [ 4330250, 3141050 ], [ 4330350, 3141050 ], [ 4330650, 3141050 ], [ 4329450, 3141150 ], [ 4329750, 3141150 ], [ 4331750, 3141150 ], [ 4329450, 3141250 ], [ 4329950, 3141250 ], [ 4331350, 3141250 ], [ 4329850, 3141350 ], [ 4329750, 3141450 ], [ 4330050, 3141450 ], [ 4330150, 3141450 ], [ 4330350, 3141450 ], [ 4330450, 3141450 ], [ 4330550, 3141450 ], [ 4330650, 3141450 ], [ 4330850, 3141450 ], [ 4330150, 3141550 ], [ 4330250, 3141550 ], [ 4330350, 3141550 ], [ 4330450, 3141550 ], [ 4330550, 3141550 ], [ 4330650, 3141550 ], [ 4330150, 3141650 ], [ 4330250, 3141650 ], [ 4330450, 3141650 ], [ 4330550, 3141650 ], [ 4329950, 3141750 ], [ 4330450, 3141750 ], [ 4330450, 3141850 ] ] }, "geometry": { "type": "Polygon", "coordinates": [ [ [ 4329250.0, 3139750.0 ], [ 4329150.0, 3139850.0 ], [ 4329250.0, 3139850.0 ], [ 4329650.0, 3140050.0 ], [ 4329750.0, 3140150.0 ], [ 4329550.0, 3140450.0 ], [ 4329750.0, 3140650.0 ], [ 4329350.0, 3140850.0 ], [ 4329450.0, 3140950.0 ], [ 4329550.0, 3141050.0 ], [ 4329450.0, 3141150.0 ], [ 4329450.0, 3141250.0 ], [ 4329750.0, 3141450.0 ], [ 4329950.0, 3141750.0 ], [ 4330150.0, 3141650.0 ], [ 4330250.0, 3141650.0 ], [ 4330450.0, 3141850.0 ], [ 4330450.0, 3141750.0 ], [ 4330450.0, 3141650.0 ], [ 4330550.0, 3141650.0 ], [ 4330550.0, 3141550.0 ], [ 4330650.0, 3141550.0 ], [ 4330650.0, 3141450.0 ], [ 4330850.0, 3141450.0 ], [ 4331350.0, 3141250.0 ], [ 4331750.0, 3141150.0 ], [ 4331550.0, 3140750.0 ], [ 4331850.0, 3140250.0 ], [ 4331450.0, 3140350.0 ], [ 4331250.0, 3140350.0 ], [ 4331150.0, 3140350.0 ], [ 4331050.0, 3140250.0 ], [ 4331150.0, 3140050.0 ], [ 4330750.0, 3140050.0 ], [ 4330750.0, 3140150.0 ], [ 4330750.0, 3140250.0 ], [ 4330650.0, 3140550.0 ], [ 4330550.0, 3140550.0 ], [ 4330450.0, 3140550.0 ], [ 4330350.0, 3140550.0 ], [ 4330350.0, 3140350.0 ], [ 4330250.0, 3140350.0 ], [ 4330250.0, 3140250.0 ], [ 4330050.0, 3140150.0 ], [ 4330150.0, 3139950.0 ], [ 4329850.0, 3139950.0 ], [ 4329750.0, 3139750.0 ], [ 4329350.0, 3139650.0 ], [ 4329250.0, 3139750.0 ] ] ] } },
{ "type": "Feature", "properties": { "ID": "Niederorschel_160610074_c0", "GEN": "Niederorschel", "ARS": "160610074", "LAN": "Thüringen", "area": 0.115, "centroid": "POINT (4351889.130435 3137371.73913)", "DH_demand": 147.83040586834153, "total_demand_cells": 786.15134048461914, "total_demand_area": 2704.19580078125, "share_DH": 9.2477002843083937, "heat_density_DH": 1.2854817901594917, "heat_density": 23.514746093750002, "DH_supplied_households": 21.0, "DH_cells": [ [ 4351750, 3137250 ], [ 4352150, 3137250 ], [ 4351450, 3137350 ], [ 4351550, 3137350 ], [ 4351850, 3137450 ], [ 4351850, 3137550 ], [ 4352050, 3137550 ] ] }, "geometry": { "type": "Polygon", "coordinates": [ [ [ 4351450.0, 3137350.0 ], [ 4351550.0, 3137350.0 ], [ 4351850.0, 3137450.0 ], [ 4351850.0, 3137550.0 ], [ 4352050.0, 3137550.0 ], [ 4352150.0, 3137250.0 ], [ 4351750.0, 3137250.0 ], [ 4351450.0, 3137350.0 ] ] ] } },
{ "type": "Feature", "properties": { "ID": "Niederorschel_160610074_c3", "GEN": "Niederorschel", "ARS": "160610074", "LAN": "Thüringen", "area": 0.025, "centroid": "POINT (4350043.333333 3140896.666667)", "DH_demand": 672.27170392626272, "total_demand_cells": 1307.0681610107422, "total_demand_area": 1307.068115234375, "share_DH": 87.007105741263715, "heat_density_DH": 26.890868157050512, "heat_density": 52.282724609375009, "DH_supplied_households": 273.0, "DH_cells": [ [ 4350150, 3140750 ], [ 4349950, 3140850 ], [ 4350050, 3140850 ], [ 4350150, 3140850 ], [ 4349950, 3140950 ], [ 4350050, 3140950 ], [ 4350050, 3141050 ] ] }, "geometry": { "type": "Polygon", "coordinates": [ [ [ 4350050.0, 3140850.0 ], [ 4349950.0, 3140850.0 ], [ 4349950.0, 3140950.0 ], [ 4350050.0, 3141050.0 ], [ 4350050.0, 3140950.0 ], [ 4350150.0, 3140850.0 ], [ 4350150.0, 3140750.0 ], [ 4350050.0, 3140850.0 ] ] ] } },
{ "type": "Feature", "properties": { "ID": "Leinefelde-Worbis_160610115_c1", "GEN": "Leinefelde-Worbis", "ARS": "160610115", "LAN": "Thüringen", "area": 1.265, "centroid": "POINT (4343458.959157 3141350.790514)", "DH_demand": 12889.249620512624, "total_demand_cells": 27050.15982156992, "total_demand_area": 47032.84765625, "share_DH": 46.359043934849659, "heat_density_DH": 10.189130134792588, "heat_density": 37.180116724308299, "DH_supplied_households": 3664.0, "DH_cells": [ [ 4343350, 3140550 ], [ 4343450, 3140550 ], [ 4343550, 3140550 ], [ 4343350, 3140650 ], [ 4343450, 3140650 ], [ 4343550, 3140650 ], [ 4343050, 3140750 ], [ 4343150, 3140750 ], [ 4343250, 3140750 ], [ 4343450, 3140750 ], [ 4343550, 3140750 ], [ 4343250, 3140850 ], [ 4343350, 3140850 ], [ 4343450, 3140850 ], [ 4343650, 3140850 ], [ 4343750, 3140850 ], [ 4343850, 3140850 ], [ 4343950, 3140850 ], [ 4344050, 3140850 ], [ 4343250, 3140950 ], [ 4343350, 3140950 ], [ 4343450, 3140950 ], [ 4343650, 3140950 ], [ 4343750, 3140950 ], [ 4343850, 3140950 ], [ 4343950, 3140950 ], [ 4342850, 3141050 ], [ 4342950, 3141050 ], [ 4343650, 3141050 ], [ 4343750, 3141050 ], [ 4343850, 3141050 ], [ 4344050, 3141050 ], [ 4343050, 3141150 ], [ 4343750, 3141150 ], [ 4343850, 3141150 ], [ 4343950, 3141150 ], [ 4343750, 3141250 ], [ 4343950, 3141250 ], [ 4342950, 3141350 ], [ 4343150, 3141350 ], [ 4343250, 3141350 ], [ 4343750, 3141350 ], [ 4343850, 3141350 ], [ 4343950, 3141350 ], [ 4342850, 3141450 ], [ 4343250, 3141450 ], [ 4343350, 3141450 ], [ 4343450, 3141450 ], [ 4343550, 3141450 ], [ 4343650, 3141450 ], [ 4343750, 3141450 ], [ 4342950, 3141550 ], [ 4343250, 3141550 ], [ 4343350, 3141550 ], [ 4343450, 3141550 ], [ 4343550, 3141550 ], [ 4343650, 3141550 ], [ 4343750, 3141550 ], [ 4344050, 3141550 ], [ 4343050, 3141650 ], [ 4343150, 3141650 ], [ 4343250, 3141650 ], [ 4343350, 3141650 ], [ 4343450, 3141650 ], [ 4343750, 3141650 ], [ 4342950, 3141750 ], [ 4343050, 3141750 ], [ 4343150, 3141750 ], [ 4343650, 3141750 ], [ 4343750, 3141750 ], [ 4343850, 3141750 ], [ 4344150, 3141750 ], [ 4342750, 3141850 ], [ 4343050, 3141850 ], [ 4343150, 3141850 ], [ 4343350, 3141850 ], [ 4343450, 3141850 ], [ 4343550, 3141850 ], [ 4343650, 3141850 ], [ 4343950, 3141850 ], [ 4342950, 3141950 ], [ 4343150, 3141950 ], [ 4343450, 3141950 ], [ 4343550, 3141950 ], [ 4343250, 3142050 ], [ 4343550, 3142050 ], [ 4344050, 3142050 ], [ 4343650, 3142250 ], [ 4343550, 3142350 ], [ 4343650, 3142450 ] ] }, "geometry": { "type": "Polygon", "coordinates": [ [ [ 4342950.0, 3141350.0 ], [ 4342850.0, 3141450.0 ], [ 4342950.0, 3141550.0 ], [ 4343050.0, 3141650.0 ], [ 4343050.0, 3141750.0 ], [ 4342950.0, 3141750.0 ], [ 4342750.0, 3141850.0 ], [ 4342950.0, 3141950.0 ], [ 4343050.0, 3141850.0 ], [ 4343150.0, 3141850.0 ], [ 4343150.0, 3141950.0 ], [ 4343250.0, 3142050.0 ], [ 4343350.0, 3141850.0 ], [ 4343450.0, 3141850.0 ], [ 4343450.0, 3141950.0 ], [ 4343550.0, 3142350.0 ], [ 4343650.0, 3142450.0 ], [ 4343650.0, 3142250.0 ], [ 4343550.0, 3142050.0 ], [ 4343550.0, 3141950.0 ], [ 4343550.0, 3141850.0 ], [ 4343650.0, 3141850.0 ], [ 4343650.0, 3141750.0 ], [ 4343750.0, 3141750.0 ], [ 4343850.0, 3141750.0 ], [ 4344050.0, 3142050.0 ], [ 4343950.0, 3141850.0 ], [ 4344150.0, 3141750.0 ], [ 4344050.0, 3141550.0 ], [ 4343950.0, 3141350.0 ], [ 4343950.0, 3141250.0 ], [ 4343950.0, 3141150.0 ], [ 4344050.0, 3141050.0 ], [ 4344050.0, 3140850.0 ], [ 4343950.0, 3140850.0 ], [ 4343850.0, 3140850.0 ], [ 4343750.0, 3140850.0 ], [ 4343650.0, 3140850.0 ], [ 4343550.0, 3140750.0 ], [ 4343550.0, 3140650.0 ], [ 4343550.0, 3140550.0 ], [ 4343450.0, 3140550.0 ], [ 4343350.0, 3140550.0 ], [ 4343350.0, 3140650.0 ], [ 4343250.0, 3140750.0 ], [ 4343150.0, 3140750.0 ], [ 4343050.0, 3140750.0 ], [ 4342950.0, 3141050.0 ], [ 4342850.0, 3141050.0 ], [ 4342950.0, 3141350.0 ] ] ] } },
{ "type": "Feature", "properties": { "ID": "Leinefelde-Worbis_160610115_c2", "GEN": "Leinefelde-Worbis", "ARS": "160610115", "LAN": "Thüringen", "area": 0.105, "centroid": "POINT (4344692.857143 3143845.238095)", "DH_demand": 399.81054029198043, "total_demand_cells": 1626.6808166503906, "total_demand_area": 3914.2548828125, "share_DH": 17.278786882492309, "heat_density_DH": 3.8077194313521945, "heat_density": 37.278617931547622, "DH_supplied_households": 28.0, "DH_cells": [ [ 4344550, 3143650 ], [ 4344650, 3143650 ], [ 4344550, 3143750 ], [ 4344750, 3143750 ], [ 4344850, 3143750 ], [ 4344950, 3143850 ], [ 4344650, 3143950 ], [ 4344950, 3143950 ], [ 4344450, 3144050 ] ] }, "geometry": { "type": "Polygon", "coordinates": [ [ [ 4344550.0, 3143750.0 ], [ 4344450.0, 3144050.0 ], [ 4344650.0, 3143950.0 ], [ 4344950.0, 3143950.0 ], [ 4344950.0, 3143850.0 ], [ 4344850.0, 3143750.0 ], [ 4344750.0, 3143750.0 ], [ 4344650.0, 3143650.0 ], [ 4344550.0, 3143650.0 ], [ 4344550.0, 3143750.0 ] ] ] } },
{ "type": "Feature", "properties": { "ID": "Leinefelde-Worbis_160610115_c3", "GEN": "Leinefelde-Worbis", "ARS": "160610115", "LAN": "Thüringen", "area": 0.575, "centroid": "POINT (4346198.985507 3145671.15942)", "DH_demand": 5193.379509579725, "total_demand_cells": 14273.338352203369, "total_demand_area": 23157.994140625, "share_DH": 37.936497421736007, "heat_density_DH": 9.0319643644864787, "heat_density": 40.274772418478264, "DH_supplied_households": 1263.0, "DH_cells": [ [ 4346050, 3144750 ], [ 4346150, 3144950 ], [ 4346250, 3144950 ], [ 4346350, 3144950 ], [ 4346450, 3144950 ], [ 4345950, 3145050 ], [ 4346050, 3145050 ], [ 4346150, 3145050 ], [ 4346250, 3145050 ], [ 4346350, 3145050 ], [ 4346450, 3145050 ], [ 4345950, 3145150 ], [ 4346050, 3145150 ], [ 4346150, 3145150 ], [ 4346250, 3145150 ], [ 4346350, 3145150 ], [ 4346450, 3145150 ], [ 4346150, 3145250 ], [ 4346350, 3145250 ], [ 4346450, 3145250 ], [ 4346050, 3145350 ], [ 4346150, 3145350 ], [ 4346250, 3145350 ], [ 4346350, 3145350 ], [ 4346550, 3145350 ], [ 4346150, 3145450 ], [ 4346250, 3145450 ], [ 4346350, 3145450 ], [ 4346450, 3145450 ], [ 4346550, 3145450 ], [ 4346150, 3145550 ], [ 4346250, 3145550 ], [ 4346350, 3145550 ], [ 4346050, 3145650 ], [ 4346150, 3145650 ], [ 4346450, 3145650 ], [ 4346750, 3145650 ], [ 4345950, 3145750 ], [ 4346050, 3145750 ], [ 4346150, 3145750 ], [ 4346350, 3145750 ], [ 4346450, 3145750 ], [ 4346550, 3145750 ], [ 4345950, 3145850 ], [ 4346050, 3145850 ], [ 4346350, 3145850 ], [ 4345950, 3145950 ], [ 4346050, 3146050 ], [ 4345750, 3146450 ], [ 4345750, 3146550 ], [ 4345950, 3146550 ], [ 4346050, 3146550 ], [ 4346150, 3146550 ], [ 4345950, 3146650 ], [ 4346050, 3146650 ] ] }, "geometry": { "type": "Polygon", "coordinates": [ [ [ 4345950.0, 3145150.0 ], [ 4346050.0, 3145150.0 ], [ 4346150.0, 3145150.0 ], [ 4346150.0, 3145250.0 ], [ 4346050.0, 3145350.0 ], [ 4346150.0, 3145450.0 ], [ 4346150.0, 3145550.0 ], [ 4346150.0, 3145650.0 ], [ 4346050.0, 3145650.0 ], [ 4346050.0, 3145750.0 ], [ 4345950.0, 3145750.0 ], [ 4345950.0, 3145850.0 ], [ 4345950.0, 3145950.0 ], [ 4345750.0, 3146450.0 ], [ 4345750.0, 3146550.0 ], [ 4345950.0, 3146550.0 ], [ 4345950.0, 3146650.0 ], [ 4346050.0, 3146650.0 ], [ 4346050.0, 3146550.0 ], [ 4346150.0, 3146550.0 ], [ 4346050.0, 3146050.0 ], [ 4346050.0, 3145850.0 ], [ 4346150.0, 3145750.0 ], [ 4346350.0, 3145850.0 ], [ 4346350.0, 3145750.0 ], [ 4346450.0, 3145750.0 ], [ 4346550.0, 3145750.0 ], [ 4346750.0, 3145650.0 ], [ 4346550.0, 3145450.0 ], [ 4346550.0, 3145350.0 ], [ 4346450.0, 3145250.0 ], [ 4346450.0, 3145150.0 ], [ 4346450.0, 3145050.0 ], [ 4346450.0, 3144950.0 ], [ 4346350.0, 3144950.0 ], [ 4346250.0, 3144950.0 ], [ 4346150.0, 3144950.0 ], [ 4346050.0, 3144750.0 ], [ 4346050.0, 3145050.0 ], [ 4345950.0, 3145050.0 ], [ 4345950.0, 3145150.0 ] ] ] } },
{ "type": "Feature", "properties": { "ID": "Leinefelde-Worbis_160610115_c4", "GEN": "Leinefelde-Worbis", "ARS": "160610115", "LAN": "Thüringen", "area": 0.035, "centroid": "POINT (4340454.761905 3147573.809524)", "DH_demand": 135.71710916155521, "total_demand_cells": 760.53408813476562, "total_demand_area": 1682.576904296875, "share_DH": 13.644819273788872, "heat_density_DH": 3.87763169033015, "heat_density": 48.073625837053584, "DH_supplied_households": 12.0, "DH_cells": [ [ 4340350, 3147350 ], [ 4340550, 3147550 ], [ 4340450, 3147750 ], [ 4340450, 3147850 ] ] }, "geometry": { "type": "Polygon", "coordinates": [ [ [ 4340350.0, 3147350.0 ], [ 4340450.0, 3147750.0 ], [ 4340450.0, 3147850.0 ], [ 4340550.0, 3147550.0 ], [ 4340350.0, 3147350.0 ] ] ] } },
{ "type": "Feature", "properties": { "ID": "Sonnenstein_160610117_c1", "GEN": "Sonnenstein", "ARS": "160610117", "LAN": "Thüringen", "area": 0.12, "centroid": "POINT (4350145.833333 3157801.388889)", "DH_demand": 160.67354324331649, "total_demand_cells": 908.15896987915039, "total_demand_area": 2595.66748046875, "share_DH": 10.471368076319402, "heat_density_DH": 1.3389461936943041, "heat_density": 21.630562337239585, "DH_supplied_households": 21.0, "DH_cells": [ [ 4350150, 3157550 ], [ 4350450, 3157750 ], [ 4349950, 3157850 ], [ 4350250, 3157850 ], [ 4350150, 3157950 ], [ 4349950, 3158050 ], [ 4350050, 3158050 ] ] }, "geometry": { "type": "Polygon", "coordinates": [ [ [ 4349950.0, 3157850.0 ], [ 4349950.0, 3158050.0 ], [ 4350050.0, 3158050.0 ], [ 4350150.0, 3157950.0 ], [ 4350250.0, 3157850.0 ], [ 4350450.0, 3157750.0 ], [ 4350150.0, 3157550.0 ], [ 4349950.0, 3157850.0 ] ] ] } },
{ "type": "Feature", "properties": { "ID": "Dingelstädt_160610118_c0", "GEN": "Dingelstädt", "ARS": "160610118", "LAN": "Thüringen", "area": 0.09, "centroid": "POINT (4342340.740741 3123859.259259)", "DH_demand": 167.30867571825868, "total_demand_cells": 629.38802146911621, "total_demand_area": 2430.35693359375, "share_DH": 11.645456342964716, "heat_density_DH": 1.8589852857584299, "heat_density": 27.003965928819444, "DH_supplied_households": 18.0, "DH_cells": [ [ 4342550, 3123450 ], [ 4342250, 3123850 ], [ 4342050, 3123950 ], [ 4342150, 3123950 ], [ 4342350, 3124150 ] ] }, "geometry": { "type": "Polygon", "coordinates": [ [ [ 4342250.0, 3123850.0 ], [ 4342050.0, 3123950.0 ], [ 4342150.0, 3123950.0 ], [ 4342350.0, 3124150.0 ], [ 4342550.0, 3123450.0 ], [ 4342250.0, 3123850.0 ] ] ] } },
{ "type": "Feature", "properties": { "ID": "Dingelstädt_160610118_c1", "GEN": "Dingelstädt", "ARS": "160610118", "LAN": "Thüringen", "area": 0.04, "centroid": "POINT (4345500 3126683.333333)", "DH_demand": 136.85363625523573, "total_demand_cells": 607.83877563476562, "total_demand_area": 2278.866455078125, "share_DH": 10.158874059550877, "heat_density_DH": 3.4213409063808933, "heat_density": 56.971661376953122, "DH_supplied_households": 12.0, "DH_cells": [ [ 4345350, 3126450 ], [ 4345450, 3126750 ], [ 4345650, 3126750 ], [ 4345550, 3126850 ] ] }, "geometry": { "type": "Polygon", "coordinates": [ [ [ 4345350.0, 3126450.0 ], [ 4345450.0, 3126750.0 ], [ 4345550.0, 3126850.0 ], [ 4345650.0, 3126750.0 ], [ 4345350.0, 3126450.0 ] ] ] } },
{ "type": "Feature", "properties": { "ID": "Dingelstädt_160610118_c3", "GEN": "Dingelstädt", "ARS": "160610118", "LAN": "Thüringen", "area": 0.53, "centroid": "POINT (4343174.528302 3133994.339623)", "DH_demand": 871.04386282669998, "total_demand_cells": 4225.6489906311035, "total_demand_area": 17200.5, "share_DH": 8.5665719003300982, "heat_density_DH": 1.6434789864654717, "heat_density": 32.453773584905662, "DH_supplied_households": 210.0, "DH_cells": [ [ 4343250, 3133450 ], [ 4343350, 3133450 ], [ 4342550, 3133650 ], [ 4343250, 3133850 ], [ 4342950, 3133950 ], [ 4343050, 3133950 ], [ 4343350, 3133950 ], [ 4343450, 3133950 ], [ 4342950, 3134050 ], [ 4343050, 3134050 ], [ 4343750, 3134150 ], [ 4343550, 3134250 ], [ 4343650, 3134250 ], [ 4343550, 3134350 ], [ 4343650, 3134350 ], [ 4343750, 3134350 ], [ 4343250, 3134550 ], [ 4343150, 3134750 ] ] }, "geometry": { "type": "Polygon", "coordinates": [ [ [ 4342550.0, 3133650.0 ], [ 4342950.0, 3133950.0 ], [ 4342950.0, 3134050.0 ], [ 4343050.0, 3134050.0 ], [ 4343150.0, 3134750.0 ], [ 4343250.0, 3134550.0 ], [ 4343550.0, 3134350.0 ], [ 4343650.0, 3134350.0 ], [ 4343750.0, 3134350.0 ], [ 4343750.0, 3134150.0 ], [ 4343650.0, 3134250.0 ], [ 4343550.0, 3134250.0 ], [ 4343450.0, 3133950.0 ], [ 4343350.0, 3133950.0 ], [ 4343250.0, 3133850.0 ], [ 4343350.0, 3133450.0 ], [ 4343250.0, 3133450.0 ], [ 4342550.0, 3133650.0 ] ] ] } },
{ "type": "Feature", "properties": { "ID": "Dingelstädt_160610118_c4", "GEN": "Dingelstädt", "ARS": "160610118", "LAN": "Thüringen", "area": 0.05, "centroid": "POINT (4351736.666667 3135043.333333)", "DH_demand": 171.86599053834124, "total_demand_cells": 1291.5027770996094, "total_demand_area": 3123.150634765625, "share_DH": 9.3090448924758959, "heat_density_DH": 3.4373198107668252, "heat_density": 62.463012695312507, "DH_supplied_households": 20.0, "DH_cells": [ [ 4351650, 3134950 ], [ 4351850, 3134950 ], [ 4351950, 3135050 ], [ 4351550, 3135150 ], [ 4351650, 3135150 ] ] }, "geometry": { "type": "Polygon", "coordinates": [ [ [ 4351550.0, 3135150.0 ], [ 4351650.0, 3135150.0 ], [ 4351950.0, 3135050.0 ], [ 4351850.0, 3134950.0 ], [ 4351650.0, 3134950.0 ], [ 4351550.0, 3135150.0 ] ] ] } },
{ "type": "Feature", "properties": { "ID": "Dingelstädt_160610118_c5", "GEN": "Dingelstädt", "ARS": "160610118", "LAN": "Thüringen", "area": 0.07, "centroid": "POINT (4338864.285714 3136930.952381)", "DH_demand": 134.26861422799621, "total_demand_cells": 880.99127197265625, "total_demand_area": 2584.429443359375, "share_DH": 8.7885643547917738, "heat_density_DH": 1.9181230603999462, "heat_density": 36.920420619419652, "DH_supplied_households": 16.0, "DH_cells": [ [ 4339250, 3136750 ], [ 4338750, 3136850 ], [ 4339050, 3136850 ], [ 4338850, 3137050 ], [ 4338650, 3137150 ] ] }, "geometry": { "type": "Polygon", "coordinates": [ [ [ 4338650.0, 3137150.0 ], [ 4338850.0, 3137050.0 ], [ 4339050.0, 3136850.0 ], [ 4339250.0, 3136750.0 ], [ 4338750.0, 3136850.0 ], [ 4338650.0, 3137150.0 ] ] ] } },
{ "type": "Feature", "properties": { "ID": "Lindenberg/Eichsfeld_160615001_c1", "GEN": "Lindenberg/Eichsfeld", "ARS": "160615001", "LAN": "Thüringen", "area": 0.035, "centroid": "POINT (4337883.333333 3149850)", "DH_demand": 141.01585130301575, "total_demand_cells": 565.30948638916016, "total_demand_area": 1762.021484375, "share_DH": 13.538322171979869, "heat_density_DH": 4.0290243229433083, "heat_density": 50.343470982142868, "DH_supplied_households": 9.0, "DH_cells": [ [ 4337850, 3149750 ], [ 4337650, 3149850 ], [ 4338150, 3149950 ] ] }, "geometry": { "type": "Polygon", "coordinates": [ [ [ 4337650.0, 3149850.0 ], [ 4338150.0, 3149950.0 ], [ 4337850.0, 3149750.0 ], [ 4337650.0, 3149850.0 ] ] ] } },
{ "type": "Feature", "properties": { "ID": "Lindenberg/Eichsfeld_160615001_c3", "GEN": "Lindenberg/Eichsfeld", "ARS": "160615001", "LAN": "Thüringen", "area": 0.05, "centroid": "POINT (4346290 3153383.333333)", "DH_demand": 132.29349037129066, "total_demand_cells": 762.50334167480469, "total_demand_area": 3342.410888671875, "share_DH": 6.6955575630281263, "heat_density_DH": 2.6458698074258136, "heat_density": 66.848217773437511, "DH_supplied_households": 12.0, "DH_cells": [ [ 4346350, 3153150 ], [ 4346250, 3153350 ], [ 4346450, 3153350 ], [ 4346050, 3153650 ] ] }, "geometry": { "type": "Polygon", "coordinates": [ [ [ 4346250.0, 3153350.0 ], [ 4346050.0, 3153650.0 ], [ 4346450.0, 3153350.0 ], [ 4346350.0, 3153150.0 ], [ 4346250.0, 3153350.0 ] ] ] } },
{ "type": "Feature", "properties": { "ID": "Lindenberg/Eichsfeld_160615001_c4", "GEN": "Lindenberg/Eichsfeld", "ARS": "160615001", "LAN": "Thüringen", "area": 0.005, "centroid": "POINT (4342416.666667 3154716.666667)", "DH_demand": 165.49741721742126, "total_demand_cells": 546.05802917480469, "total_demand_area": 546.05804443359375, "share_DH": 51.269669962699105, "heat_density_DH": 33.099483443484253, "heat_density": 109.21160888671875, "DH_supplied_households": 9.0, "DH_cells": [ [ 4342450, 3154650 ], [ 4342350, 3154750 ], [ 4342450, 3154750 ] ] }, "geometry": { "type": "Polygon", "coordinates": [ [ [ 4342350.0, 3154750.0 ], [ 4342450.0, 3154750.0 ], [ 4342450.0, 3154650.0 ], [ 4342350.0, 3154750.0 ] ] ] } },
{ "type": "Feature", "properties": { "ID": "Eichsfeld-Wipperaue_160615006_c0", "GEN": "Eichsfeld-Wipperaue", "ARS": "160615006", "LAN": "Thüringen", "area": 0.12, "centroid": "POINT (4349337.5 3142737.5)", "DH_demand": 148.78594640209846, "total_demand_cells": 1109.9738311767578, "total_demand_area": 4710.1513671875, "share_DH": 5.34361497833999, "heat_density_DH": 1.2398828866841538, "heat_density": 39.251261393229164, "DH_supplied_households": 16.0, "DH_cells": [ [ 4349350, 3142550 ], [ 4349450, 3142550 ], [ 4349250, 3142750 ], [ 4348950, 3142850 ], [ 4349650, 3142850 ] ] }, "geometry": { "type": "Polygon", "coordinates": [ [ [ 4348950.0, 3142850.0 ], [ 4349650.0, 3142850.0 ], [ 4349450.0, 3142550.0 ], [ 4349350.0, 3142550.0 ], [ 4348950.0, 3142850.0 ] ] ] } },
{ "type": "Feature", "properties": { "ID": "Eichsfeld-Wipperaue_160615006_c1", "GEN": "Eichsfeld-Wipperaue", "ARS": "160615006", "LAN": "Thüringen", "area": 0.255, "centroid": "POINT (4350834.96732 3144729.084967)", "DH_demand": 297.76930685707623, "total_demand_cells": 1764.168755531311, "total_demand_area": 8833.865234375, "share_DH": 5.7021320587297177, "heat_density_DH": 1.1677227719885341, "heat_density": 34.642608762254902, "DH_supplied_households": 23.0, "DH_cells": [ [ 4350750, 3144250 ], [ 4350650, 3144450 ], [ 4350750, 3144450 ], [ 4350650, 3144650 ], [ 4350450, 3144950 ], [ 4350950, 3144950 ], [ 4351250, 3144950 ] ] }, "geometry": { "type": "Polygon", "coordinates": [ [ [ 4350650.0, 3144650.0 ], [ 4350450.0, 3144950.0 ], [ 4350950.0, 3144950.0 ], [ 4351250.0, 3144950.0 ], [ 4350750.0, 3144250.0 ], [ 4350750.0, 3144450.0 ], [ 4350650.0, 3144450.0 ], [ 4350650.0, 3144650.0 ] ] ] } },
{ "type": "Feature", "properties": { "ID": "Eichsfeld-Wipperaue_160615006_c2", "GEN": "Eichsfeld-Wipperaue", "ARS": "160615006", "LAN": "Thüringen", "area": 0.085, "centroid": "POINT (4351893.137255 3148500.980392)", "DH_demand": 145.58382349656566, "total_demand_cells": 692.37108612060547, "total_demand_area": 2215.66796875, "share_DH": 11.115181344131184, "heat_density_DH": 1.7127508646654785, "heat_density": 26.066681985294121, "DH_supplied_households": 15.0, "DH_cells": [ [ 4351650, 3148350 ], [ 4351750, 3148350 ], [ 4352150, 3148450 ], [ 4351850, 3148650 ], [ 4351850, 3148750 ] ] }, "geometry": { "type": "Polygon", "coordinates": [ [ [ 4351650.0, 3148350.0 ], [ 4351850.0, 3148650.0 ], [ 4351850.0, 3148750.0 ], [ 4352150.0, 3148450.0 ], [ 4351750.0, 3148350.0 ], [ 4351650.0, 3148350.0 ] ] ] } },
{ "type": "Feature", "properties": { "ID": "Leinetal_160615009_c1", "GEN": "Leinetal", "ARS": "160615009", "LAN": "Thüringen", "area": 0.035, "centroid": "POINT (4334840.47619 3137507.142857)", "DH_demand": 165.02908008487054, "total_demand_cells": 923.00323486328125, "total_demand_area": 1681.0247802734375, "share_DH": 16.607125744610968, "heat_density_DH": 4.7151165738534448, "heat_density": 48.029279436383938, "DH_supplied_households": 19.0, "DH_cells": [ [ 4335050, 3137350 ], [ 4334750, 3137450 ], [ 4334950, 3137450 ], [ 4334750, 3137550 ], [ 4334850, 3137550 ], [ 4334750, 3137750 ] ] }, "geometry": { "type": "Polygon", "coordinates": [ [ [ 4334750.0, 3137450.0 ], [ 4334750.0, 3137550.0 ], [ 4334750.0, 3137750.0 ], [ 4334850.0, 3137550.0 ], [ 4334950.0, 3137450.0 ], [ 4335050.0, 3137350.0 ], [ 4334750.0, 3137450.0 ] ] ] } },
{ "type": "Feature", "properties": { "ID": "Leinetal_160615009_c2", "GEN": "Leinetal", "ARS": "160615009", "LAN": "Thüringen", "area": 0.03, "centroid": "POINT (4337272.222222 3142438.888889)", "DH_demand": 217.5367283468585, "total_demand_cells": 1526.1853790283203, "total_demand_area": 2823.47509765625, "share_DH": 13.033370515756188, "heat_density_DH": 7.2512242782286167, "heat_density": 94.115836588541669, "DH_supplied_households": 18.0, "DH_cells": [ [ 4336950, 3142350 ], [ 4337050, 3142450 ], [ 4337350, 3142450 ], [ 4337450, 3142450 ], [ 4337550, 3142450 ], [ 4337650, 3142550 ] ] }, "geometry": { "type": "Polygon", "coordinates": [ [ [ 4337450.0, 3142450.0 ], [ 4336950.0, 3142350.0 ], [ 4337050.0, 3142450.0 ], [ 4337350.0, 3142450.0 ], [ 4337650.0, 3142550.0 ], [ 4337550.0, 3142450.0 ], [ 4337450.0, 3142450.0 ] ] ] } },
{ "type": "Feature", "properties": { "ID": "Uder_160615051_c0", "GEN": "Uder", "ARS": "160615051", "LAN": "Thüringen", "area": 0.03, "centroid": "POINT (4325111.111111 3134688.888889)", "DH_demand": 121.520525609808, "total_demand_cells": 685.40554809570312, "total_demand_area": 1553.1865234375, "share_DH": 13.235310563907751, "heat_density_DH": 4.0506841869936006, "heat_density": 51.772884114583334, "DH_supplied_households": 15.0, "DH_cells": [ [ 4325250, 3134550 ], [ 4324950, 3134650 ], [ 4325050, 3134650 ], [ 4325150, 3134750 ], [ 4325150, 3134850 ] ] }, "geometry": { "type": "Polygon", "coordinates": [ [ [ 4325050.0, 3134650.0 ], [ 4324950.0, 3134650.0 ], [ 4325150.0, 3134850.0 ], [ 4325150.0, 3134750.0 ], [ 4325250.0, 3134550.0 ], [ 4325050.0, 3134650.0 ] ] ] } },
{ "type": "Feature", "properties": { "ID": "Uder_160615051_c2", "GEN": "Uder", "ARS": "160615051", "LAN": "Thüringen", "area": 0.19, "centroid": "POINT (4325948.245614 3138953.508772)", "DH_demand": 210.61369943149765, "total_demand_cells": 1540.7666330337524, "total_demand_area": 7102.05908203125, "share_DH": 5.0166112348596688, "heat_density_DH": 1.1084931549026191, "heat_density": 37.379258326480262, "DH_supplied_households": 35.0, "DH_cells": [ [ 4325950, 3138650 ], [ 4325650, 3138750 ], [ 4325950, 3138750 ], [ 4325750, 3138850 ], [ 4326350, 3138850 ], [ 4325950, 3138950 ], [ 4325950, 3139050 ], [ 4326450, 3139050 ], [ 4325750, 3139150 ], [ 4325550, 3139350 ] ] }, "geometry": { "type": "Polygon", "coordinates": [ [ [ 4325750.0, 3138850.0 ], [ 4325550.0, 3139350.0 ], [ 4325750.0, 3139150.0 ], [ 4325950.0, 3139050.0 ], [ 4326450.0, 3139050.0 ], [ 4326350.0, 3138850.0 ], [ 4325950.0, 3138950.0 ], [ 4325950.0, 3138750.0 ], [ 4325950.0, 3138650.0 ], [ 4325650.0, 3138750.0 ], [ 4325750.0, 3138850.0 ] ] ] } },
{ "type": "Feature", "properties": { "ID": "Ellrich_160620005_c0", "GEN": "Ellrich", "ARS": "160620005", "LAN": "Thüringen", "area": 0.275, "centroid": "POINT (4367033.030303 3164169.393939)", "DH_demand": 147.45152655571209, "total_demand_cells": 1430.6945648193359, "total_demand_area": 6484.78369140625, "share_DH": 3.846465926748345, "heat_density_DH": 0.53618736929349864, "heat_density": 23.58103160511364, "DH_supplied_households": 26.0, "DH_cells": [ [ 4367050, 3163650 ], [ 4367150, 3164050 ], [ 4367050, 3164150 ], [ 4367150, 3164150 ], [ 4366550, 3164250 ], [ 4367050, 3164250 ], [ 4367350, 3164350 ], [ 4367450, 3164850 ] ] }, "geometry": { "type": "Polygon", "coordinates": [ [ [ 4366550.0, 3164250.0 ], [ 4367050.0, 3164250.0 ], [ 4367450.0, 3164850.0 ], [ 4367350.0, 3164350.0 ], [ 4367150.0, 3164150.0 ], [ 4367150.0, 3164050.0 ], [ 4367050.0, 3163650.0 ], [ 4366550.0, 3164250.0 ] ] ] } },
{ "type": "Feature", "properties": { "ID": "Nordhausen_160620041_c0", "GEN": "Nordhausen", "ARS": "160620041", "LAN": "Thüringen", "area": 0.05, "centroid": "POINT (4377506.666667 3151146.666667)", "DH_demand": 121.15594976629779, "total_demand_cells": 636.1044750213623, "total_demand_area": 1335.988037109375, "share_DH": 15.34088053236046, "heat_density_DH": 2.4231189953259564, "heat_density": 26.719760742187503, "DH_supplied_households": 45.0, "DH_cells": [ [ 4377450, 3151050 ], [ 4377850, 3151050 ], [ 4377350, 3151250 ], [ 4377250, 3151350 ], [ 4377350, 3151350 ] ] }, "geometry": { "type": "Polygon", "coordinates": [ [ [ 4377250.0, 3151350.0 ], [ 4377350.0, 3151350.0 ], [ 4377350.0, 3151250.0 ], [ 4377850.0, 3151050.0 ], [ 4377450.0, 3151050.0 ], [ 4377250.0, 3151350.0 ] ] ] } },
{ "type": "Feature", "properties": { "ID": "Nordhausen_160620041_c2", "GEN": "Nordhausen", "ARS": "160620041", "LAN": "Thüringen", "area": 5.22, "centroid": "POINT (4376118.231162 3155329.278416)", "DH_demand": 24679.934566983306, "total_demand_cells": 83233.98828125, "total_demand_area": 232227.390625, "share_DH": 17.977888075222388, "heat_density_DH": 4.7279568135983343, "heat_density": 44.488005866858238, "DH_supplied_households": 5410.0, "DH_cells": [ [ 4376850, 3153850 ], [ 4377550, 3153950 ], [ 4375850, 3154050 ], [ 4375550, 3154150 ], [ 4375650, 3154150 ], [ 4376350, 3154150 ], [ 4376450, 3154150 ], [ 4376550, 3154150 ], [ 4376650, 3154150 ], [ 4375350, 3154250 ], [ 4375950, 3154250 ], [ 4376150, 3154250 ], [ 4376350, 3154250 ], [ 4376550, 3154250 ], [ 4376650, 3154250 ], [ 4376950, 3154250 ], [ 4375950, 3154350 ], [ 4376050, 3154350 ], [ 4376550, 3154350 ], [ 4376650, 3154350 ], [ 4376850, 3154350 ], [ 4376950, 3154350 ], [ 4377050, 3154350 ], [ 4375950, 3154450 ], [ 4376050, 3154450 ], [ 4376150, 3154450 ], [ 4376250, 3154450 ], [ 4376550, 3154450 ], [ 4376650, 3154450 ], [ 4376750, 3154450 ], [ 4376850, 3154450 ], [ 4376950, 3154450 ], [ 4377050, 3154450 ], [ 4377250, 3154450 ], [ 4377350, 3154450 ], [ 4375350, 3154550 ], [ 4375450, 3154550 ], [ 4375550, 3154550 ], [ 4375850, 3154550 ], [ 4375950, 3154550 ], [ 4376150, 3154550 ], [ 4376250, 3154550 ], [ 4376350, 3154550 ], [ 4376450, 3154550 ], [ 4376750, 3154550 ], [ 4376950, 3154550 ], [ 4377550, 3154550 ], [ 4375350, 3154650 ], [ 4375450, 3154650 ], [ 4375750, 3154650 ], [ 4375850, 3154650 ], [ 4375950, 3154650 ], [ 4376050, 3154650 ], [ 4376150, 3154650 ], [ 4377950, 3154650 ], [ 4375350, 3154750 ], [ 4375450, 3154750 ], [ 4375550, 3154750 ], [ 4375750, 3154750 ], [ 4376050, 3154750 ], [ 4376150, 3154750 ], [ 4376550, 3154750 ], [ 4376850, 3154750 ], [ 4376950, 3154750 ], [ 4377650, 3154750 ], [ 4377750, 3154750 ], [ 4377850, 3154750 ], [ 4377950, 3154750 ], [ 4378150, 3154750 ], [ 4375050, 3154850 ], [ 4375150, 3154850 ], [ 4375250, 3154850 ], [ 4375550, 3154850 ], [ 4375950, 3154850 ], [ 4376050, 3154850 ], [ 4376150, 3154850 ], [ 4376350, 3154850 ], [ 4378050, 3154850 ], [ 4378150, 3154850 ], [ 4375250, 3154950 ], [ 4375750, 3154950 ], [ 4376050, 3154950 ], [ 4376150, 3154950 ], [ 4376250, 3154950 ], [ 4376350, 3154950 ], [ 4376450, 3154950 ], [ 4376650, 3154950 ], [ 4377550, 3154950 ], [ 4377650, 3154950 ], [ 4377750, 3154950 ], [ 4377850, 3154950 ], [ 4377950, 3154950 ], [ 4378150, 3154950 ], [ 4375750, 3155050 ], [ 4376050, 3155050 ], [ 4376150, 3155050 ], [ 4376350, 3155050 ], [ 4376450, 3155050 ], [ 4376550, 3155050 ], [ 4376650, 3155050 ], [ 4376850, 3155050 ], [ 4377050, 3155050 ], [ 4377650, 3155050 ], [ 4377750, 3155050 ], [ 4378050, 3155050 ], [ 4378150, 3155050 ], [ 4377150, 3155150 ], [ 4377750, 3155150 ], [ 4378050, 3155150 ], [ 4375050, 3155250 ], [ 4375350, 3155250 ], [ 4375550, 3155250 ], [ 4376150, 3155250 ], [ 4376850, 3155250 ], [ 4376950, 3155250 ], [ 4377050, 3155250 ], [ 4377150, 3155250 ], [ 4377450, 3155250 ], [ 4377650, 3155250 ], [ 4377850, 3155250 ], [ 4377950, 3155250 ], [ 4375050, 3155350 ], [ 4375250, 3155350 ], [ 4376150, 3155350 ], [ 4376950, 3155350 ], [ 4377550, 3155350 ], [ 4377650, 3155350 ], [ 4378050, 3155350 ], [ 4375050, 3155450 ], [ 4375250, 3155450 ], [ 4375750, 3155450 ], [ 4375850, 3155450 ], [ 4376650, 3155450 ], [ 4375250, 3155550 ], [ 4375750, 3155550 ], [ 4376750, 3155550 ], [ 4376950, 3155550 ], [ 4374550, 3155650 ], [ 4374850, 3155750 ], [ 4375150, 3155750 ], [ 4375050, 3155850 ], [ 4375150, 3155850 ], [ 4375250, 3155850 ], [ 4376550, 3155850 ], [ 4374950, 3155950 ], [ 4375050, 3155950 ], [ 4375150, 3155950 ], [ 4376250, 3155950 ], [ 4374650, 3156050 ], [ 4375050, 3156050 ], [ 4375150, 3156050 ], [ 4375250, 3156050 ], [ 4376350, 3156050 ], [ 4376450, 3156050 ], [ 4376550, 3156050 ], [ 4375050, 3156150 ], [ 4375150, 3156150 ], [ 4376750, 3156150 ], [ 4374150, 3156250 ], [ 4375050, 3156250 ], [ 4375150, 3156250 ], [ 4376550, 3156250 ], [ 4376750, 3156250 ], [ 4374150, 3156350 ], [ 4376050, 3156350 ], [ 4376450, 3156350 ], [ 4376550, 3156350 ], [ 4376750, 3156350 ], [ 4374550, 3156450 ], [ 4376050, 3156450 ], [ 4376550, 3156450 ], [ 4376650, 3156450 ], [ 4376750, 3156450 ], [ 4374050, 3156550 ], [ 4374450, 3156550 ], [ 4374750, 3156550 ], [ 4376550, 3156550 ], [ 4374450, 3156650 ], [ 4374750, 3156650 ], [ 4374450, 3156750 ], [ 4376550, 3156750 ], [ 4374350, 3156850 ], [ 4376350, 3156850 ], [ 4376450, 3156850 ], [ 4374750, 3157150 ] ] }, "geometry": { "type": "Polygon", "coordinates": [ [ [ 4374150.0, 3156350.0 ], [ 4374050.0, 3156550.0 ], [ 4374450.0, 3156550.0 ], [ 4374450.0, 3156650.0 ], [ 4374450.0, 3156750.0 ], [ 4374350.0, 3156850.0 ], [ 4374750.0, 3157150.0 ], [ 4374750.0, 3156650.0 ], [ 4374750.0, 3156550.0 ], [ 4375050.0, 3156250.0 ], [ 4375150.0, 3156250.0 ], [ 4375150.0, 3156150.0 ], [ 4375150.0, 3156050.0 ], [ 4375250.0, 3156050.0 ], [ 4376050.0, 3156350.0 ], [ 4376050.0, 3156450.0 ], [ 4376350.0, 3156850.0 ], [ 4376450.0, 3156850.0 ], [ 4376550.0, 3156750.0 ], [ 4376550.0, 3156550.0 ], [ 4376550.0, 3156450.0 ], [ 4376650.0, 3156450.0 ], [ 4376750.0, 3156450.0 ], [ 4376750.0, 3156350.0 ], [ 4376750.0, 3156250.0 ], [ 4376750.0, 3156150.0 ], [ 4376550.0, 3156050.0 ], [ 4376550.0, 3155850.0 ], [ 4376750.0, 3155550.0 ], [ 4376950.0, 3155550.0 ], [ 4376950.0, 3155350.0 ], [ 4376950.0, 3155250.0 ], [ 4377050.0, 3155250.0 ], [ 4377150.0, 3155250.0 ], [ 4377450.0, 3155250.0 ], [ 4377550.0, 3155350.0 ], [ 4377650.0, 3155350.0 ], [ 4377650.0, 3155250.0 ], [ 4377750.0, 3155150.0 ], [ 4377850.0, 3155250.0 ], [ 4378050.0, 3155350.0 ], [ 4377950.0, 3155250.0 ], [ 4378050.0, 3155150.0 ], [ 4378050.0, 3155050.0 ], [ 4378150.0, 3155050.0 ], [ 4378150.0, 3154950.0 ], [ 4378150.0, 3154850.0 ], [ 4378150.0, 3154750.0 ], [ 4377950.0, 3154750.0 ], [ 4377950.0, 3154650.0 ], [ 4377850.0, 3154750.0 ], [ 4377750.0, 3154750.0 ], [ 4377650.0, 3154750.0 ], [ 4377550.0, 3154550.0 ], [ 4377350.0, 3154450.0 ], [ 4377550.0, 3153950.0 ], [ 4377050.0, 3154350.0 ], [ 4376950.0, 3154350.0 ], [ 4376950.0, 3154250.0 ], [ 4376850.0, 3153850.0 ], [ 4376650.0, 3154150.0 ], [ 4376550.0, 3154150.0 ], [ 4376450.0, 3154150.0 ], [ 4376350.0, 3154150.0 ], [ 4376350.0, 3154250.0 ], [ 4376150.0, 3154250.0 ], [ 4376050.0, 3154350.0 ], [ 4375950.0, 3154350.0 ], [ 4375950.0, 3154250.0 ], [ 4375850.0, 3154050.0 ], [ 4375650.0, 3154150.0 ], [ 4375550.0, 3154150.0 ], [ 4375350.0, 3154250.0 ], [ 4375350.0, 3154550.0 ], [ 4375350.0, 3154650.0 ], [ 4375350.0, 3154750.0 ], [ 4375250.0, 3154850.0 ], [ 4375150.0, 3154850.0 ], [ 4375050.0, 3154850.0 ], [ 4375050.0, 3155250.0 ], [ 4375050.0, 3155350.0 ], [ 4375050.0, 3155450.0 ], [ 4375250.0, 3155450.0 ], [ 4375250.0, 3155550.0 ], [ 4375150.0, 3155750.0 ], [ 4375150.0, 3155850.0 ], [ 4375050.0, 3155850.0 ], [ 4375050.0, 3155950.0 ], [ 4374950.0, 3155950.0 ], [ 4374850.0, 3155750.0 ], [ 4374550.0, 3155650.0 ], [ 4374650.0, 3156050.0 ], [ 4374150.0, 3156250.0 ], [ 4374150.0, 3156350.0 ] ] ] } },
{ "type": "Feature", "properties": { "ID": "Nordhausen_160620041_c5", "GEN": "Nordhausen", "ARS": "160620041", "LAN": "Thüringen", "area": 0.005, "centroid": "POINT (4378316.666667 3157950)", "DH_demand": 167.08042070070388, "total_demand_cells": 696.2498779296875, "total_demand_area": 1052.49755859375, "share_DH": 26.854221932160517, "heat_density_DH": 33.416084140140775, "heat_density": 210.49951171875, "DH_supplied_households": 11.0, "DH_cells": [ [ 4378250, 3157850 ], [ 4378350, 3157950 ], [ 4378350, 3158050 ] ] }, "geometry": { "type": "Polygon", "coordinates": [ [ [ 4378250.0, 3157850.0 ], [ 4378350.0, 3158050.0 ], [ 4378350.0, 3157950.0 ], [ 4378250.0, 3157850.0 ] ] ] } },
{ "type": "Feature", "properties": { "ID": "Sollstedt_160620049_c0", "GEN": "Sollstedt", "ARS": "160620049", "LAN": "Thüringen", "area": 0.11, "centroid": "POINT (4358240.909091 3145077.272727)", "DH_demand": 1505.4501064216015, "total_demand_cells": 4227.7304358482361, "total_demand_area": 7738.666015625, "share_DH": 32.908521702124659, "heat_density_DH": 13.685910058378196, "heat_density": 70.351509232954541, "DH_supplied_households": 134.0, "DH_cells": [ [ 4358150, 3144850 ], [ 4357950, 3144950 ], [ 4358250, 3144950 ], [ 4358050, 3145050 ], [ 4358350, 3145050 ], [ 4357950, 3145150 ], [ 4358350, 3145150 ], [ 4358450, 3145150 ], [ 4358550, 3145150 ], [ 4358450, 3145250 ], [ 4358550, 3145250 ], [ 4358450, 3145350 ], [ 4358550, 3145350 ] ] }, "geometry": { "type": "Polygon", "coordinates": [ [ [ 4357950.0, 3144950.0 ], [ 4358050.0, 3145050.0 ], [ 4357950.0, 3145150.0 ], [ 4358350.0, 3145150.0 ], [ 4358450.0, 3145150.0 ], [ 4358450.0, 3145250.0 ], [ 4358450.0, 3145350.0 ], [ 4358550.0, 3145350.0 ], [ 4358550.0, 3145250.0 ], [ 4358550.0, 3145150.0 ], [ 4358350.0, 3145050.0 ], [ 4358250.0, 3144950.0 ], [ 4358150.0, 3144850.0 ], [ 4357950.0, 3144950.0 ] ] ] } },
{ "type": "Feature", "properties": { "ID": "Werther_160620063_c1", "GEN": "Werther", "ARS": "160620063", "LAN": "Thüringen", "area": 0.115, "centroid": "POINT (4368815.217391 3153825.362319)", "DH_demand": 240.85922631183729, "total_demand_cells": 847.66143035888672, "total_demand_area": 3110.114990234375, "share_DH": 13.100713562620136, "heat_density_DH": 2.0944280548855421, "heat_density": 27.044478175951092, "DH_supplied_households": 19.0, "DH_cells": [ [ 4368850, 3153350 ], [ 4368950, 3153550 ], [ 4368850, 3153850 ], [ 4368950, 3154050 ], [ 4368650, 3154150 ], [ 4368750, 3154150 ] ] }, "geometry": { "type": "Polygon", "coordinates": [ [ [ 4368650.0, 3154150.0 ], [ 4368750.0, 3154150.0 ], [ 4368950.0, 3154050.0 ], [ 4368850.0, 3153850.0 ], [ 4368950.0, 3153550.0 ], [ 4368850.0, 3153350.0 ], [ 4368650.0, 3154150.0 ] ] ] } },
{ "type": "Feature", "properties": { "ID": "Harztor_160620065_c2", "GEN": "Harztor", "ARS": "160620065", "LAN": "Thüringen", "area": 0.185, "centroid": "POINT (4378613.063063 3161574.324324)", "DH_demand": 259.26069774154757, "total_demand_cells": 1076.0776443481445, "total_demand_area": 2876.544677734375, "share_DH": 15.24662337716828, "heat_density_DH": 1.4014091769813382, "heat_density": 15.548890149915541, "DH_supplied_households": 25.0, "DH_cells": [ [ 4378850, 3161150 ], [ 4378750, 3161350 ], [ 4378850, 3161350 ], [ 4378450, 3161450 ], [ 4378350, 3161550 ], [ 4378750, 3161550 ], [ 4378650, 3162050 ] ] }, "geometry": { "type": "Polygon", "coordinates": [ [ [ 4378350.0, 3161550.0 ], [ 4378650.0, 3162050.0 ], [ 4378750.0, 3161550.0 ], [ 4378750.0, 3161350.0 ], [ 4378850.0, 3161350.0 ], [ 4378850.0, 3161150.0 ], [ 4378450.0, 3161450.0 ], [ 4378350.0, 3161550.0 ] ] ] } },
{ "type": "Feature", "properties": { "ID": "Harztor_160620065_c3", "GEN": "Harztor", "ARS": "160620065", "LAN": "Thüringen", "area": 0.225, "centroid": "POINT (4375374.444444 3163494.444444)", "DH_demand": 251.09027002981983, "total_demand_cells": 1265.6570816040039, "total_demand_area": 6566.65283203125, "share_DH": 6.4683563540144347, "heat_density_DH": 1.1159567556880883, "heat_density": 29.185123697916669, "DH_supplied_households": 36.0, "DH_cells": [ [ 4375650, 3162750 ], [ 4375350, 3162950 ], [ 4375350, 3163250 ], [ 4375150, 3163450 ], [ 4375350, 3163850 ], [ 4375550, 3164050 ], [ 4375450, 3164250 ] ] }, "geometry": { "type": "Polygon", "coordinates": [ [ [ 4375150.0, 3163450.0 ], [ 4375350.0, 3163850.0 ], [ 4375450.0, 3164250.0 ], [ 4375550.0, 3164050.0 ], [ 4375350.0, 3163250.0 ], [ 4375650.0, 3162750.0 ], [ 4375350.0, 3162950.0 ], [ 4375150.0, 3163450.0 ] ] ] } },
{ "type": "Feature", "properties": { "ID": "Heringen/Helme_160625053_c0", "GEN": "Heringen/Helme", "ARS": "160625053", "LAN": "Thüringen", "area": 0.185, "centroid": "POINT (4382125.675676 3148800.45045)", "DH_demand": 561.80561078862934, "total_demand_cells": 2591.7391738891602, "total_demand_area": 8744.669921875, "share_DH": 10.868028328781103, "heat_density_DH": 3.0367870853439425, "heat_density": 47.26848606418919, "DH_supplied_households": 177.0, "DH_cells": [ [ 4382150, 3148550 ], [ 4381650, 3148650 ], [ 4381750, 3148650 ], [ 4381650, 3148750 ], [ 4382550, 3148750 ], [ 4381950, 3148850 ], [ 4382150, 3148850 ], [ 4382450, 3148850 ], [ 4382250, 3148950 ], [ 4382450, 3149050 ], [ 4382650, 3149050 ] ] }, "geometry": { "type": "Polygon", "coordinates": [ [ [ 4381750.0, 3148650.0 ], [ 4381650.0, 3148650.0 ], [ 4381650.0, 3148750.0 ], [ 4381950.0, 3148850.0 ], [ 4382250.0, 3148950.0 ], [ 4382450.0, 3149050.0 ], [ 4382650.0, 3149050.0 ], [ 4382450.0, 3148850.0 ], [ 4382550.0, 3148750.0 ], [ 4382150.0, 3148850.0 ], [ 4382150.0, 3148550.0 ], [ 4381750.0, 3148650.0 ] ] ] } },
{ "type": "Feature", "properties": { "ID": "Bleicherode_160625054_c1", "GEN": "Bleicherode", "ARS": "160625054", "LAN": "Thüringen", "area": 0.925, "centroid": "POINT (4360729.81982 3148187.117117)", "DH_demand": 377.76043708530977, "total_demand_cells": 2978.831259727478, "total_demand_area": 27826.037109375, "share_DH": 2.2965358163370997, "heat_density_DH": 0.40838966171384844, "heat_density": 30.082202280405408, "DH_supplied_households": 73.0, "DH_cells": [ [ 4360650, 3147450 ], [ 4359950, 3147550 ], [ 4360150, 3147550 ], [ 4360750, 3147850 ], [ 4360450, 3147950 ], [ 4360850, 3147950 ], [ 4361350, 3147950 ], [ 4360750, 3148050 ], [ 4361050, 3148150 ], [ 4360250, 3148250 ], [ 4360450, 3148350 ], [ 4360150, 3148550 ], [ 4360850, 3148650 ], [ 4361350, 3148650 ], [ 4361450, 3148650 ], [ 4361350, 3148750 ], [ 4360950, 3148850 ] ] }, "geometry": { "type": "Polygon", "coordinates": [ [ [ 4360150.0, 3147550.0 ], [ 4359950.0, 3147550.0 ], [ 4360450.0, 3147950.0 ], [ 4360250.0, 3148250.0 ], [ 4360450.0, 3148350.0 ], [ 4360150.0, 3148550.0 ], [ 4360850.0, 3148650.0 ], [ 4360950.0, 3148850.0 ], [ 4361350.0, 3148750.0 ], [ 4361350.0, 3148650.0 ], [ 4361450.0, 3148650.0 ], [ 4361050.0, 3148150.0 ], [ 4361350.0, 3147950.0 ], [ 4360850.0, 3147950.0 ], [ 4360750.0, 3147850.0 ], [ 4360650.0, 3147450.0 ], [ 4360150.0, 3147550.0 ] ] ] } },
{ "type": "Feature", "properties": { "ID": "Barchfeld-Immelborn_160630004_c0", "GEN": "Barchfeld-Immelborn", "ARS": "160630004", "LAN": "Thüringen", "area": 0.32, "centroid": "POINT (4342330.208333 3076686.458333)", "DH_demand": 585.95505179302017, "total_demand_cells": 3362.2060890197754, "total_demand_area": 10820.26953125, "share_DH": 9.1608196764466019, "heat_density_DH": 1.831109536853188, "heat_density": 33.813342285156253, "DH_supplied_households": 69.0, "DH_cells": [ [ 4342150, 3076150 ], [ 4342450, 3076150 ], [ 4342350, 3076250 ], [ 4342450, 3076250 ], [ 4342250, 3076350 ], [ 4342150, 3076550 ], [ 4342250, 3076550 ], [ 4342350, 3076650 ], [ 4342650, 3076650 ], [ 4342650, 3076750 ], [ 4342950, 3076750 ], [ 4341850, 3076850 ], [ 4342950, 3076850 ], [ 4341850, 3076950 ], [ 4342350, 3076950 ], [ 4342950, 3076950 ] ] }, "geometry": { "type": "Polygon", "coordinates": [ [ [ 4342250.0, 3076350.0 ], [ 4342250.0, 3076550.0 ], [ 4342150.0, 3076550.0 ], [ 4341850.0, 3076850.0 ], [ 4341850.0, 3076950.0 ], [ 4342350.0, 3076950.0 ], [ 4342650.0, 3076750.0 ], [ 4342950.0, 3076950.0 ], [ 4342950.0, 3076850.0 ], [ 4342950.0, 3076750.0 ], [ 4342650.0, 3076650.0 ], [ 4342350.0, 3076650.0 ], [ 4342350.0, 3076250.0 ], [ 4342450.0, 3076250.0 ], [ 4342450.0, 3076150.0 ], [ 4342150.0, 3076150.0 ], [ 4342250.0, 3076350.0 ] ] ] } },
{ "type": "Feature", "properties": { "ID": "Treffurt_160630076_c0", "GEN": "Treffurt", "ARS": "160630076", "LAN": "Thüringen", "area": 0.305, "centroid": "POINT (4337451.092896 3113930.874317)", "DH_demand": 2085.9074215863602, "total_demand_cells": 6912.560938835144, "total_demand_area": 9722.4638671875, "share_DH": 36.293328717395262, "heat_density_DH": 6.839040726512656, "heat_density": 31.876930712090164, "DH_supplied_households": 393.0, "DH_cells": [ [ 4337950, 3113650 ], [ 4337650, 3113750 ], [ 4337750, 3113750 ], [ 4336650, 3113850 ], [ 4336750, 3113850 ], [ 4336850, 3113850 ], [ 4337350, 3113850 ], [ 4337450, 3113850 ], [ 4337550, 3113850 ], [ 4336550, 3113950 ], [ 4336650, 3113950 ], [ 4336750, 3113950 ], [ 4336850, 3113950 ], [ 4336950, 3113950 ], [ 4337050, 3113950 ], [ 4337250, 3113950 ], [ 4337350, 3113950 ], [ 4337450, 3113950 ], [ 4337550, 3113950 ], [ 4337650, 3113950 ], [ 4337950, 3113950 ], [ 4338250, 3113950 ], [ 4336450, 3114050 ], [ 4336550, 3114050 ], [ 4336650, 3114050 ], [ 4336750, 3114050 ], [ 4337150, 3114050 ], [ 4337350, 3114050 ], [ 4337450, 3114050 ], [ 4337550, 3114050 ], [ 4337350, 3114150 ], [ 4337450, 3114150 ], [ 4337550, 3114150 ], [ 4337250, 3114250 ] ] }, "geometry": { "type": "Polygon", "coordinates": [ [ [ 4336650.0, 3113950.0 ], [ 4336550.0, 3113950.0 ], [ 4336450.0, 3114050.0 ], [ 4336550.0, 3114050.0 ], [ 4336650.0, 3114050.0 ], [ 4336750.0, 3114050.0 ], [ 4336750.0, 3113950.0 ], [ 4336850.0, 3113950.0 ], [ 4336950.0, 3113950.0 ], [ 4337050.0, 3113950.0 ], [ 4337150.0, 3114050.0 ], [ 4337250.0, 3114250.0 ], [ 4337350.0, 3114150.0 ], [ 4337450.0, 3114150.0 ], [ 4337550.0, 3114150.0 ], [ 4337550.0, 3114050.0 ], [ 4337550.0, 3113950.0 ], [ 4337650.0, 3113950.0 ], [ 4337950.0, 3113950.0 ], [ 4338250.0, 3113950.0 ], [ 4337950.0, 3113650.0 ], [ 4337750.0, 3113750.0 ], [ 4337650.0, 3113750.0 ], [ 4337550.0, 3113850.0 ], [ 4337450.0, 3113850.0 ], [ 4337350.0, 3113850.0 ], [ 4337350.0, 3113950.0 ], [ 4337250.0, 3113950.0 ], [ 4336850.0, 3113850.0 ], [ 4336750.0, 3113850.0 ], [ 4336650.0, 3113850.0 ], [ 4336650.0, 3113950.0 ] ] ] } },
{ "type": "Feature", "properties": { "ID": "Unterbreizbach_160630078_c1", "GEN": "Unterbreizbach", "ARS": "160630078", "LAN": "Thüringen", "area": 0.05, "centroid": "POINT (4319223.333333 3078376.666667)", "DH_demand": 192.96439378411799, "total_demand_cells": 1012.0427703857422, "total_demand_area": 2141.58935546875, "share_DH": 15.242250351955686, "heat_density_DH": 3.8592878756823601, "heat_density": 42.831787109375007, "DH_supplied_households": 16.0, "DH_cells": [ [ 4319450, 3078250 ], [ 4319450, 3078350 ], [ 4318850, 3078450 ], [ 4318950, 3078450 ], [ 4319250, 3078450 ] ] }, "geometry": { "type": "Polygon", "coordinates": [ [ [ 4318850.0, 3078450.0 ], [ 4318950.0, 3078450.0 ], [ 4319250.0, 3078450.0 ], [ 4319450.0, 3078350.0 ], [ 4319450.0, 3078250.0 ], [ 4318850.0, 3078450.0 ] ] ] } },
{ "type": "Feature", "properties": { "ID": "Vacha_160630082_c0", "GEN": "Vacha", "ARS": "160630082", "LAN": "Thüringen", "area": 0.15, "centroid": "POINT (4322703.333333 3079440)", "DH_demand": 267.17785456476406, "total_demand_cells": 1376.2384796142578, "total_demand_area": 7949.52978515625, "share_DH": 5.6854798932749331, "heat_density_DH": 1.781185697098427, "heat_density": 52.996865234375001, "DH_supplied_households": 62.0, "DH_cells": [ [ 4322950, 3079150 ], [ 4323050, 3079150 ], [ 4322350, 3079450 ], [ 4322450, 3079450 ], [ 4322650, 3079750 ] ] }, "geometry": { "type": "Polygon", "coordinates": [ [ [ 4322450.0, 3079450.0 ], [ 4322350.0, 3079450.0 ], [ 4322650.0, 3079750.0 ], [ 4323050.0, 3079150.0 ], [ 4322950.0, 3079150.0 ], [ 4322450.0, 3079450.0 ] ] ] } },
{ "type": "Feature", "properties": { "ID": "Wutha-Farnroda_160630092_c0", "GEN": "Wutha-Farnroda", "ARS": "160630092", "LAN": "Thüringen", "area": 0.2, "centroid": "POINT (4348997.5 3093504.166667)", "DH_demand": 2124.9416740150618, "total_demand_cells": 4272.1373138427734, "total_demand_area": 6048.81884765625, "share_DH": 59.427101209970864, "heat_density_DH": 10.624708370075311, "heat_density": 30.244094238281253, "DH_supplied_households": 867.0, "DH_cells": [ [ 4348750, 3092950 ], [ 4348950, 3093050 ], [ 4349250, 3093050 ], [ 4349050, 3093250 ], [ 4349150, 3093250 ], [ 4348850, 3093350 ], [ 4349050, 3093350 ], [ 4349150, 3093350 ], [ 4349250, 3093350 ], [ 4348950, 3093450 ], [ 4349050, 3093450 ], [ 4349150, 3093450 ], [ 4348950, 3093550 ], [ 4349050, 3093550 ], [ 4349150, 3093550 ], [ 4348850, 3093650 ], [ 4348950, 3093650 ], [ 4349050, 3093650 ], [ 4348850, 3093750 ], [ 4348950, 3093750 ], [ 4348750, 3093850 ], [ 4348950, 3093850 ], [ 4348950, 3094250 ] ] }, "geometry": { "type": "Polygon", "coordinates": [ [ [ 4348950.0, 3093050.0 ], [ 4348750.0, 3092950.0 ], [ 4349050.0, 3093250.0 ], [ 4349050.0, 3093350.0 ], [ 4348850.0, 3093350.0 ], [ 4348950.0, 3093450.0 ], [ 4348950.0, 3093550.0 ], [ 4348950.0, 3093650.0 ], [ 4348850.0, 3093650.0 ], [ 4348850.0, 3093750.0 ], [ 4348750.0, 3093850.0 ], [ 4348950.0, 3094250.0 ], [ 4348950.0, 3093850.0 ], [ 4348950.0, 3093750.0 ], [ 4349050.0, 3093650.0 ], [ 4349050.0, 3093550.0 ], [ 4349150.0, 3093550.0 ], [ 4349150.0, 3093450.0 ], [ 4349250.0, 3093350.0 ], [ 4349150.0, 3093250.0 ], [ 4349250.0, 3093050.0 ], [ 4348950.0, 3093050.0 ] ] ] } },
{ "type": "Feature", "properties": { "ID": "Gerstungen_160630097_c1", "GEN": "Gerstungen", "ARS": "160630097", "LAN": "Thüringen", "area": 0.13, "centroid": "POINT (4335167.948718 3089224.358974)", "DH_demand": 176.88643224990079, "total_demand_cells": 1198.6369438171387, "total_demand_area": 3180.75634765625, "share_DH": 9.4074567551457378, "heat_density_DH": 1.3606648634607754, "heat_density": 24.467356520432691, "DH_supplied_households": 18.0, "DH_cells": [ [ 4335050, 3088850 ], [ 4335250, 3089050 ], [ 4335250, 3089150 ], [ 4335350, 3089150 ], [ 4335350, 3089350 ], [ 4335050, 3089550 ] ] }, "geometry": { "type": "Polygon", "coordinates": [ [ [ 4335250.0, 3089150.0 ], [ 4335250.0, 3089050.0 ], [ 4335050.0, 3088850.0 ], [ 4335050.0, 3089550.0 ], [ 4335350.0, 3089350.0 ], [ 4335350.0, 3089150.0 ], [ 4335250.0, 3089150.0 ] ] ] } },
{ "type": "Feature", "properties": { "ID": "Gerstungen_160630097_c2", "GEN": "Gerstungen", "ARS": "160630097", "LAN": "Thüringen", "area": 0.01, "centroid": "POINT (4339616.666667 3089216.666667)", "DH_demand": 136.30553680519347, "total_demand_cells": 519.32463073730469, "total_demand_area": 763.17205810546875, "share_DH": 30.213368453680388, "heat_density_DH": 13.630553680519347, "heat_density": 76.317205810546881, "DH_supplied_households": 25.0, "DH_cells": [ [ 4339550, 3089150 ], [ 4339650, 3089150 ], [ 4339650, 3089350 ] ] }, "geometry": { "type": "Polygon", "coordinates": [ [ [ 4339550.0, 3089150.0 ], [ 4339650.0, 3089350.0 ], [ 4339650.0, 3089150.0 ], [ 4339550.0, 3089150.0 ] ] ] } },
{ "type": "Feature", "properties": { "ID": "Gerstungen_160630097_c4", "GEN": "Gerstungen", "ARS": "160630097", "LAN": "Thüringen", "area": 0.095, "centroid": "POINT (4325485.087719 3094272.807018)", "DH_demand": 138.84177446151887, "total_demand_cells": 1324.7197036743164, "total_demand_area": 4914.4306640625, "share_DH": 4.7791983365809481, "heat_density_DH": 1.4614923627528302, "heat_density": 51.730849095394738, "DH_supplied_households": 17.0, "DH_cells": [ [ 4325150, 3093950 ], [ 4325150, 3094050 ], [ 4325550, 3094450 ], [ 4325650, 3094450 ], [ 4325950, 3094550 ] ] }, "geometry": { "type": "Polygon", "coordinates": [ [ [ 4325150.0, 3093950.0 ], [ 4325150.0, 3094050.0 ], [ 4325550.0, 3094450.0 ], [ 4325650.0, 3094450.0 ], [ 4325950.0, 3094550.0 ], [ 4325150.0, 3093950.0 ] ] ] } },
{ "type": "Feature", "properties": { "ID": "Gerstungen_160630097_c5", "GEN": "Gerstungen", "ARS": "160630097", "LAN": "Thüringen", "area": 0.13, "centroid": "POINT (4331893.589744 3097937.179487)", "DH_demand": 130.15564056138913, "total_demand_cells": 690.26625061035156, "total_demand_area": 3893.974853515625, "share_DH": 5.6542884764464629, "heat_density_DH": 1.0011972350876088, "heat_density": 29.953652719350963, "DH_supplied_households": 15.0, "DH_cells": [ [ 4331550, 3097650 ], [ 4331650, 3097750 ], [ 4331650, 3097950 ], [ 4332250, 3097950 ], [ 4332050, 3098150 ] ] }, "geometry": { "type": "Polygon", "coordinates": [ [ [ 4331650.0, 3097750.0 ], [ 4331550.0, 3097650.0 ], [ 4331650.0, 3097950.0 ], [ 4332050.0, 3098150.0 ], [ 4332250.0, 3097950.0 ], [ 4331650.0, 3097750.0 ] ] ] } },
{ "type": "Feature", "properties": { "ID": "Bad Liebenstein_160630099_c0", "GEN": "Bad Liebenstein", "ARS": "160630099", "LAN": "Thüringen", "area": 0.23, "centroid": "POINT (4345434.782609 3078270.289855)", "DH_demand": 808.92526146082616, "total_demand_cells": 3833.46728515625, "total_demand_area": 9836.8486328125, "share_DH": 13.91106949057755, "heat_density_DH": 3.5170663541775053, "heat_density": 42.768907099184787, "DH_supplied_households": 205.0, "DH_cells": [ [ 4345350, 3077750 ], [ 4345350, 3077850 ], [ 4345050, 3077950 ], [ 4345150, 3078050 ], [ 4345250, 3078050 ], [ 4345150, 3078150 ], [ 4345250, 3078150 ], [ 4345150, 3078250 ], [ 4345250, 3078250 ], [ 4345550, 3078250 ], [ 4345850, 3078250 ], [ 4345750, 3078350 ], [ 4345750, 3078450 ], [ 4345850, 3078450 ], [ 4345450, 3078550 ], [ 4345850, 3078550 ], [ 4345950, 3078550 ], [ 4345350, 3078650 ] ] }, "geometry": { "type": "Polygon", "coordinates": [ [ [ 4345050.0, 3077950.0 ], [ 4345150.0, 3078050.0 ], [ 4345150.0, 3078150.0 ], [ 4345150.0, 3078250.0 ], [ 4345250.0, 3078250.0 ], [ 4345350.0, 3078650.0 ], [ 4345450.0, 3078550.0 ], [ 4345750.0, 3078450.0 ], [ 4345850.0, 3078550.0 ], [ 4345950.0, 3078550.0 ], [ 4345850.0, 3078450.0 ], [ 4345750.0, 3078350.0 ], [ 4345850.0, 3078250.0 ], [ 4345550.0, 3078250.0 ], [ 4345250.0, 3078150.0 ], [ 4345250.0, 3078050.0 ], [ 4345350.0, 3077850.0 ], [ 4345350.0, 3077750.0 ], [ 4345050.0, 3077950.0 ] ] ] } },
{ "type": "Feature", "properties": { "ID": "Bad Liebenstein_160630099_c1", "GEN": "Bad Liebenstein", "ARS": "160630099", "LAN": "Thüringen", "area": 0.145, "centroid": "POINT (4344945.402299 3079510.91954)", "DH_demand": 186.8030323278833, "total_demand_cells": 1186.1985778808594, "total_demand_area": 6371.7255859375, "share_DH": 4.9594665896566612, "heat_density_DH": 1.2882967746750573, "heat_density": 43.942935075431038, "DH_supplied_households": 20.0, "DH_cells": [ [ 4344750, 3079150 ], [ 4344950, 3079150 ], [ 4344950, 3079250 ], [ 4345050, 3079250 ], [ 4344950, 3079850 ], [ 4345050, 3080150 ] ] }, "geometry": { "type": "Polygon", "coordinates": [ [ [ 4344750.0, 3079150.0 ], [ 4344950.0, 3079850.0 ], [ 4345050.0, 3080150.0 ], [ 4345050.0, 3079250.0 ], [ 4344950.0, 3079250.0 ], [ 4344950.0, 3079150.0 ], [ 4344750.0, 3079150.0 ] ] ] } },
{ "type": "Feature", "properties": { "ID": "Krayenberggemeinde_160630101_c1", "GEN": "Krayenberggemeinde", "ARS": "160630101", "LAN": "Thüringen", "area": 0.155, "centroid": "POINT (4327037.096774 3080281.182796)", "DH_demand": 227.65778722870107, "total_demand_cells": 843.91249847412109, "total_demand_area": 3678.555419921875, "share_DH": 10.469195689187266, "heat_density_DH": 1.468759917604523, "heat_density": 23.732615612399194, "DH_supplied_households": 20.0, "DH_cells": [ [ 4326850, 3079650 ], [ 4327050, 3080150 ], [ 4327250, 3080250 ], [ 4326950, 3080550 ], [ 4327150, 3080650 ] ] }, "geometry": { "type": "Polygon", "coordinates": [ [ [ 4327050.0, 3080150.0 ], [ 4326850.0, 3079650.0 ], [ 4326950.0, 3080550.0 ], [ 4327150.0, 3080650.0 ], [ 4327250.0, 3080250.0 ], [ 4327050.0, 3080150.0 ] ] ] } },
{ "type": "Feature", "properties": { "ID": "Werra-Suhl-Tal_160630103_c1", "GEN": "Werra-Suhl-Tal", "ARS": "160630103", "LAN": "Thüringen", "area": 0.12, "centroid": "POINT (4325816.666667 3091954.166667)", "DH_demand": 119.7513152278062, "total_demand_cells": 751.29537200927734, "total_demand_area": 4327.2001953125, "share_DH": 4.6814610529440186, "heat_density_DH": 0.99792762689838499, "heat_density": 36.060001627604166, "DH_supplied_households": 16.0, "DH_cells": [ [ 4325450, 3091550 ], [ 4325550, 3091850 ], [ 4325850, 3092050 ], [ 4326150, 3092150 ], [ 4326150, 3092350 ] ] }, "geometry": { "type": "Polygon", "coordinates": [ [ [ 4325450.0, 3091550.0 ], [ 4325550.0, 3091850.0 ], [ 4325850.0, 3092050.0 ], [ 4326150.0, 3092350.0 ], [ 4326150.0, 3092150.0 ], [ 4325450.0, 3091550.0 ] ] ] } },
{ "type": "Feature", "properties": { "ID": "Eisenach_160630105_c0", "GEN": "Eisenach", "ARS": "160630105", "LAN": "Thüringen", "area": 7.14, "centroid": "POINT (4343226.774043 3096693.370682)", "DH_demand": 21085.582283896518, "total_demand_cells": 65061.280691385269, "total_demand_area": 226978.171875, "share_DH": 15.71482740677582, "heat_density_DH": 2.9531627848594564, "heat_density": 31.789659926470588, "DH_supplied_households": 5367.0, "DH_cells": [ [ 4343550, 3094750 ], [ 4343150, 3094850 ], [ 4343550, 3095050 ], [ 4343650, 3095050 ], [ 4344350, 3095250 ], [ 4343650, 3095350 ], [ 4345650, 3095350 ], [ 4343350, 3095450 ], [ 4343550, 3095450 ], [ 4343750, 3095450 ], [ 4343350, 3095550 ], [ 4343650, 3095550 ], [ 4343850, 3095550 ], [ 4344150, 3095550 ], [ 4343350, 3095650 ], [ 4343550, 3095650 ], [ 4343650, 3095650 ], [ 4343950, 3095650 ], [ 4345450, 3095650 ], [ 4342150, 3095750 ], [ 4343450, 3095750 ], [ 4343550, 3095750 ], [ 4342150, 3095850 ], [ 4343450, 3095850 ], [ 4343550, 3095850 ], [ 4343650, 3095850 ], [ 4345050, 3095850 ], [ 4342250, 3095950 ], [ 4342350, 3095950 ], [ 4342650, 3095950 ], [ 4343250, 3095950 ], [ 4343450, 3095950 ], [ 4343550, 3095950 ], [ 4343450, 3096050 ], [ 4343550, 3096050 ], [ 4341550, 3096150 ], [ 4341750, 3096150 ], [ 4341850, 3096150 ], [ 4342350, 3096150 ], [ 4342950, 3096150 ], [ 4343050, 3096150 ], [ 4343150, 3096150 ], [ 4343350, 3096150 ], [ 4343450, 3096150 ], [ 4343550, 3096150 ], [ 4343650, 3096150 ], [ 4343750, 3096150 ], [ 4344750, 3096150 ], [ 4342350, 3096250 ], [ 4342950, 3096250 ], [ 4343350, 3096250 ], [ 4343450, 3096250 ], [ 4343550, 3096250 ], [ 4343750, 3096250 ], [ 4344850, 3096250 ], [ 4345250, 3096250 ], [ 4345350, 3096250 ], [ 4343050, 3096350 ], [ 4343250, 3096350 ], [ 4343350, 3096350 ], [ 4343450, 3096350 ], [ 4343550, 3096350 ], [ 4344050, 3096350 ], [ 4345250, 3096350 ], [ 4345350, 3096350 ], [ 4343350, 3096450 ], [ 4344150, 3096450 ], [ 4344450, 3096450 ], [ 4345350, 3096450 ], [ 4345450, 3096450 ], [ 4342150, 3096550 ], [ 4344250, 3096550 ], [ 4344150, 3096650 ], [ 4344650, 3096650 ], [ 4342650, 3096750 ], [ 4342850, 3096750 ], [ 4341650, 3096850 ], [ 4342750, 3096850 ], [ 4342950, 3096850 ], [ 4343050, 3096850 ], [ 4341450, 3096950 ], [ 4342850, 3096950 ], [ 4343650, 3096950 ], [ 4341750, 3097050 ], [ 4344050, 3097050 ], [ 4344550, 3097050 ], [ 4342850, 3097150 ], [ 4341850, 3097250 ], [ 4342550, 3097250 ], [ 4342650, 3097250 ], [ 4342750, 3097250 ], [ 4342850, 3097250 ], [ 4343550, 3097250 ], [ 4342550, 3097350 ], [ 4342650, 3097350 ], [ 4342750, 3097350 ], [ 4342450, 3097450 ], [ 4342650, 3097450 ], [ 4342850, 3097450 ], [ 4342950, 3097450 ], [ 4343050, 3097450 ], [ 4343350, 3097450 ], [ 4343450, 3097450 ], [ 4343650, 3097450 ], [ 4341850, 3097550 ], [ 4342350, 3097550 ], [ 4342450, 3097550 ], [ 4342550, 3097550 ], [ 4342850, 3097550 ], [ 4343350, 3097550 ], [ 4343450, 3097550 ], [ 4341750, 3097650 ], [ 4342050, 3097650 ], [ 4342150, 3097650 ], [ 4342250, 3097650 ], [ 4342350, 3097650 ], [ 4342450, 3097650 ], [ 4342550, 3097650 ], [ 4341950, 3097750 ], [ 4342050, 3097750 ], [ 4342150, 3097750 ], [ 4342250, 3097750 ], [ 4342350, 3097750 ], [ 4342850, 3097850 ], [ 4343150, 3097850 ], [ 4341450, 3097950 ], [ 4342750, 3097950 ], [ 4342550, 3098050 ], [ 4342650, 3098050 ], [ 4342750, 3098050 ], [ 4342350, 3098150 ], [ 4342450, 3098150 ], [ 4342550, 3098150 ], [ 4342650, 3098150 ], [ 4342750, 3098150 ], [ 4342850, 3098150 ], [ 4341050, 3098250 ], [ 4342350, 3098250 ], [ 4342450, 3098250 ], [ 4342550, 3098250 ], [ 4342650, 3098250 ], [ 4342750, 3098250 ], [ 4342850, 3098250 ], [ 4342250, 3098350 ], [ 4342350, 3098350 ], [ 4342450, 3098350 ], [ 4342550, 3098350 ], [ 4342650, 3098350 ], [ 4342750, 3098350 ], [ 4342950, 3098350 ], [ 4343050, 3098350 ], [ 4342450, 3098450 ], [ 4342750, 3098450 ], [ 4342850, 3098450 ], [ 4342950, 3098450 ], [ 4342750, 3098550 ], [ 4342850, 3098550 ], [ 4342950, 3098550 ], [ 4342950, 3099050 ], [ 4342650, 3099550 ], [ 4342550, 3099650 ], [ 4342650, 3099650 ], [ 4342450, 3099750 ], [ 4342550, 3099750 ], [ 4342650, 3099750 ], [ 4342750, 3099750 ] ] }, "geometry": { "type": "Polygon", "coordinates": [ [ [ 4341650.0, 3096850.0 ], [ 4341450.0, 3096950.0 ], [ 4341050.0, 3098250.0 ], [ 4341450.0, 3097950.0 ], [ 4341750.0, 3097650.0 ], [ 4341850.0, 3097550.0 ], [ 4341950.0, 3097750.0 ], [ 4342050.0, 3097750.0 ], [ 4342150.0, 3097750.0 ], [ 4342250.0, 3097750.0 ], [ 4342350.0, 3097750.0 ], [ 4342350.0, 3097650.0 ], [ 4342450.0, 3097650.0 ], [ 4342550.0, 3097650.0 ], [ 4342850.0, 3097850.0 ], [ 4342750.0, 3097950.0 ], [ 4342750.0, 3098050.0 ], [ 4342650.0, 3098050.0 ], [ 4342550.0, 3098050.0 ], [ 4342550.0, 3098150.0 ], [ 4342450.0, 3098150.0 ], [ 4342350.0, 3098150.0 ], [ 4342350.0, 3098250.0 ], [ 4342250.0, 3098350.0 ], [ 4342350.0, 3098350.0 ], [ 4342450.0, 3098350.0 ], [ 4342450.0, 3098450.0 ], [ 4342550.0, 3098350.0 ], [ 4342650.0, 3098350.0 ], [ 4342750.0, 3098350.0 ], [ 4342750.0, 3098450.0 ], [ 4342750.0, 3098550.0 ], [ 4342550.0, 3099650.0 ], [ 4342450.0, 3099750.0 ], [ 4342550.0, 3099750.0 ], [ 4342650.0, 3099750.0 ], [ 4342750.0, 3099750.0 ], [ 4342650.0, 3099650.0 ], [ 4342650.0, 3099550.0 ], [ 4342950.0, 3099050.0 ], [ 4342950.0, 3098550.0 ], [ 4342950.0, 3098450.0 ], [ 4342950.0, 3098350.0 ], [ 4343050.0, 3098350.0 ], [ 4343150.0, 3097850.0 ], [ 4343350.0, 3097550.0 ], [ 4343450.0, 3097550.0 ], [ 4343450.0, 3097450.0 ], [ 4343650.0, 3097450.0 ], [ 4344050.0, 3097050.0 ], [ 4344550.0, 3097050.0 ], [ 4344650.0, 3096650.0 ], [ 4344450.0, 3096450.0 ], [ 4344750.0, 3096150.0 ], [ 4344850.0, 3096250.0 ], [ 4345250.0, 3096250.0 ], [ 4345250.0, 3096350.0 ], [ 4345350.0, 3096450.0 ], [ 4345450.0, 3096450.0 ], [ 4345350.0, 3096350.0 ], [ 4345350.0, 3096250.0 ], [ 4345450.0, 3095650.0 ], [ 4345650.0, 3095350.0 ], [ 4344350.0, 3095250.0 ], [ 4344150.0, 3095550.0 ], [ 4343950.0, 3095650.0 ], [ 4343850.0, 3095550.0 ], [ 4343750.0, 3095450.0 ], [ 4343650.0, 3095350.0 ], [ 4343650.0, 3095050.0 ], [ 4343550.0, 3095050.0 ], [ 4343550.0, 3094750.0 ], [ 4343150.0, 3094850.0 ], [ 4343350.0, 3095450.0 ], [ 4343350.0, 3095550.0 ], [ 4343350.0, 3095650.0 ], [ 4343450.0, 3095750.0 ], [ 4343450.0, 3095850.0 ], [ 4343450.0, 3095950.0 ], [ 4343250.0, 3095950.0 ], [ 4343150.0, 3096150.0 ], [ 4343050.0, 3096150.0 ], [ 4342950.0, 3096150.0 ], [ 4342650.0, 3095950.0 ], [ 4342350.0, 3095950.0 ], [ 4342250.0, 3095950.0 ], [ 4342150.0, 3095850.0 ], [ 4342150.0, 3095750.0 ], [ 4341850.0, 3096150.0 ], [ 4341750.0, 3096150.0 ], [ 4341550.0, 3096150.0 ], [ 4341650.0, 3096850.0 ] ] ] } },
{ "type": "Feature", "properties": { "ID": "Eisenach_160630105_c2", "GEN": "Eisenach", "ARS": "160630105", "LAN": "Thüringen", "area": 0.135, "centroid": "POINT (4346333.950617 3099540.123457)", "DH_demand": 210.03255525605815, "total_demand_cells": 1216.4692459106445, "total_demand_area": 3722.89306640625, "share_DH": 9.5436425481924445, "heat_density_DH": 1.5557967056004309, "heat_density": 27.576985677083339, "DH_supplied_households": 21.0, "DH_cells": [ [ 4346350, 3099150 ], [ 4346150, 3099450 ], [ 4346150, 3099550 ], [ 4346250, 3099550 ], [ 4346150, 3099650 ], [ 4346250, 3099650 ], [ 4346550, 3099950 ] ] }, "geometry": { "type": "Polygon", "coordinates": [ [ [ 4346150.0, 3099450.0 ], [ 4346150.0, 3099550.0 ], [ 4346150.0, 3099650.0 ], [ 4346250.0, 3099650.0 ], [ 4346550.0, 3099950.0 ], [ 4346350.0, 3099150.0 ], [ 4346150.0, 3099450.0 ] ] ] } },
{ "type": "Feature", "properties": { "ID": "Hainich-Werratal_160635006_c0", "GEN": "Hainich-Werratal", "ARS": "160635006", "LAN": "Thüringen", "area": 0.075, "centroid": "POINT (4338352.222222 3104716.666667)", "DH_demand": 234.85292380207423, "total_demand_cells": 2482.809814453125, "total_demand_area": 4307.8125, "share_DH": 9.2224708225424941, "heat_density_DH": 3.1313723173609898, "heat_density": 57.4375, "DH_supplied_households": 30.0, "DH_cells": [ [ 4338350, 3104450 ], [ 4338250, 3104550 ], [ 4338350, 3104550 ], [ 4338150, 3104650 ], [ 4338350, 3104650 ], [ 4338550, 3104750 ], [ 4338350, 3104850 ], [ 4338450, 3104950 ] ] }, "geometry": { "type": "Polygon", "coordinates": [ [ [ 4338250.0, 3104550.0 ], [ 4338150.0, 3104650.0 ], [ 4338350.0, 3104850.0 ], [ 4338450.0, 3104950.0 ], [ 4338550.0, 3104750.0 ], [ 4338350.0, 3104650.0 ], [ 4338350.0, 3104550.0 ], [ 4338350.0, 3104450.0 ], [ 4338250.0, 3104550.0 ] ] ] } },
{ "type": "Feature", "properties": { "ID": "Hainich-Werratal_160635006_c1", "GEN": "Hainich-Werratal", "ARS": "160635006", "LAN": "Thüringen", "area": 0.11, "centroid": "POINT (4344416.666667 3107248.484848)", "DH_demand": 210.97187719695455, "total_demand_cells": 1491.9406509399414, "total_demand_area": 5434.984375, "share_DH": 6.5665064930535477, "heat_density_DH": 1.9179261563359504, "heat_density": 49.408948863636361, "DH_supplied_households": 24.0, "DH_cells": [ [ 4344350, 3106950 ], [ 4344350, 3107050 ], [ 4344450, 3107050 ], [ 4344350, 3107250 ], [ 4344050, 3107350 ], [ 4344150, 3107350 ], [ 4344750, 3107550 ], [ 4344850, 3107650 ] ] }, "geometry": { "type": "Polygon", "coordinates": [ [ [ 4344350.0, 3107050.0 ], [ 4344050.0, 3107350.0 ], [ 4344150.0, 3107350.0 ], [ 4344350.0, 3107250.0 ], [ 4344850.0, 3107650.0 ], [ 4344750.0, 3107550.0 ], [ 4344450.0, 3107050.0 ], [ 4344350.0, 3106950.0 ], [ 4344350.0, 3107050.0 ] ] ] } },
{ "type": "Feature", "properties": { "ID": "Bad Salzungen_160635051_c0", "GEN": "Bad Salzungen", "ARS": "160635051", "LAN": "Thüringen", "area": 2.395, "centroid": "POINT (4337326.130828 3077425.156576)", "DH_demand": 16874.013916751643, "total_demand_cells": 38412.983818531036, "total_demand_area": 77452.5078125, "share_DH": 36.854542930985282, "heat_density_DH": 7.0455172930069487, "heat_density": 32.339251696242172, "DH_supplied_households": 4439.0, "DH_cells": [ [ 4337050, 3076650 ], [ 4337350, 3076650 ], [ 4337050, 3076750 ], [ 4336550, 3076850 ], [ 4336850, 3076950 ], [ 4335850, 3077050 ], [ 4338150, 3077050 ], [ 4338250, 3077050 ], [ 4336050, 3077150 ], [ 4336150, 3077150 ], [ 4336250, 3077150 ], [ 4338150, 3077150 ], [ 4338250, 3077150 ], [ 4338350, 3077150 ], [ 4336050, 3077250 ], [ 4336150, 3077250 ], [ 4336250, 3077250 ], [ 4336350, 3077250 ], [ 4336450, 3077250 ], [ 4336850, 3077250 ], [ 4338150, 3077250 ], [ 4338250, 3077250 ], [ 4338350, 3077250 ], [ 4338650, 3077250 ], [ 4336050, 3077350 ], [ 4336150, 3077350 ], [ 4336250, 3077350 ], [ 4336350, 3077350 ], [ 4336550, 3077350 ], [ 4336650, 3077350 ], [ 4336750, 3077350 ], [ 4336850, 3077350 ], [ 4337150, 3077350 ], [ 4338150, 3077350 ], [ 4338250, 3077350 ], [ 4338350, 3077350 ], [ 4338550, 3077350 ], [ 4338650, 3077350 ], [ 4338750, 3077350 ], [ 4338850, 3077350 ], [ 4338950, 3077350 ], [ 4335850, 3077450 ], [ 4336150, 3077450 ], [ 4336250, 3077450 ], [ 4336350, 3077450 ], [ 4336650, 3077450 ], [ 4336750, 3077450 ], [ 4336850, 3077450 ], [ 4336950, 3077450 ], [ 4337050, 3077450 ], [ 4337350, 3077450 ], [ 4338150, 3077450 ], [ 4338250, 3077450 ], [ 4338350, 3077450 ], [ 4338550, 3077450 ], [ 4338650, 3077450 ], [ 4335850, 3077550 ], [ 4336250, 3077550 ], [ 4336350, 3077550 ], [ 4336650, 3077550 ], [ 4336750, 3077550 ], [ 4336850, 3077550 ], [ 4336950, 3077550 ], [ 4337150, 3077550 ], [ 4338350, 3077550 ], [ 4336250, 3077650 ], [ 4336350, 3077650 ], [ 4336450, 3077650 ], [ 4336650, 3077650 ], [ 4336750, 3077650 ], [ 4336850, 3077650 ], [ 4336950, 3077650 ], [ 4338150, 3077650 ], [ 4336150, 3077750 ], [ 4336250, 3077750 ], [ 4336350, 3077750 ], [ 4336450, 3077750 ], [ 4336550, 3077750 ], [ 4336750, 3077750 ], [ 4336850, 3077750 ], [ 4336950, 3077750 ], [ 4337050, 3077750 ], [ 4338350, 3077750 ], [ 4336250, 3077850 ], [ 4336650, 3077850 ], [ 4336950, 3077850 ], [ 4337050, 3077850 ], [ 4337150, 3077850 ], [ 4337350, 3077850 ], [ 4337450, 3077850 ], [ 4337650, 3077850 ], [ 4337850, 3077850 ], [ 4338250, 3077850 ], [ 4338350, 3077850 ], [ 4338450, 3077850 ], [ 4338550, 3077850 ], [ 4337250, 3077950 ], [ 4337550, 3077950 ], [ 4337650, 3077950 ], [ 4337750, 3077950 ], [ 4337850, 3077950 ], [ 4338250, 3077950 ], [ 4338350, 3077950 ], [ 4337350, 3078050 ], [ 4337550, 3078050 ], [ 4337650, 3078050 ], [ 4337750, 3078050 ], [ 4337250, 3078150 ], [ 4337550, 3078150 ], [ 4337650, 3078150 ], [ 4337750, 3078150 ], [ 4336950, 3078250 ] ] }, "geometry": { "type": "Polygon", "coordinates": [ [ [ 4337050.0, 3076750.0 ], [ 4336850.0, 3076950.0 ], [ 4336550.0, 3076850.0 ], [ 4336450.0, 3077250.0 ], [ 4336350.0, 3077250.0 ], [ 4336250.0, 3077250.0 ], [ 4336250.0, 3077150.0 ], [ 4336150.0, 3077150.0 ], [ 4336050.0, 3077150.0 ], [ 4335850.0, 3077050.0 ], [ 4336050.0, 3077250.0 ], [ 4336050.0, 3077350.0 ], [ 4335850.0, 3077450.0 ], [ 4335850.0, 3077550.0 ], [ 4336150.0, 3077450.0 ], [ 4336250.0, 3077450.0 ], [ 4336250.0, 3077550.0 ], [ 4336250.0, 3077650.0 ], [ 4336150.0, 3077750.0 ], [ 4336250.0, 3077850.0 ], [ 4336350.0, 3077750.0 ], [ 4336450.0, 3077750.0 ], [ 4336550.0, 3077750.0 ], [ 4336650.0, 3077850.0 ], [ 4336750.0, 3077750.0 ], [ 4336850.0, 3077750.0 ], [ 4336950.0, 3077750.0 ], [ 4336950.0, 3077850.0 ], [ 4336950.0, 3078250.0 ], [ 4337250.0, 3078150.0 ], [ 4337350.0, 3078050.0 ], [ 4337550.0, 3078050.0 ], [ 4337550.0, 3078150.0 ], [ 4337650.0, 3078150.0 ], [ 4337750.0, 3078150.0 ], [ 4337750.0, 3078050.0 ], [ 4337750.0, 3077950.0 ], [ 4337850.0, 3077950.0 ], [ 4338250.0, 3077950.0 ], [ 4338350.0, 3077950.0 ], [ 4338350.0, 3077850.0 ], [ 4338450.0, 3077850.0 ], [ 4338550.0, 3077850.0 ], [ 4338350.0, 3077750.0 ], [ 4338350.0, 3077550.0 ], [ 4338350.0, 3077450.0 ], [ 4338550.0, 3077450.0 ], [ 4338650.0, 3077450.0 ], [ 4338650.0, 3077350.0 ], [ 4338750.0, 3077350.0 ], [ 4338850.0, 3077350.0 ], [ 4338950.0, 3077350.0 ], [ 4338650.0, 3077250.0 ], [ 4338550.0, 3077350.0 ], [ 4338350.0, 3077350.0 ], [ 4338350.0, 3077250.0 ], [ 4338350.0, 3077150.0 ], [ 4338250.0, 3077150.0 ], [ 4338250.0, 3077050.0 ], [ 4338150.0, 3077050.0 ], [ 4337350.0, 3076650.0 ], [ 4337050.0, 3076650.0 ], [ 4337050.0, 3076750.0 ] ] ] } },
{ "type": "Feature", "properties": { "ID": "Bad Salzungen_160635051_c3", "GEN": "Bad Salzungen", "ARS": "160635051", "LAN": "Thüringen", "area": 0.27, "centroid": "POINT (4332578.395062 3081020.37037)", "DH_demand": 139.37198113009862, "total_demand_cells": 1193.7551689147949, "total_demand_area": 10854.2109375, "share_DH": 2.1721275646506921, "heat_density_DH": 0.51619252270406901, "heat_density": 40.20078125000001, "DH_supplied_households": 22.0, "DH_cells": [ [ 4333150, 3080250 ], [ 4332850, 3080650 ], [ 4332750, 3081150 ], [ 4332150, 3081250 ], [ 4332350, 3081350 ], [ 4331950, 3081450 ] ] }, "geometry": { "type": "Polygon", "coordinates": [ [ [ 4332850.0, 3080650.0 ], [ 4332150.0, 3081250.0 ], [ 4331950.0, 3081450.0 ], [ 4332350.0, 3081350.0 ], [ 4332750.0, 3081150.0 ], [ 4333150.0, 3080250.0 ], [ 4332850.0, 3080650.0 ] ] ] } },
{ "type": "Feature", "properties": { "ID": "Ruhla_160635057_c0", "GEN": "Ruhla", "ARS": "160635057", "LAN": "Thüringen", "area": 0.175, "centroid": "POINT (4350969.047619 3089120.47619)", "DH_demand": 2397.2017275558296, "total_demand_cells": 4744.0428237915039, "total_demand_area": 9311.4140625, "share_DH": 43.550891876045497, "heat_density_DH": 13.698295586033312, "heat_density": 53.208080357142855, "DH_supplied_households": 772.0, "DH_cells": [ [ 4351550, 3088750 ], [ 4351250, 3088850 ], [ 4351050, 3088950 ], [ 4351150, 3088950 ], [ 4351250, 3088950 ], [ 4351050, 3089050 ], [ 4351150, 3089050 ], [ 4351250, 3089050 ], [ 4351350, 3089050 ], [ 4351450, 3089050 ], [ 4351650, 3089050 ], [ 4351150, 3089150 ], [ 4350750, 3089250 ], [ 4350850, 3089250 ], [ 4350950, 3089250 ], [ 4350250, 3089350 ], [ 4350350, 3089350 ], [ 4350350, 3089450 ] ] }, "geometry": { "type": "MultiPolygon", "coordinates": [ [ [ [ 4351550.0, 3088750.0 ], [ 4351450.0, 3089050.0 ], [ 4351650.0, 3089050.0 ], [ 4351550.0, 3088750.0 ] ] ], [ [ [ 4350350.0, 3089350.0 ], [ 4350250.0, 3089350.0 ], [ 4350350.0, 3089450.0 ], [ 4350750.0, 3089250.0 ], [ 4350850.0, 3089250.0 ], [ 4350950.0, 3089250.0 ], [ 4351050.0, 3089050.0 ], [ 4351150.0, 3089150.0 ], [ 4351250.0, 3089050.0 ], [ 4351350.0, 3089050.0 ], [ 4351250.0, 3088950.0 ], [ 4351250.0, 3088850.0 ], [ 4351150.0, 3088950.0 ], [ 4351050.0, 3088950.0 ], [ 4350350.0, 3089350.0 ] ] ] ] } },
{ "type": "Feature", "properties": { "ID": "Dermbach_160635059_c0", "GEN": "Dermbach", "ARS": "160635059", "LAN": "Thüringen", "area": 0.285, "centroid": "POINT (4329442.397661 3066961.695906)", "DH_demand": 426.36085460647899, "total_demand_cells": 1699.1115264892578, "total_demand_area": 6780.63720703125, "share_DH": 10.636896326721368, "heat_density_DH": 1.4960029986192245, "heat_density": 23.791709498355264, "DH_supplied_households": 64.0, "DH_cells": [ [ 4329650, 3066550 ], [ 4329650, 3066750 ], [ 4329150, 3066850 ], [ 4329550, 3066950 ], [ 4329250, 3067050 ], [ 4329550, 3067050 ], [ 4329650, 3067050 ], [ 4329850, 3067050 ], [ 4329650, 3067150 ], [ 4329250, 3067250 ], [ 4328950, 3067350 ] ] }, "geometry": { "type": "Polygon", "coordinates": [ [ [ 4329250.0, 3067050.0 ], [ 4328950.0, 3067350.0 ], [ 4329250.0, 3067250.0 ], [ 4329650.0, 3067150.0 ], [ 4329650.0, 3067050.0 ], [ 4329850.0, 3067050.0 ], [ 4329650.0, 3066750.0 ], [ 4329650.0, 3066550.0 ], [ 4329150.0, 3066850.0 ], [ 4329250.0, 3067050.0 ] ] ] } },
{ "type": "Feature", "properties": { "ID": "Bad Langensalza_160640003_c0", "GEN": "Bad Langensalza", "ARS": "160640003", "LAN": "Thüringen", "area": 0.17, "centroid": "POINT (4364959.803922 3110218.627451)", "DH_demand": 130.35378353053233, "total_demand_cells": 406.61305999755859, "total_demand_area": 4863.5283203125, "share_DH": 4.5339873358341434, "heat_density_DH": 0.76678696194430795, "heat_density": 28.608990119485298, "DH_supplied_households": 17.0, "DH_cells": [ [ 4365050, 3110050 ], [ 4364450, 3110150 ], [ 4364850, 3110350 ], [ 4365450, 3110350 ] ] }, "geometry": { "type": "Polygon", "coordinates": [ [ [ 4364450.0, 3110150.0 ], [ 4364850.0, 3110350.0 ], [ 4365450.0, 3110350.0 ], [ 4365050.0, 3110050.0 ], [ 4364450.0, 3110150.0 ] ] ] } },
{ "type": "Feature", "properties": { "ID": "Bad Langensalza_160640003_c1", "GEN": "Bad Langensalza", "ARS": "160640003", "LAN": "Thüringen", "area": 1.62, "centroid": "POINT (4366316.049383 3111242.695473)", "DH_demand": 7849.5072086943592, "total_demand_cells": 20633.542037963867, "total_demand_area": 64795.3984375, "share_DH": 20.493037681152185, "heat_density_DH": 4.8453748201817035, "heat_density": 39.997159529320996, "DH_supplied_households": 2555.0, "DH_cells": [ [ 4366650, 3110150 ], [ 4366750, 3110150 ], [ 4366550, 3110250 ], [ 4366750, 3110250 ], [ 4366350, 3110350 ], [ 4366150, 3110450 ], [ 4366350, 3110450 ], [ 4366450, 3110450 ], [ 4366550, 3110450 ], [ 4366650, 3110450 ], [ 4366050, 3110550 ], [ 4366350, 3110550 ], [ 4366450, 3110550 ], [ 4366550, 3110550 ], [ 4366650, 3110550 ], [ 4366750, 3110550 ], [ 4366850, 3110550 ], [ 4366050, 3110650 ], [ 4366650, 3110650 ], [ 4366750, 3110650 ], [ 4366850, 3110650 ], [ 4365950, 3110750 ], [ 4366150, 3110750 ], [ 4366350, 3110750 ], [ 4366750, 3110750 ], [ 4365950, 3110850 ], [ 4366350, 3110950 ], [ 4365550, 3111050 ], [ 4366050, 3111150 ], [ 4367050, 3111150 ], [ 4366050, 3111250 ], [ 4366150, 3111250 ], [ 4365850, 3111350 ], [ 4365850, 3111450 ], [ 4366350, 3111750 ], [ 4366550, 3111750 ], [ 4365850, 3111850 ], [ 4365950, 3111850 ], [ 4366050, 3111850 ], [ 4366450, 3111850 ], [ 4366550, 3111850 ], [ 4366650, 3111850 ], [ 4365850, 3111950 ], [ 4365950, 3111950 ], [ 4366050, 3111950 ], [ 4366250, 3111950 ], [ 4366350, 3111950 ], [ 4366450, 3111950 ], [ 4366550, 3111950 ], [ 4366650, 3111950 ], [ 4365950, 3112050 ], [ 4366250, 3112050 ], [ 4366350, 3112050 ], [ 4366450, 3112050 ], [ 4366550, 3112050 ], [ 4365950, 3112150 ], [ 4366350, 3112150 ], [ 4366450, 3112150 ], [ 4366550, 3112150 ], [ 4365750, 3112250 ], [ 4365750, 3112350 ], [ 4366050, 3112350 ], [ 4365950, 3112450 ], [ 4366050, 3112450 ] ] }, "geometry": { "type": "Polygon", "coordinates": [ [ [ 4366050.0, 3110550.0 ], [ 4366050.0, 3110650.0 ], [ 4365950.0, 3110750.0 ], [ 4365950.0, 3110850.0 ], [ 4365550.0, 3111050.0 ], [ 4365850.0, 3111350.0 ], [ 4365850.0, 3111450.0 ], [ 4365850.0, 3111850.0 ], [ 4365850.0, 3111950.0 ], [ 4365950.0, 3111950.0 ], [ 4365950.0, 3112050.0 ], [ 4365950.0, 3112150.0 ], [ 4365750.0, 3112250.0 ], [ 4365750.0, 3112350.0 ], [ 4365950.0, 3112450.0 ], [ 4366050.0, 3112450.0 ], [ 4366050.0, 3112350.0 ], [ 4366050.0, 3111950.0 ], [ 4366250.0, 3111950.0 ], [ 4366250.0, 3112050.0 ], [ 4366350.0, 3112050.0 ], [ 4366350.0, 3112150.0 ], [ 4366450.0, 3112150.0 ], [ 4366550.0, 3112150.0 ], [ 4366550.0, 3112050.0 ], [ 4366550.0, 3111950.0 ], [ 4366650.0, 3111950.0 ], [ 4366650.0, 3111850.0 ], [ 4366550.0, 3111850.0 ], [ 4366550.0, 3111750.0 ], [ 4367050.0, 3111150.0 ], [ 4366750.0, 3110750.0 ], [ 4366750.0, 3110650.0 ], [ 4366850.0, 3110650.0 ], [ 4366850.0, 3110550.0 ], [ 4366750.0, 3110550.0 ], [ 4366650.0, 3110550.0 ], [ 4366650.0, 3110450.0 ], [ 4366750.0, 3110250.0 ], [ 4366750.0, 3110150.0 ], [ 4366650.0, 3110150.0 ], [ 4366550.0, 3110250.0 ], [ 4366350.0, 3110350.0 ], [ 4366350.0, 3110450.0 ], [ 4366150.0, 3110450.0 ], [ 4366050.0, 3110550.0 ] ] ] } },
{ "type": "Feature", "properties": { "ID": "Mühlhausen/Thüringen_160640046_c2", "GEN": "Mühlhausen/Thüringen", "ARS": "160640046", "LAN": "Thüringen", "area": 3.505, "centroid": "POINT (4353097.64622 3122200.309082)", "DH_demand": 18829.23860574653, "total_demand_cells": 61735.162244796753, "total_demand_area": 157704.109375, "share_DH": 20.197511287528826, "heat_density_DH": 5.3721080187579258, "heat_density": 44.994039764621967, "DH_supplied_households": 5245.0, "DH_cells": [ [ 4352850, 3120950 ], [ 4351550, 3121050 ], [ 4352250, 3121050 ], [ 4352950, 3121050 ], [ 4353850, 3121050 ], [ 4351850, 3121150 ], [ 4353050, 3121150 ], [ 4353950, 3121150 ], [ 4351450, 3121250 ], [ 4351950, 3121250 ], [ 4352150, 3121250 ], [ 4352850, 3121250 ], [ 4353850, 3121250 ], [ 4352250, 3121350 ], [ 4352350, 3121350 ], [ 4352850, 3121350 ], [ 4353150, 3121350 ], [ 4353850, 3121350 ], [ 4354150, 3121350 ], [ 4353350, 3121450 ], [ 4353650, 3121450 ], [ 4353750, 3121450 ], [ 4353850, 3121450 ], [ 4353950, 3121450 ], [ 4351950, 3121550 ], [ 4353050, 3121550 ], [ 4353550, 3121550 ], [ 4353650, 3121550 ], [ 4353950, 3121550 ], [ 4351950, 3121650 ], [ 4352750, 3121650 ], [ 4353550, 3121650 ], [ 4353650, 3121650 ], [ 4351350, 3121750 ], [ 4351750, 3121750 ], [ 4351850, 3121750 ], [ 4352150, 3121750 ], [ 4352450, 3121750 ], [ 4353550, 3121750 ], [ 4353650, 3121750 ], [ 4353750, 3121750 ], [ 4351650, 3121850 ], [ 4352850, 3121850 ], [ 4353650, 3121850 ], [ 4353750, 3121850 ], [ 4353850, 3121850 ], [ 4353950, 3121850 ], [ 4351750, 3121950 ], [ 4352250, 3121950 ], [ 4352450, 3121950 ], [ 4352650, 3121950 ], [ 4352750, 3121950 ], [ 4352850, 3121950 ], [ 4352950, 3121950 ], [ 4353050, 3121950 ], [ 4353350, 3121950 ], [ 4353550, 3121950 ], [ 4353650, 3121950 ], [ 4351750, 3122050 ], [ 4351850, 3122050 ], [ 4352650, 3122050 ], [ 4352750, 3122050 ], [ 4352850, 3122050 ], [ 4353150, 3122050 ], [ 4353250, 3122050 ], [ 4353350, 3122050 ], [ 4353450, 3122050 ], [ 4353750, 3122050 ], [ 4352650, 3122150 ], [ 4352750, 3122150 ], [ 4353350, 3122150 ], [ 4353650, 3122150 ], [ 4353850, 3122150 ], [ 4353950, 3122150 ], [ 4352450, 3122250 ], [ 4352850, 3122250 ], [ 4353050, 3122250 ], [ 4353250, 3122250 ], [ 4353550, 3122250 ], [ 4353250, 3122350 ], [ 4353350, 3122350 ], [ 4353650, 3122350 ], [ 4353750, 3122350 ], [ 4352950, 3122450 ], [ 4353050, 3122450 ], [ 4353150, 3122450 ], [ 4352450, 3122550 ], [ 4352850, 3122550 ], [ 4352950, 3122550 ], [ 4353050, 3122550 ], [ 4353150, 3122550 ], [ 4353250, 3122550 ], [ 4353350, 3122550 ], [ 4353450, 3122550 ], [ 4353950, 3122550 ], [ 4352950, 3122650 ], [ 4353050, 3122650 ], [ 4353150, 3122650 ], [ 4353250, 3122650 ], [ 4353350, 3122650 ], [ 4353450, 3122650 ], [ 4353750, 3122650 ], [ 4354250, 3122650 ], [ 4352150, 3122750 ], [ 4352650, 3122750 ], [ 4352750, 3122750 ], [ 4352850, 3122750 ], [ 4352950, 3122750 ], [ 4353050, 3122750 ], [ 4353150, 3122750 ], [ 4353250, 3122750 ], [ 4353850, 3122750 ], [ 4354350, 3122750 ], [ 4354450, 3122750 ], [ 4352250, 3122850 ], [ 4352350, 3122850 ], [ 4352550, 3122850 ], [ 4352650, 3122850 ], [ 4352750, 3122850 ], [ 4352850, 3122850 ], [ 4352950, 3122850 ], [ 4353350, 3122850 ], [ 4354050, 3122850 ], [ 4354150, 3122850 ], [ 4354250, 3122850 ], [ 4354350, 3122850 ], [ 4352150, 3122950 ], [ 4352250, 3122950 ], [ 4352350, 3122950 ], [ 4352450, 3122950 ], [ 4352650, 3122950 ], [ 4352750, 3122950 ], [ 4352850, 3122950 ], [ 4353050, 3122950 ], [ 4353950, 3122950 ], [ 4354050, 3122950 ], [ 4354150, 3122950 ], [ 4354250, 3122950 ], [ 4354350, 3122950 ], [ 4354450, 3122950 ], [ 4354550, 3122950 ], [ 4353950, 3123050 ], [ 4354050, 3123050 ], [ 4354150, 3123050 ], [ 4354250, 3123050 ], [ 4354350, 3123050 ], [ 4354650, 3123050 ], [ 4353950, 3123150 ], [ 4354050, 3123150 ], [ 4354350, 3123150 ], [ 4353850, 3123250 ], [ 4353950, 3123250 ], [ 4354050, 3123250 ], [ 4354150, 3123250 ], [ 4354250, 3123250 ], [ 4354350, 3123250 ], [ 4352250, 3123350 ], [ 4353550, 3123350 ], [ 4353950, 3123350 ], [ 4354050, 3123350 ], [ 4354150, 3123350 ], [ 4354250, 3123350 ], [ 4354350, 3123350 ], [ 4353550, 3123450 ], [ 4353950, 3123450 ], [ 4354050, 3123450 ], [ 4354150, 3123450 ], [ 4353750, 3123550 ], [ 4353550, 3123650 ], [ 4353650, 3123650 ] ] }, "geometry": { "type": "Polygon", "coordinates": [ [ [ 4351350.0, 3121750.0 ], [ 4351650.0, 3121850.0 ], [ 4351750.0, 3121950.0 ], [ 4351750.0, 3122050.0 ], [ 4351850.0, 3122050.0 ], [ 4351850.0, 3121750.0 ], [ 4351950.0, 3121650.0 ], [ 4352150.0, 3121750.0 ], [ 4352250.0, 3121950.0 ], [ 4352450.0, 3121950.0 ], [ 4352450.0, 3122250.0 ], [ 4352450.0, 3122550.0 ], [ 4352650.0, 3122750.0 ], [ 4352650.0, 3122850.0 ], [ 4352550.0, 3122850.0 ], [ 4352350.0, 3122850.0 ], [ 4352250.0, 3122850.0 ], [ 4352150.0, 3122750.0 ], [ 4352150.0, 3122950.0 ], [ 4352250.0, 3122950.0 ], [ 4352250.0, 3123350.0 ], [ 4352350.0, 3122950.0 ], [ 4352450.0, 3122950.0 ], [ 4352650.0, 3122950.0 ], [ 4352750.0, 3122950.0 ], [ 4352850.0, 3122950.0 ], [ 4352850.0, 3122850.0 ], [ 4352950.0, 3122850.0 ], [ 4353050.0, 3122950.0 ], [ 4353050.0, 3122750.0 ], [ 4353150.0, 3122750.0 ], [ 4353250.0, 3122750.0 ], [ 4353350.0, 3122850.0 ], [ 4353550.0, 3123350.0 ], [ 4353550.0, 3123450.0 ], [ 4353550.0, 3123650.0 ], [ 4353650.0, 3123650.0 ], [ 4353750.0, 3123550.0 ], [ 4353950.0, 3123450.0 ], [ 4354050.0, 3123450.0 ], [ 4354150.0, 3123450.0 ], [ 4354150.0, 3123350.0 ], [ 4354250.0, 3123350.0 ], [ 4354350.0, 3123350.0 ], [ 4354350.0, 3123250.0 ], [ 4354350.0, 3123150.0 ], [ 4354350.0, 3123050.0 ], [ 4354650.0, 3123050.0 ], [ 4354550.0, 3122950.0 ], [ 4354450.0, 3122950.0 ], [ 4354450.0, 3122750.0 ], [ 4354350.0, 3122750.0 ], [ 4354250.0, 3122650.0 ], [ 4353950.0, 3122550.0 ], [ 4353750.0, 3122350.0 ], [ 4353850.0, 3122150.0 ], [ 4353950.0, 3122150.0 ], [ 4353950.0, 3121850.0 ], [ 4353950.0, 3121550.0 ], [ 4353950.0, 3121450.0 ], [ 4354150.0, 3121350.0 ], [ 4353950.0, 3121150.0 ], [ 4353850.0, 3121050.0 ], [ 4353850.0, 3121250.0 ], [ 4353850.0, 3121350.0 ], [ 4353850.0, 3121450.0 ], [ 4353750.0, 3121450.0 ], [ 4353650.0, 3121450.0 ], [ 4353650.0, 3121550.0 ], [ 4353550.0, 3121550.0 ], [ 4353350.0, 3121450.0 ], [ 4353150.0, 3121350.0 ], [ 4353050.0, 3121150.0 ], [ 4352950.0, 3121050.0 ], [ 4352850.0, 3120950.0 ], [ 4352850.0, 3121250.0 ], [ 4352850.0, 3121350.0 ], [ 4352750.0, 3121650.0 ], [ 4352450.0, 3121750.0 ], [ 4352350.0, 3121350.0 ], [ 4352250.0, 3121350.0 ], [ 4352150.0, 3121250.0 ], [ 4352250.0, 3121050.0 ], [ 4351950.0, 3121250.0 ], [ 4351850.0, 3121150.0 ], [ 4351550.0, 3121050.0 ], [ 4351450.0, 3121250.0 ], [ 4351350.0, 3121750.0 ] ] ] } },
{ "type": "Feature", "properties": { "ID": "Mühlhausen/Thüringen_160640046_c4", "GEN": "Mühlhausen/Thüringen", "ARS": "160640046", "LAN": "Thüringen", "area": 0.47, "centroid": "POINT (4349081.560284 3121795.744681)", "DH_demand": 383.81353622878538, "total_demand_cells": 981.27972936630249, "total_demand_area": 3879.20361328125, "share_DH": 16.737316257002366, "heat_density_DH": 0.8166245451676285, "heat_density": 8.253624709109042, "DH_supplied_households": 107.0, "DH_cells": [ [ 4348850, 3121250 ], [ 4349050, 3121250 ], [ 4349150, 3121250 ], [ 4348850, 3121450 ], [ 4349350, 3121750 ], [ 4349450, 3121750 ], [ 4349450, 3121850 ], [ 4349350, 3122050 ], [ 4348850, 3122150 ], [ 4348950, 3122150 ], [ 4348850, 3122250 ], [ 4348950, 3122250 ], [ 4348950, 3122450 ] ] }, "geometry": { "type": "Polygon", "coordinates": [ [ [ 4349050.0, 3121250.0 ], [ 4348850.0, 3121250.0 ], [ 4348850.0, 3121450.0 ], [ 4348850.0, 3122150.0 ], [ 4348850.0, 3122250.0 ], [ 4348950.0, 3122250.0 ], [ 4348950.0, 3122450.0 ], [ 4349350.0, 3122050.0 ], [ 4349450.0, 3121850.0 ], [ 4349450.0, 3121750.0 ], [ 4349350.0, 3121750.0 ], [ 4349150.0, 3121250.0 ], [ 4349050.0, 3121250.0 ] ] ] } },
{ "type": "Feature", "properties": { "ID": "Mühlhausen/Thüringen_160640046_c7", "GEN": "Mühlhausen/Thüringen", "ARS": "160640046", "LAN": "Thüringen", "area": 0.035, "centroid": "POINT (4355188.095238 3122469.047619)", "DH_demand": 123.12379341056868, "total_demand_cells": 1016.2050018310547, "total_demand_area": 1784.1923828125, "share_DH": 11.673697017913174, "heat_density_DH": 3.5178226688733916, "heat_density": 50.976925223214295, "DH_supplied_households": 20.0, "DH_cells": [ [ 4355150, 3122350 ], [ 4355250, 3122350 ], [ 4355250, 3122450 ], [ 4355050, 3122550 ], [ 4355350, 3122550 ] ] }, "geometry": { "type": "Polygon", "coordinates": [ [ [ 4355050.0, 3122550.0 ], [ 4355350.0, 3122550.0 ], [ 4355250.0, 3122450.0 ], [ 4355250.0, 3122350.0 ], [ 4355150.0, 3122350.0 ], [ 4355050.0, 3122550.0 ] ] ] } },
{ "type": "Feature", "properties": { "ID": "Südeichsfeld_160640074_c1", "GEN": "Südeichsfeld", "ARS": "160640074", "LAN": "Thüringen", "area": 0.145, "centroid": "POINT (4340795.977011 3118310.91954)", "DH_demand": 237.52248997952606, "total_demand_cells": 1099.5503425598145, "total_demand_area": 4771.2861328125, "share_DH": 8.4212660142640345, "heat_density_DH": 1.6380861377898348, "heat_density": 32.905421605603451, "DH_supplied_households": 18.0, "DH_cells": [ [ 4340750, 3117950 ], [ 4340650, 3118350 ], [ 4341050, 3118350 ], [ 4340950, 3118450 ], [ 4341050, 3118450 ], [ 4340450, 3118550 ] ] }, "geometry": { "type": "Polygon", "coordinates": [ [ [ 4340650.0, 3118350.0 ], [ 4340450.0, 3118550.0 ], [ 4340950.0, 3118450.0 ], [ 4341050.0, 3118450.0 ], [ 4341050.0, 3118350.0 ], [ 4340750.0, 3117950.0 ], [ 4340650.0, 3118350.0 ] ] ] } },
{ "type": "Feature", "properties": { "ID": "Unstrut-Hainich_160640076_c1", "GEN": "Unstrut-Hainich", "ARS": "160640076", "LAN": "Thüringen", "area": 0.23, "centroid": "POINT (4360360.144928 3115364.492754)", "DH_demand": 131.5792021086755, "total_demand_cells": 982.48910522460938, "total_demand_area": 8257.044921875, "share_DH": 2.6956947442394998, "heat_density_DH": 0.57208348742902404, "heat_density": 35.900195312500003, "DH_supplied_households": 18.0, "DH_cells": [ [ 4360150, 3115050 ], [ 4360450, 3115050 ], [ 4360150, 3115550 ], [ 4360350, 3115650 ], [ 4360650, 3115650 ] ] }, "geometry": { "type": "Polygon", "coordinates": [ [ [ 4360150.0, 3115050.0 ], [ 4360150.0, 3115550.0 ], [ 4360350.0, 3115650.0 ], [ 4360650.0, 3115650.0 ], [ 4360450.0, 3115050.0 ], [ 4360150.0, 3115050.0 ] ] ] } },
{ "type": "Feature", "properties": { "ID": "Bad Tennstedt_160645001_c0", "GEN": "Bad Tennstedt", "ARS": "160645001", "LAN": "Thüringen", "area": 0.31, "centroid": "POINT (4379783.870968 3116204.301075)", "DH_demand": 475.40626260093103, "total_demand_cells": 3477.4663829803467, "total_demand_area": 7793.7685546875, "share_DH": 10.318712312907842, "heat_density_DH": 1.5335685890352613, "heat_density": 25.14118888608871, "DH_supplied_households": 68.0, "DH_cells": [ [ 4379450, 3115850 ], [ 4380450, 3115950 ], [ 4379550, 3116050 ], [ 4379650, 3116050 ], [ 4380050, 3116050 ], [ 4379150, 3116150 ], [ 4379350, 3116150 ], [ 4379450, 3116150 ], [ 4379650, 3116150 ], [ 4379850, 3116150 ], [ 4379950, 3116150 ], [ 4379350, 3116250 ], [ 4379550, 3116250 ], [ 4380150, 3116250 ], [ 4379550, 3116350 ], [ 4380250, 3116350 ], [ 4379450, 3116450 ], [ 4379650, 3116450 ], [ 4379450, 3116550 ], [ 4380150, 3116650 ] ] }, "geometry": { "type": "Polygon", "coordinates": [ [ [ 4379150.0, 3116150.0 ], [ 4379350.0, 3116150.0 ], [ 4379350.0, 3116250.0 ], [ 4379450.0, 3116450.0 ], [ 4379450.0, 3116550.0 ], [ 4379550.0, 3116350.0 ], [ 4379650.0, 3116450.0 ], [ 4379650.0, 3116150.0 ], [ 4379850.0, 3116150.0 ], [ 4380150.0, 3116650.0 ], [ 4380250.0, 3116350.0 ], [ 4380150.0, 3116250.0 ], [ 4380450.0, 3115950.0 ], [ 4380050.0, 3116050.0 ], [ 4379950.0, 3116150.0 ], [ 4379650.0, 3116050.0 ], [ 4379550.0, 3116050.0 ], [ 4379450.0, 3115850.0 ], [ 4379150.0, 3116150.0 ] ] ] } },
{ "type": "Feature", "properties": { "ID": "Herbsleben_160645051_c0", "GEN": "Herbsleben", "ARS": "160645051", "LAN": "Thüringen", "area": 0.165, "centroid": "POINT (4379688.383838 3112266.161616)", "DH_demand": 338.543741494389, "total_demand_cells": 3023.9135208129883, "total_demand_area": 9763.296875, "share_DH": 5.8657885721596319, "heat_density_DH": 2.0517802514811456, "heat_density": 59.17149621212122, "DH_supplied_households": 30.0, "DH_cells": [ [ 4379150, 3112050 ], [ 4379350, 3112050 ], [ 4379450, 3112150 ], [ 4379650, 3112150 ], [ 4379250, 3112350 ], [ 4380150, 3112350 ], [ 4380350, 3112350 ], [ 4379350, 3112450 ], [ 4380050, 3112450 ], [ 4380050, 3112550 ] ] }, "geometry": { "type": "Polygon", "coordinates": [ [ [ 4379150.0, 3112050.0 ], [ 4379250.0, 3112350.0 ], [ 4379350.0, 3112450.0 ], [ 4379450.0, 3112150.0 ], [ 4379650.0, 3112150.0 ], [ 4380050.0, 3112450.0 ], [ 4380050.0, 3112550.0 ], [ 4380350.0, 3112350.0 ], [ 4379350.0, 3112050.0 ], [ 4379150.0, 3112050.0 ] ] ] } },
{ "type": "Feature", "properties": { "ID": "Vogtei_160645053_c1", "GEN": "Vogtei", "ARS": "160645053", "LAN": "Thüringen", "area": 0.04, "centroid": "POINT (4352408.333333 3116575)", "DH_demand": 134.32425564814156, "total_demand_cells": 981.09176635742188, "total_demand_area": 2767.9052734375, "share_DH": 8.2093983599138518, "heat_density_DH": 3.3581063912035392, "heat_density": 69.1976318359375, "DH_supplied_households": 13.0, "DH_cells": [ [ 4352350, 3116450 ], [ 4352550, 3116550 ], [ 4352250, 3116650 ], [ 4352550, 3116650 ] ] }, "geometry": { "type": "Polygon", "coordinates": [ [ [ 4352250.0, 3116650.0 ], [ 4352550.0, 3116650.0 ], [ 4352550.0, 3116550.0 ], [ 4352350.0, 3116450.0 ], [ 4352250.0, 3116650.0 ] ] ] } },
{ "type": "Feature", "properties": { "ID": "Vogtei_160645053_c2", "GEN": "Vogtei", "ARS": "160645053", "LAN": "Thüringen", "area": 0.095, "centroid": "POINT (4350899.122807 3117404.385965)", "DH_demand": 140.50411764943937, "total_demand_cells": 1039.0814208984375, "total_demand_area": 3284.81591796875, "share_DH": 7.2357928658195885, "heat_density_DH": 1.4789907120993617, "heat_density": 34.577009662828949, "DH_supplied_households": 27.0, "DH_cells": [ [ 4350750, 3117150 ], [ 4350750, 3117350 ], [ 4351150, 3117450 ], [ 4350750, 3117550 ], [ 4350850, 3117550 ], [ 4351050, 3117550 ] ] }, "geometry": { "type": "Polygon", "coordinates": [ [ [ 4350750.0, 3117150.0 ], [ 4350750.0, 3117350.0 ], [ 4350750.0, 3117550.0 ], [ 4350850.0, 3117550.0 ], [ 4351050.0, 3117550.0 ], [ 4351150.0, 3117450.0 ], [ 4350750.0, 3117150.0 ] ] ] } },
{ "type": "Feature", "properties": { "ID": "Nottertal-Heilinger Höhen_160645055_c1", "GEN": "Nottertal-Heilinger Höhen", "ARS": "160645055", "LAN": "Thüringen", "area": 0.31, "centroid": "POINT (4366845.16129 3126368.817204)", "DH_demand": 204.82284048365352, "total_demand_cells": 2031.1137599945068, "total_demand_area": 9209.443359375, "share_DH": 3.7622973283391135, "heat_density_DH": 0.66071884026985006, "heat_density": 29.707881804435484, "DH_supplied_households": 49.0, "DH_cells": [ [ 4366850, 3126050 ], [ 4366150, 3126150 ], [ 4366250, 3126150 ], [ 4366250, 3126250 ], [ 4366350, 3126250 ], [ 4367150, 3126250 ], [ 4366450, 3126350 ], [ 4366950, 3126350 ], [ 4367050, 3126350 ], [ 4366850, 3126450 ], [ 4367350, 3126750 ], [ 4367450, 3126950 ] ] }, "geometry": { "type": "Polygon", "coordinates": [ [ [ 4366250.0, 3126150.0 ], [ 4366150.0, 3126150.0 ], [ 4366250.0, 3126250.0 ], [ 4366350.0, 3126250.0 ], [ 4366450.0, 3126350.0 ], [ 4366850.0, 3126450.0 ], [ 4367450.0, 3126950.0 ], [ 4367350.0, 3126750.0 ], [ 4367150.0, 3126250.0 ], [ 4367050.0, 3126350.0 ], [ 4366950.0, 3126350.0 ], [ 4366850.0, 3126050.0 ], [ 4366250.0, 3126150.0 ] ] ] } },
{ "type": "Feature", "properties": { "ID": "Bad Frankenhausen/Kyffhäuser_160650003_c0", "GEN": "Bad Frankenhausen/Kyffhäuser", "ARS": "160650003", "LAN": "Thüringen", "area": 1.35, "centroid": "POINT (4397933.703704 3138810.617284)", "DH_demand": 2528.2048563612307, "total_demand_cells": 11055.067245483398, "total_demand_area": 38128.2109375, "share_DH": 11.216928311890845, "heat_density_DH": 1.8727443380453563, "heat_density": 28.243119212962966, "DH_supplied_households": 821.0, "DH_cells": [ [ 4398250, 3138050 ], [ 4397650, 3138250 ], [ 4397750, 3138350 ], [ 4397950, 3138350 ], [ 4397250, 3138450 ], [ 4397350, 3138450 ], [ 4397650, 3138450 ], [ 4397850, 3138450 ], [ 4398050, 3138450 ], [ 4397450, 3138550 ], [ 4397950, 3138550 ], [ 4398050, 3138550 ], [ 4398850, 3138550 ], [ 4398750, 3138650 ], [ 4397550, 3138750 ], [ 4397550, 3138850 ], [ 4397850, 3138850 ], [ 4398850, 3138850 ], [ 4396750, 3138950 ], [ 4396850, 3138950 ], [ 4396950, 3138950 ], [ 4397650, 3138950 ], [ 4397750, 3138950 ], [ 4397850, 3138950 ], [ 4398750, 3138950 ], [ 4396650, 3139050 ], [ 4396750, 3139050 ], [ 4396850, 3139050 ], [ 4396950, 3139050 ], [ 4397050, 3139050 ], [ 4397150, 3139050 ], [ 4397250, 3139050 ], [ 4397650, 3139050 ], [ 4397750, 3139050 ], [ 4397850, 3139050 ], [ 4398450, 3139050 ], [ 4398650, 3139050 ], [ 4396750, 3139150 ], [ 4397150, 3139150 ], [ 4397850, 3139150 ], [ 4396750, 3139250 ], [ 4396850, 3139250 ], [ 4398550, 3139250 ], [ 4396850, 3139350 ], [ 4396950, 3139350 ], [ 4397250, 3139350 ], [ 4397750, 3139350 ], [ 4398650, 3139350 ], [ 4397550, 3139450 ] ] }, "geometry": { "type": "Polygon", "coordinates": [ [ [ 4397550.0, 3138750.0 ], [ 4397550.0, 3138850.0 ], [ 4397650.0, 3138950.0 ], [ 4397650.0, 3139050.0 ], [ 4397250.0, 3139050.0 ], [ 4397150.0, 3139050.0 ], [ 4397050.0, 3139050.0 ], [ 4396950.0, 3139050.0 ], [ 4396950.0, 3138950.0 ], [ 4396850.0, 3138950.0 ], [ 4396750.0, 3138950.0 ], [ 4396650.0, 3139050.0 ], [ 4396750.0, 3139150.0 ], [ 4396750.0, 3139250.0 ], [ 4396850.0, 3139250.0 ], [ 4396850.0, 3139350.0 ], [ 4396950.0, 3139350.0 ], [ 4397250.0, 3139350.0 ], [ 4397550.0, 3139450.0 ], [ 4397750.0, 3139350.0 ], [ 4397850.0, 3139150.0 ], [ 4397850.0, 3139050.0 ], [ 4398450.0, 3139050.0 ], [ 4398550.0, 3139250.0 ], [ 4398650.0, 3139350.0 ], [ 4398650.0, 3139050.0 ], [ 4398750.0, 3138950.0 ], [ 4398850.0, 3138850.0 ], [ 4398750.0, 3138650.0 ], [ 4398850.0, 3138550.0 ], [ 4398250.0, 3138050.0 ], [ 4397950.0, 3138350.0 ], [ 4397850.0, 3138450.0 ], [ 4397750.0, 3138350.0 ], [ 4397650.0, 3138250.0 ], [ 4397650.0, 3138450.0 ], [ 4397450.0, 3138550.0 ], [ 4397350.0, 3138450.0 ], [ 4397250.0, 3138450.0 ], [ 4397550.0, 3138750.0 ] ] ] } },
{ "type": "Feature", "properties": { "ID": "Sondershausen_160650067_c1", "GEN": "Sondershausen", "ARS": "160650067", "LAN": "Thüringen", "area": 4.955, "centroid": "POINT (4381266.616213 3140133.61924)", "DH_demand": 13127.756458643655, "total_demand_cells": 37575.008629798889, "total_demand_area": 105728.171875, "share_DH": 21.004284833291585, "heat_density_DH": 2.6493958544184975, "heat_density": 21.33767343592331, "DH_supplied_households": 3557.0, "DH_cells": [ [ 4379350, 3138950 ], [ 4382750, 3138950 ], [ 4383150, 3138950 ], [ 4383250, 3138950 ], [ 4383550, 3138950 ], [ 4382850, 3139050 ], [ 4383250, 3139050 ], [ 4383350, 3139050 ], [ 4379250, 3139150 ], [ 4379550, 3139150 ], [ 4383250, 3139150 ], [ 4383150, 3139250 ], [ 4383350, 3139250 ], [ 4379450, 3139350 ], [ 4381750, 3139350 ], [ 4381850, 3139350 ], [ 4381950, 3139350 ], [ 4382050, 3139350 ], [ 4382150, 3139350 ], [ 4382250, 3139350 ], [ 4382350, 3139350 ], [ 4382950, 3139350 ], [ 4381650, 3139450 ], [ 4381750, 3139450 ], [ 4381850, 3139450 ], [ 4381950, 3139450 ], [ 4382050, 3139450 ], [ 4382150, 3139450 ], [ 4382250, 3139450 ], [ 4382350, 3139450 ], [ 4382450, 3139450 ], [ 4382650, 3139450 ], [ 4379950, 3139550 ], [ 4380150, 3139550 ], [ 4381650, 3139550 ], [ 4381750, 3139550 ], [ 4381850, 3139550 ], [ 4381950, 3139550 ], [ 4382050, 3139550 ], [ 4382150, 3139550 ], [ 4382250, 3139550 ], [ 4379650, 3139650 ], [ 4380050, 3139650 ], [ 4380650, 3139650 ], [ 4381450, 3139650 ], [ 4381650, 3139650 ], [ 4381950, 3139650 ], [ 4382050, 3139650 ], [ 4382150, 3139650 ], [ 4380950, 3139750 ], [ 4381350, 3139750 ], [ 4381950, 3139750 ], [ 4382050, 3139750 ], [ 4381650, 3139850 ], [ 4382650, 3139850 ], [ 4383250, 3139850 ], [ 4381650, 3139950 ], [ 4381850, 3139950 ], [ 4381950, 3139950 ], [ 4382250, 3139950 ], [ 4382650, 3139950 ], [ 4382750, 3139950 ], [ 4380350, 3140050 ], [ 4381650, 3140050 ], [ 4382950, 3140050 ], [ 4383050, 3140050 ], [ 4383150, 3140050 ], [ 4383250, 3140050 ], [ 4381150, 3140150 ], [ 4381250, 3140150 ], [ 4381450, 3140150 ], [ 4381650, 3140150 ], [ 4382150, 3140150 ], [ 4382550, 3140150 ], [ 4382650, 3140150 ], [ 4383050, 3140150 ], [ 4383150, 3140150 ], [ 4383250, 3140150 ], [ 4380350, 3140250 ], [ 4380850, 3140250 ], [ 4380950, 3140250 ], [ 4381250, 3140250 ], [ 4381350, 3140250 ], [ 4381850, 3140250 ], [ 4382050, 3140250 ], [ 4382150, 3140250 ], [ 4382250, 3140250 ], [ 4382450, 3140250 ], [ 4382650, 3140250 ], [ 4382750, 3140250 ], [ 4382850, 3140250 ], [ 4380350, 3140350 ], [ 4381250, 3140350 ], [ 4381450, 3140350 ], [ 4381550, 3140350 ], [ 4381650, 3140350 ], [ 4381750, 3140350 ], [ 4381850, 3140350 ], [ 4381950, 3140350 ], [ 4382050, 3140350 ], [ 4382150, 3140350 ], [ 4382250, 3140350 ], [ 4382450, 3140350 ], [ 4382550, 3140350 ], [ 4382650, 3140350 ], [ 4382750, 3140350 ], [ 4382850, 3140350 ], [ 4382950, 3140350 ], [ 4379850, 3140450 ], [ 4380650, 3140450 ], [ 4381750, 3140450 ], [ 4381850, 3140450 ], [ 4381950, 3140450 ], [ 4382050, 3140450 ], [ 4382150, 3140450 ], [ 4379150, 3140550 ], [ 4379450, 3140550 ], [ 4382050, 3140750 ], [ 4380450, 3140850 ], [ 4380250, 3140950 ], [ 4380350, 3140950 ], [ 4380550, 3140950 ], [ 4380650, 3140950 ], [ 4380750, 3140950 ], [ 4380150, 3141050 ], [ 4381950, 3141050 ], [ 4380250, 3141150 ], [ 4381150, 3141150 ], [ 4380050, 3141350 ], [ 4380150, 3141350 ], [ 4380750, 3141350 ] ] }, "geometry": { "type": "Polygon", "coordinates": [ [ [ 4379450.0, 3139350.0 ], [ 4379650.0, 3139650.0 ], [ 4379150.0, 3140550.0 ], [ 4379450.0, 3140550.0 ], [ 4379850.0, 3140450.0 ], [ 4380250.0, 3140950.0 ], [ 4380150.0, 3141050.0 ], [ 4380050.0, 3141350.0 ], [ 4380150.0, 3141350.0 ], [ 4380250.0, 3141150.0 ], [ 4380350.0, 3140950.0 ], [ 4380450.0, 3140850.0 ], [ 4380550.0, 3140950.0 ], [ 4380650.0, 3140950.0 ], [ 4380750.0, 3140950.0 ], [ 4380750.0, 3141350.0 ], [ 4381150.0, 3141150.0 ], [ 4381950.0, 3141050.0 ], [ 4382050.0, 3140750.0 ], [ 4382050.0, 3140450.0 ], [ 4382150.0, 3140450.0 ], [ 4382150.0, 3140350.0 ], [ 4382250.0, 3140350.0 ], [ 4382450.0, 3140350.0 ], [ 4382550.0, 3140350.0 ], [ 4382650.0, 3140350.0 ], [ 4382750.0, 3140350.0 ], [ 4382850.0, 3140350.0 ], [ 4382950.0, 3140350.0 ], [ 4383050.0, 3140150.0 ], [ 4383150.0, 3140150.0 ], [ 4383250.0, 3140150.0 ], [ 4383250.0, 3140050.0 ], [ 4383250.0, 3139850.0 ], [ 4382950.0, 3139350.0 ], [ 4383150.0, 3139250.0 ], [ 4383250.0, 3139150.0 ], [ 4383350.0, 3139250.0 ], [ 4383550.0, 3138950.0 ], [ 4383350.0, 3139050.0 ], [ 4383250.0, 3139050.0 ], [ 4383250.0, 3138950.0 ], [ 4383150.0, 3138950.0 ], [ 4382850.0, 3139050.0 ], [ 4382750.0, 3138950.0 ], [ 4382650.0, 3139450.0 ], [ 4382450.0, 3139450.0 ], [ 4382350.0, 3139450.0 ], [ 4382350.0, 3139350.0 ], [ 4382250.0, 3139350.0 ], [ 4382150.0, 3139350.0 ], [ 4382050.0, 3139350.0 ], [ 4381950.0, 3139350.0 ], [ 4381850.0, 3139350.0 ], [ 4381750.0, 3139350.0 ], [ 4381750.0, 3139450.0 ], [ 4381650.0, 3139450.0 ], [ 4381650.0, 3139550.0 ], [ 4381650.0, 3139650.0 ], [ 4381450.0, 3139650.0 ], [ 4381350.0, 3139750.0 ], [ 4380950.0, 3139750.0 ], [ 4380650.0, 3139650.0 ], [ 4380150.0, 3139550.0 ], [ 4380050.0, 3139650.0 ], [ 4379950.0, 3139550.0 ], [ 4379550.0, 3139150.0 ], [ 4379350.0, 3138950.0 ], [ 4379250.0, 3139150.0 ], [ 4379450.0, 3139350.0 ] ] ] } },
{ "type": "Feature", "properties": { "ID": "Sondershausen_160650067_c2", "GEN": "Sondershausen", "ARS": "160650067", "LAN": "Thüringen", "area": 0.285, "centroid": "POINT (4376722.51462 3142913.157895)", "DH_demand": 501.71582999251456, "total_demand_cells": 2143.5432548522949, "total_demand_area": 5659.96142578125, "share_DH": 14.995206241354703, "heat_density_DH": 1.7604064210263668, "heat_density": 19.859513774671054, "DH_supplied_households": 45.0, "DH_cells": [ [ 4376550, 3142350 ], [ 4376250, 3142550 ], [ 4376450, 3142550 ], [ 4376550, 3142650 ], [ 4376650, 3142650 ], [ 4376850, 3142650 ], [ 4376550, 3142750 ], [ 4376650, 3142750 ], [ 4376750, 3142750 ], [ 4376850, 3142850 ], [ 4376450, 3143050 ], [ 4376650, 3143050 ], [ 4376750, 3143250 ], [ 4377150, 3143450 ] ] }, "geometry": { "type": "Polygon", "coordinates": [ [ [ 4376250.0, 3142550.0 ], [ 4376450.0, 3142550.0 ], [ 4376550.0, 3142650.0 ], [ 4376550.0, 3142750.0 ], [ 4376450.0, 3143050.0 ], [ 4376650.0, 3143050.0 ], [ 4376750.0, 3143250.0 ], [ 4377150.0, 3143450.0 ], [ 4376850.0, 3142850.0 ], [ 4376850.0, 3142650.0 ], [ 4376650.0, 3142650.0 ], [ 4376550.0, 3142350.0 ], [ 4376250.0, 3142550.0 ] ] ] } },
{ "type": "Feature", "properties": { "ID": "Kyffhäuserland_160650085_c0", "GEN": "Kyffhäuserland", "ARS": "160650085", "LAN": "Thüringen", "area": 0.03, "centroid": "POINT (4393783.333333 3139505.555556)", "DH_demand": 134.4613720932156, "total_demand_cells": 834.15814188122749, "total_demand_area": 1662.3150634765625, "share_DH": 13.683346007649892, "heat_density_DH": 4.4820457364405204, "heat_density": 55.410502115885414, "DH_supplied_households": 15.0, "DH_cells": [ [ 4393550, 3139250 ], [ 4393750, 3139450 ], [ 4393750, 3139550 ], [ 4393950, 3139550 ], [ 4393850, 3139650 ] ] }, "geometry": { "type": "Polygon", "coordinates": [ [ [ 4393750.0, 3139450.0 ], [ 4393550.0, 3139250.0 ], [ 4393750.0, 3139550.0 ], [ 4393850.0, 3139650.0 ], [ 4393950.0, 3139550.0 ], [ 4393750.0, 3139450.0 ] ] ] } },
{ "type": "Feature", "properties": { "ID": "Roßleben-Wiehe_160650087_c0", "GEN": "Roßleben-Wiehe", "ARS": "160650087", "LAN": "Thüringen", "area": 0.11, "centroid": "POINT (4419716.666667 3129271.212121)", "DH_demand": 212.2869406812471, "total_demand_cells": 1694.3068542480469, "total_demand_area": 4333.94189453125, "share_DH": 8.2860644064332991, "heat_density_DH": 1.9298812789204283, "heat_density": 39.399471768465908, "DH_supplied_households": 51.0, "DH_cells": [ [ 4419950, 3128950 ], [ 4419550, 3129150 ], [ 4419650, 3129150 ], [ 4419750, 3129150 ], [ 4419550, 3129250 ], [ 4419850, 3129350 ], [ 4419550, 3129550 ] ] }, "geometry": { "type": "Polygon", "coordinates": [ [ [ 4419750.0, 3129150.0 ], [ 4419650.0, 3129150.0 ], [ 4419550.0, 3129150.0 ], [ 4419550.0, 3129250.0 ], [ 4419550.0, 3129550.0 ], [ 4419850.0, 3129350.0 ], [ 4419950.0, 3128950.0 ], [ 4419750.0, 3129150.0 ] ] ] } },
{ "type": "Feature", "properties": { "ID": "Roßleben-Wiehe_160650087_c1", "GEN": "Roßleben-Wiehe", "ARS": "160650087", "LAN": "Thüringen", "area": 0.445, "centroid": "POINT (4420915.917603 3133085.205993)", "DH_demand": 1574.8261528986479, "total_demand_cells": 5905.3007354736328, "total_demand_area": 15338.4736328125, "share_DH": 17.368350911665285, "heat_density_DH": 3.5389351750531413, "heat_density": 34.468480073735954, "DH_supplied_households": 419.0, "DH_cells": [ [ 4421150, 3132650 ], [ 4421250, 3132650 ], [ 4420450, 3132750 ], [ 4420850, 3132750 ], [ 4420950, 3132850 ], [ 4420750, 3132950 ], [ 4421250, 3132950 ], [ 4420650, 3133050 ], [ 4421250, 3133050 ], [ 4421350, 3133050 ], [ 4420450, 3133150 ], [ 4420550, 3133150 ], [ 4420750, 3133150 ], [ 4420550, 3133250 ], [ 4421250, 3133250 ], [ 4420850, 3133350 ], [ 4421050, 3133350 ], [ 4420650, 3133450 ], [ 4420750, 3133450 ], [ 4420850, 3133450 ], [ 4420950, 3133450 ], [ 4421050, 3133450 ], [ 4420850, 3133550 ], [ 4420950, 3133550 ] ] }, "geometry": { "type": "Polygon", "coordinates": [ [ [ 4420950.0, 3132850.0 ], [ 4420850.0, 3132750.0 ], [ 4420450.0, 3132750.0 ], [ 4420750.0, 3132950.0 ], [ 4420650.0, 3133050.0 ], [ 4420550.0, 3133150.0 ], [ 4420450.0, 3133150.0 ], [ 4420550.0, 3133250.0 ], [ 4420650.0, 3133450.0 ], [ 4420750.0, 3133450.0 ], [ 4420850.0, 3133450.0 ], [ 4420850.0, 3133550.0 ], [ 4420950.0, 3133550.0 ], [ 4420950.0, 3133450.0 ], [ 4421050.0, 3133450.0 ], [ 4421050.0, 3133350.0 ], [ 4421250.0, 3133250.0 ], [ 4421250.0, 3133050.0 ], [ 4421350.0, 3133050.0 ], [ 4421250.0, 3132950.0 ], [ 4421250.0, 3132650.0 ], [ 4421150.0, 3132650.0 ], [ 4420950.0, 3132850.0 ] ] ] } },
{ "type": "Feature", "properties": { "ID": "Roßleben-Wiehe_160650087_c2", "GEN": "Roßleben-Wiehe", "ARS": "160650087", "LAN": "Thüringen", "area": 0.19, "centroid": "POINT (4418771.052632 3133667.54386)", "DH_demand": 199.76819243941418, "total_demand_cells": 1386.0506131649017, "total_demand_area": 5023.80908203125, "share_DH": 6.7266886118034259, "heat_density_DH": 1.0514115391548116, "heat_density": 26.441100431743422, "DH_supplied_households": 24.0, "DH_cells": [ [ 4418850, 3133350 ], [ 4418950, 3133450 ], [ 4418450, 3133550 ], [ 4418650, 3133550 ], [ 4419050, 3133550 ], [ 4418750, 3133750 ], [ 4418750, 3134050 ] ] }, "geometry": { "type": "Polygon", "coordinates": [ [ [ 4418650.0, 3133550.0 ], [ 4418450.0, 3133550.0 ], [ 4418750.0, 3134050.0 ], [ 4419050.0, 3133550.0 ], [ 4418950.0, 3133450.0 ], [ 4418850.0, 3133350.0 ], [ 4418650.0, 3133550.0 ] ] ] } },
{ "type": "Feature", "properties": { "ID": "Greußen_160650089_c0", "GEN": "Greußen", "ARS": "160650089", "LAN": "Thüringen", "area": 0.255, "centroid": "POINT (4386952.614379 3124784.640523)", "DH_demand": 343.28899791060832, "total_demand_cells": 2751.2555465698242, "total_demand_area": 10382.9736328125, "share_DH": 5.5930183539818827, "heat_density_DH": 1.3462313643553268, "heat_density": 40.717543658088232, "DH_supplied_households": 32.0, "DH_cells": [ [ 4387350, 3124050 ], [ 4387250, 3124350 ], [ 4386950, 3124650 ], [ 4387050, 3124650 ], [ 4387250, 3124650 ], [ 4386450, 3124750 ], [ 4387150, 3124750 ], [ 4387150, 3124950 ], [ 4386850, 3125050 ], [ 4387050, 3125150 ] ] }, "geometry": { "type": "Polygon", "coordinates": [ [ [ 4387050.0, 3124650.0 ], [ 4386950.0, 3124650.0 ], [ 4386450.0, 3124750.0 ], [ 4386850.0, 3125050.0 ], [ 4387050.0, 3125150.0 ], [ 4387150.0, 3124950.0 ], [ 4387150.0, 3124750.0 ], [ 4387250.0, 3124650.0 ], [ 4387250.0, 3124350.0 ], [ 4387350.0, 3124050.0 ], [ 4387050.0, 3124650.0 ] ] ] } },
{ "type": "Feature", "properties": { "ID": "Greußen_160655002_c0", "GEN": "Greußen", "ARS": "160655002", "LAN": "Thüringen", "area": 0.045, "centroid": "POINT (4386098.148148 3125153.703704)", "DH_demand": 142.10078039030705, "total_demand_cells": 1117.2802124023438, "total_demand_area": 2309.694091796875, "share_DH": 10.407588445854261, "heat_density_DH": 3.157795119784601, "heat_density": 51.326535373263887, "DH_supplied_households": 22.0, "DH_cells": [ [ 4386150, 3124950 ], [ 4385950, 3125050 ], [ 4386050, 3125050 ], [ 4386150, 3125150 ], [ 4386050, 3125250 ], [ 4386250, 3125350 ] ] }, "geometry": { "type": "Polygon", "coordinates": [ [ [ 4386050.0, 3125050.0 ], [ 4385950.0, 3125050.0 ], [ 4386050.0, 3125250.0 ], [ 4386250.0, 3125350.0 ], [ 4386150.0, 3125150.0 ], [ 4386150.0, 3124950.0 ], [ 4386050.0, 3125050.0 ] ] ] } },
{ "type": "Feature", "properties": { "ID": "Greußen_160655002_c3", "GEN": "Greußen", "ARS": "160655002", "LAN": "Thüringen", "area": 0.03, "centroid": "POINT (4389222.222222 3130838.888889)", "DH_demand": 215.35946719253366, "total_demand_cells": 758.9331579208374, "total_demand_area": 1125.822265625, "share_DH": 32.359532988762865, "heat_density_DH": 7.1786489064177887, "heat_density": 37.527408854166666, "DH_supplied_households": 30.0, "DH_cells": [ [ 4389150, 3130650 ], [ 4389150, 3130750 ], [ 4389250, 3130750 ], [ 4389250, 3130850 ], [ 4389350, 3130850 ], [ 4389050, 3130950 ], [ 4389150, 3130950 ], [ 4389250, 3130950 ] ] }, "geometry": { "type": "Polygon", "coordinates": [ [ [ 4389150.0, 3130750.0 ], [ 4389250.0, 3130850.0 ], [ 4389050.0, 3130950.0 ], [ 4389150.0, 3130950.0 ], [ 4389250.0, 3130950.0 ], [ 4389350.0, 3130850.0 ], [ 4389250.0, 3130750.0 ], [ 4389150.0, 3130650.0 ], [ 4389150.0, 3130750.0 ] ] ] } },
{ "type": "Feature", "properties": { "ID": "Artern_160655055_c0", "GEN": "Artern", "ARS": "160655055", "LAN": "Thüringen", "area": 0.885, "centroid": "POINT (4411184.463277 3140402.919021)", "DH_demand": 2297.8913716533461, "total_demand_cells": 9109.9157104492188, "total_demand_area": 30509.6640625, "share_DH": 12.740902122901666, "heat_density_DH": 2.5964874255970014, "heat_density": 34.474196680790961, "DH_supplied_households": 658.0, "DH_cells": [ [ 4411350, 3139650 ], [ 4411050, 3139750 ], [ 4411250, 3139750 ], [ 4411250, 3139850 ], [ 4410950, 3139950 ], [ 4411050, 3139950 ], [ 4411150, 3139950 ], [ 4411250, 3139950 ], [ 4411450, 3139950 ], [ 4411550, 3139950 ], [ 4411650, 3139950 ], [ 4412050, 3139950 ], [ 4411350, 3140050 ], [ 4411550, 3140050 ], [ 4410850, 3140150 ], [ 4411250, 3140150 ], [ 4411150, 3140250 ], [ 4411250, 3140250 ], [ 4411650, 3140350 ], [ 4410950, 3140450 ], [ 4411550, 3140450 ], [ 4411650, 3140450 ], [ 4410450, 3140550 ], [ 4411050, 3140550 ], [ 4411550, 3140550 ], [ 4411650, 3140550 ], [ 4411350, 3140650 ], [ 4411550, 3140650 ], [ 4411650, 3140650 ], [ 4411550, 3140750 ], [ 4410750, 3141050 ], [ 4410950, 3141350 ] ] }, "geometry": { "type": "Polygon", "coordinates": [ [ [ 4411050.0, 3139950.0 ], [ 4410950.0, 3139950.0 ], [ 4410850.0, 3140150.0 ], [ 4410950.0, 3140450.0 ], [ 4410450.0, 3140550.0 ], [ 4410750.0, 3141050.0 ], [ 4410950.0, 3141350.0 ], [ 4411050.0, 3140550.0 ], [ 4411350.0, 3140650.0 ], [ 4411550.0, 3140750.0 ], [ 4411550.0, 3140650.0 ], [ 4411650.0, 3140650.0 ], [ 4411650.0, 3140550.0 ], [ 4411650.0, 3140450.0 ], [ 4411650.0, 3140350.0 ], [ 4412050.0, 3139950.0 ], [ 4411650.0, 3139950.0 ], [ 4411550.0, 3139950.0 ], [ 4411450.0, 3139950.0 ], [ 4411350.0, 3140050.0 ], [ 4411250.0, 3139950.0 ], [ 4411250.0, 3139850.0 ], [ 4411350.0, 3139650.0 ], [ 4411250.0, 3139750.0 ], [ 4411050.0, 3139750.0 ], [ 4411050.0, 3139950.0 ] ] ] } },
{ "type": "Feature", "properties": { "ID": "An der Schmücke_160655056_c0", "GEN": "An der Schmücke", "ARS": "160655056", "LAN": "Thüringen", "area": 0.16, "centroid": "POINT (4405968.75 3132837.5)", "DH_demand": 292.68759443549976, "total_demand_cells": 1840.0427017211914, "total_demand_area": 4738.345703125, "share_DH": 10.44926354702535, "heat_density_DH": 1.8292974652218734, "heat_density": 29.614660644531249, "DH_supplied_households": 42.0, "DH_cells": [ [ 4405850, 3132550 ], [ 4405750, 3132750 ], [ 4405550, 3132850 ], [ 4405750, 3132850 ], [ 4405750, 3132950 ], [ 4405850, 3132950 ], [ 4406150, 3132950 ], [ 4406050, 3133050 ], [ 4406450, 3133050 ] ] }, "geometry": { "type": "Polygon", "coordinates": [ [ [ 4405750.0, 3132750.0 ], [ 4405550.0, 3132850.0 ], [ 4405750.0, 3132850.0 ], [ 4405750.0, 3132950.0 ], [ 4405850.0, 3132950.0 ], [ 4406050.0, 3133050.0 ], [ 4406150.0, 3132950.0 ], [ 4406450.0, 3133050.0 ], [ 4405850.0, 3132550.0 ], [ 4405750.0, 3132750.0 ] ] ] } },
{ "type": "Feature", "properties": { "ID": "An der Schmücke_160655056_c1", "GEN": "An der Schmücke", "ARS": "160655056", "LAN": "Thüringen", "area": 0.1, "centroid": "POINT (4402700 3133841.666667)", "DH_demand": 206.97619911104292, "total_demand_cells": 1312.0846481323242, "total_demand_area": 3905.923828125, "share_DH": 8.9640598701744985, "heat_density_DH": 2.0697619911104295, "heat_density": 39.059238281250003, "DH_supplied_households": 25.0, "DH_cells": [ [ 4402650, 3133550 ], [ 4402650, 3133750 ], [ 4402850, 3133750 ], [ 4402950, 3133750 ], [ 4402850, 3133850 ], [ 4402450, 3133950 ], [ 4402750, 3134050 ] ] }, "geometry": { "type": "Polygon", "coordinates": [ [ [ 4402650.0, 3133750.0 ], [ 4402450.0, 3133950.0 ], [ 4402750.0, 3134050.0 ], [ 4402850.0, 3133850.0 ], [ 4402950.0, 3133750.0 ], [ 4402850.0, 3133750.0 ], [ 4402650.0, 3133550.0 ], [ 4402650.0, 3133750.0 ] ] ] } },
{ "type": "Feature", "properties": { "ID": "Floh-Seligenthal_160660023_c1", "GEN": "Floh-Seligenthal", "ARS": "160660023", "LAN": "Thüringen", "area": 0.085, "centroid": "POINT (4355224.509804 3071669.607843)", "DH_demand": 126.78032474283624, "total_demand_cells": 1109.0041961669922, "total_demand_area": 3231.7275390625, "share_DH": 6.6362880968763847, "heat_density_DH": 1.4915332322686619, "heat_density": 38.020323988970596, "DH_supplied_households": 25.0, "DH_cells": [ [ 4355150, 3071550 ], [ 4355250, 3071550 ], [ 4355650, 3071650 ], [ 4355150, 3071750 ], [ 4354850, 3071850 ] ] }, "geometry": { "type": "Polygon", "coordinates": [ [ [ 4354850.0, 3071850.0 ], [ 4355150.0, 3071750.0 ], [ 4355650.0, 3071650.0 ], [ 4355250.0, 3071550.0 ], [ 4355150.0, 3071550.0 ], [ 4354850.0, 3071850.0 ] ] ] } },
{ "type": "Feature", "properties": { "ID": "Floh-Seligenthal_160660023_c2", "GEN": "Floh-Seligenthal", "ARS": "160660023", "LAN": "Thüringen", "area": 0.085, "centroid": "POINT (4354416.666667 3072871.568627)", "DH_demand": 142.56659026812477, "total_demand_cells": 786.00333786010742, "total_demand_area": 3351.2177734375, "share_DH": 7.1965313703269569, "heat_density_DH": 1.6772540031544094, "heat_density": 39.426091452205888, "DH_supplied_households": 17.0, "DH_cells": [ [ 4354650, 3072450 ], [ 4354350, 3072850 ], [ 4354550, 3072850 ], [ 4354250, 3073050 ], [ 4354050, 3073350 ] ] }, "geometry": { "type": "Polygon", "coordinates": [ [ [ 4354250.0, 3073050.0 ], [ 4354050.0, 3073350.0 ], [ 4354550.0, 3072850.0 ], [ 4354650.0, 3072450.0 ], [ 4354350.0, 3072850.0 ], [ 4354250.0, 3073050.0 ] ] ] } },
{ "type": "Feature", "properties": { "ID": "Schmalkalden_160660063_c0", "GEN": "Schmalkalden", "ARS": "160660063", "LAN": "Thüringen", "area": 2.525, "centroid": "POINT (4353685.907591 3067909.141914)", "DH_demand": 7510.108224887972, "total_demand_cells": 20208.274395942688, "total_demand_area": 63327.96875, "share_DH": 20.061285010717604, "heat_density_DH": 2.9743002870843456, "heat_density": 25.080383663366337, "DH_supplied_households": 2635.0, "DH_cells": [ [ 4354550, 3066850 ], [ 4354850, 3066850 ], [ 4354950, 3066850 ], [ 4352450, 3066950 ], [ 4354650, 3066950 ], [ 4354450, 3067050 ], [ 4353850, 3067350 ], [ 4354150, 3067350 ], [ 4352650, 3067450 ], [ 4354050, 3067450 ], [ 4354150, 3067450 ], [ 4354250, 3067450 ], [ 4354350, 3067450 ], [ 4353950, 3067550 ], [ 4354050, 3067550 ], [ 4354250, 3067550 ], [ 4354350, 3067550 ], [ 4353150, 3067650 ], [ 4353650, 3067650 ], [ 4353850, 3067650 ], [ 4353950, 3067650 ], [ 4354150, 3067650 ], [ 4354250, 3067650 ], [ 4354350, 3067650 ], [ 4352350, 3067750 ], [ 4352750, 3067750 ], [ 4353250, 3067750 ], [ 4353650, 3067750 ], [ 4353850, 3067750 ], [ 4353950, 3067750 ], [ 4354050, 3067750 ], [ 4354250, 3067750 ], [ 4355250, 3067750 ], [ 4352750, 3067850 ], [ 4353150, 3067850 ], [ 4353250, 3067850 ], [ 4354250, 3067850 ], [ 4354350, 3067850 ], [ 4354450, 3067850 ], [ 4352750, 3067950 ], [ 4352850, 3067950 ], [ 4352950, 3067950 ], [ 4354250, 3067950 ], [ 4354350, 3067950 ], [ 4354450, 3067950 ], [ 4354550, 3067950 ], [ 4352150, 3068050 ], [ 4352350, 3068050 ], [ 4352650, 3068050 ], [ 4352750, 3068050 ], [ 4352850, 3068050 ], [ 4352950, 3068050 ], [ 4353950, 3068050 ], [ 4354250, 3068050 ], [ 4354350, 3068050 ], [ 4354450, 3068050 ], [ 4354950, 3068050 ], [ 4353050, 3068150 ], [ 4354250, 3068150 ], [ 4354350, 3068150 ], [ 4352950, 3068250 ], [ 4353050, 3068250 ], [ 4351850, 3068350 ], [ 4355650, 3068450 ], [ 4355250, 3068550 ], [ 4352650, 3068750 ], [ 4352850, 3068750 ], [ 4352450, 3069150 ], [ 4352450, 3069250 ], [ 4352650, 3069350 ], [ 4352350, 3069450 ] ] }, "geometry": { "type": "Polygon", "coordinates": [ [ [ 4352650.0, 3067450.0 ], [ 4352350.0, 3067750.0 ], [ 4352350.0, 3068050.0 ], [ 4352150.0, 3068050.0 ], [ 4351850.0, 3068350.0 ], [ 4352650.0, 3068750.0 ], [ 4352450.0, 3069150.0 ], [ 4352450.0, 3069250.0 ], [ 4352350.0, 3069450.0 ], [ 4352650.0, 3069350.0 ], [ 4352850.0, 3068750.0 ], [ 4352950.0, 3068250.0 ], [ 4353050.0, 3068250.0 ], [ 4353050.0, 3068150.0 ], [ 4352950.0, 3068050.0 ], [ 4352950.0, 3067950.0 ], [ 4353150.0, 3067850.0 ], [ 4353250.0, 3067850.0 ], [ 4353950.0, 3067750.0 ], [ 4353950.0, 3068050.0 ], [ 4354250.0, 3068050.0 ], [ 4354250.0, 3068150.0 ], [ 4354350.0, 3068150.0 ], [ 4354350.0, 3068050.0 ], [ 4354450.0, 3068050.0 ], [ 4354450.0, 3067950.0 ], [ 4354550.0, 3067950.0 ], [ 4355250.0, 3068550.0 ], [ 4355650.0, 3068450.0 ], [ 4354950.0, 3068050.0 ], [ 4355250.0, 3067750.0 ], [ 4354950.0, 3066850.0 ], [ 4354850.0, 3066850.0 ], [ 4354650.0, 3066950.0 ], [ 4354550.0, 3066850.0 ], [ 4354450.0, 3067050.0 ], [ 4354350.0, 3067450.0 ], [ 4354250.0, 3067450.0 ], [ 4354150.0, 3067350.0 ], [ 4354050.0, 3067450.0 ], [ 4354050.0, 3067550.0 ], [ 4353950.0, 3067550.0 ], [ 4353850.0, 3067350.0 ], [ 4353850.0, 3067650.0 ], [ 4353850.0, 3067750.0 ], [ 4353650.0, 3067750.0 ], [ 4353650.0, 3067650.0 ], [ 4353250.0, 3067750.0 ], [ 4353150.0, 3067650.0 ], [ 4352450.0, 3066950.0 ], [ 4352650.0, 3067450.0 ] ] ] } },
{ "type": "Feature", "properties": { "ID": "Schmalkalden_160660063_c1", "GEN": "Schmalkalden", "ARS": "160660063", "LAN": "Thüringen", "area": 0.015, "centroid": "POINT (4345616.666667 3068350)", "DH_demand": 146.43375472157163, "total_demand_cells": 759.73046875, "total_demand_area": 1569.8922119140625, "share_DH": 15.77899992330555, "heat_density_DH": 9.7622503147714426, "heat_density": 104.65948079427083, "DH_supplied_households": 9.0, "DH_cells": [ [ 4345550, 3068250 ], [ 4345650, 3068250 ], [ 4345650, 3068550 ] ] }, "geometry": { "type": "Polygon", "coordinates": [ [ [ 4345550.0, 3068250.0 ], [ 4345650.0, 3068550.0 ], [ 4345650.0, 3068250.0 ], [ 4345550.0, 3068250.0 ] ] ] } },
{ "type": "Feature", "properties": { "ID": "Steinbach-Hallenberg_160660069_c0", "GEN": "Steinbach-Hallenberg", "ARS": "160660069", "LAN": "Thüringen", "area": 0.135, "centroid": "POINT (4361040.123457 3065267.283951)", "DH_demand": 240.12865827158308, "total_demand_cells": 2194.7873611450195, "total_demand_area": 7003.48583984375, "share_DH": 5.8001316350031873, "heat_density_DH": 1.778730802011727, "heat_density": 51.877672887731492, "DH_supplied_households": 31.0, "DH_cells": [ [ 4360750, 3064650 ], [ 4360850, 3064750 ], [ 4360950, 3065150 ], [ 4361050, 3065250 ], [ 4360850, 3065350 ], [ 4361050, 3065350 ], [ 4361450, 3065350 ], [ 4361650, 3065350 ], [ 4361150, 3065450 ], [ 4360850, 3065650 ] ] }, "geometry": { "type": "Polygon", "coordinates": [ [ [ 4361050.0, 3065250.0 ], [ 4360850.0, 3064750.0 ], [ 4360750.0, 3064650.0 ], [ 4360950.0, 3065150.0 ], [ 4360850.0, 3065350.0 ], [ 4360850.0, 3065650.0 ], [ 4361050.0, 3065350.0 ], [ 4361150.0, 3065450.0 ], [ 4361450.0, 3065350.0 ], [ 4361650.0, 3065350.0 ], [ 4361050.0, 3065250.0 ] ] ] } },
{ "type": "Feature", "properties": { "ID": "Brotterode-Trusetal_160660074_c0", "GEN": "Brotterode-Trusetal", "ARS": "160660074", "LAN": "Thüringen", "area": 0.02, "centroid": "POINT (4349416.666667 3074883.333333)", "DH_demand": 141.99775283858531, "total_demand_cells": 637.65573120117188, "total_demand_area": 1947.023681640625, "share_DH": 12.337249521086319, "heat_density_DH": 7.099887641929266, "heat_density": 97.351184082031253, "DH_supplied_households": 14.0, "DH_cells": [ [ 4349450, 3074750 ], [ 4349550, 3074750 ], [ 4349250, 3075150 ] ] }, "geometry": { "type": "Polygon", "coordinates": [ [ [ 4349250.0, 3075150.0 ], [ 4349550.0, 3074750.0 ], [ 4349450.0, 3074750.0 ], [ 4349250.0, 3075150.0 ] ] ] } },
{ "type": "Feature", "properties": { "ID": "Brotterode-Trusetal_160660074_c1", "GEN": "Brotterode-Trusetal", "ARS": "160660074", "LAN": "Thüringen", "area": 0.115, "centroid": "POINT (4352371.73913 3079226.811594)", "DH_demand": 348.16077681580055, "total_demand_cells": 3125.9985427856445, "total_demand_area": 7542.01953125, "share_DH": 7.8090877082594057, "heat_density_DH": 3.0274850157895705, "heat_density": 65.5827785326087, "DH_supplied_households": 27.0, "DH_cells": [ [ 4352450, 3078950 ], [ 4352050, 3079150 ], [ 4352450, 3079150 ], [ 4352350, 3079250 ], [ 4352350, 3079350 ], [ 4352550, 3079350 ], [ 4352250, 3079450 ], [ 4352550, 3079450 ], [ 4352650, 3079450 ] ] }, "geometry": { "type": "Polygon", "coordinates": [ [ [ 4352050.0, 3079150.0 ], [ 4352350.0, 3079250.0 ], [ 4352350.0, 3079350.0 ], [ 4352250.0, 3079450.0 ], [ 4352550.0, 3079450.0 ], [ 4352650.0, 3079450.0 ], [ 4352550.0, 3079350.0 ], [ 4352450.0, 3079150.0 ], [ 4352450.0, 3078950.0 ], [ 4352050.0, 3079150.0 ] ] ] } },
{ "type": "Feature", "properties": { "ID": "Zella-Mehlis_160660092_c0", "GEN": "Zella-Mehlis", "ARS": "160660092", "LAN": "Thüringen", "area": 0.17, "centroid": "POINT (4363046.078431 3059530.392157)", "DH_demand": 234.4204687977082, "total_demand_cells": 1514.8868675231934, "total_demand_area": 3861.715576171875, "share_DH": 10.268886576934978, "heat_density_DH": 1.378943934104166, "heat_density": 22.715973977481621, "DH_supplied_households": 25.0, "DH_cells": [ [ 4363250, 3058950 ], [ 4362950, 3059150 ], [ 4363050, 3059250 ], [ 4362850, 3059450 ], [ 4363050, 3059450 ], [ 4362950, 3059550 ], [ 4362850, 3059750 ], [ 4363250, 3060050 ] ] }, "geometry": { "type": "Polygon", "coordinates": [ [ [ 4363050.0, 3059250.0 ], [ 4362850.0, 3059450.0 ], [ 4362950.0, 3059550.0 ], [ 4362850.0, 3059750.0 ], [ 4363250.0, 3060050.0 ], [ 4363050.0, 3059450.0 ], [ 4363250.0, 3058950.0 ], [ 4362950.0, 3059150.0 ], [ 4363050.0, 3059250.0 ] ] ] } },
{ "type": "Feature", "properties": { "ID": "Zella-Mehlis_160660092_c1", "GEN": "Zella-Mehlis", "ARS": "160660092", "LAN": "Thüringen", "area": 1.53, "centroid": "POINT (4367995.751634 3061079.738562)", "DH_demand": 1125.1823000709462, "total_demand_cells": 9879.4279899597168, "total_demand_area": 52893.78515625, "share_DH": 3.5985401750796169, "heat_density_DH": 0.73541326802022633, "heat_density": 34.571101409313727, "DH_supplied_households": 123.0, "DH_cells": [ [ 4368650, 3059750 ], [ 4368450, 3059850 ], [ 4368350, 3059950 ], [ 4368350, 3060450 ], [ 4367950, 3060550 ], [ 4368350, 3060550 ], [ 4368850, 3060550 ], [ 4367850, 3060650 ], [ 4368050, 3060650 ], [ 4368250, 3060750 ], [ 4367850, 3060850 ], [ 4367550, 3060950 ], [ 4368650, 3060950 ], [ 4367150, 3061050 ], [ 4367750, 3061050 ], [ 4367850, 3061050 ], [ 4367150, 3061150 ], [ 4367250, 3061150 ], [ 4368450, 3061150 ], [ 4367450, 3061250 ], [ 4367850, 3061250 ], [ 4368550, 3061250 ], [ 4368650, 3061250 ], [ 4367550, 3061350 ], [ 4368450, 3061350 ], [ 4369050, 3061350 ], [ 4367050, 3061450 ], [ 4367650, 3061450 ], [ 4368450, 3061450 ], [ 4368750, 3061450 ], [ 4368750, 3061550 ], [ 4367250, 3061650 ], [ 4367750, 3061650 ], [ 4367450, 3061850 ], [ 4367550, 3061950 ], [ 4367450, 3062050 ], [ 4367750, 3062050 ], [ 4368050, 3062250 ] ] }, "geometry": { "type": "Polygon", "coordinates": [ [ [ 4367150.0, 3061150.0 ], [ 4367050.0, 3061450.0 ], [ 4367250.0, 3061650.0 ], [ 4367450.0, 3061850.0 ], [ 4367450.0, 3062050.0 ], [ 4367750.0, 3062050.0 ], [ 4368050.0, 3062250.0 ], [ 4367750.0, 3061650.0 ], [ 4367650.0, 3061450.0 ], [ 4367850.0, 3061250.0 ], [ 4368450.0, 3061450.0 ], [ 4368450.0, 3061350.0 ], [ 4368550.0, 3061250.0 ], [ 4368750.0, 3061550.0 ], [ 4368750.0, 3061450.0 ], [ 4369050.0, 3061350.0 ], [ 4368650.0, 3061250.0 ], [ 4368650.0, 3060950.0 ], [ 4368850.0, 3060550.0 ], [ 4368350.0, 3060550.0 ], [ 4368350.0, 3060450.0 ], [ 4368650.0, 3059750.0 ], [ 4368450.0, 3059850.0 ], [ 4368350.0, 3059950.0 ], [ 4367950.0, 3060550.0 ], [ 4367850.0, 3060650.0 ], [ 4367850.0, 3060850.0 ], [ 4367850.0, 3061050.0 ], [ 4367750.0, 3061050.0 ], [ 4367550.0, 3060950.0 ], [ 4367150.0, 3061050.0 ], [ 4367150.0, 3061150.0 ] ] ] } },
{ "type": "Feature", "properties": { "ID": "Wasungen-Amt Sand_160665013_c0", "GEN": "Wasungen-Amt Sand", "ARS": "160665013", "LAN": "Thüringen", "area": 0.345, "centroid": "POINT (4347167.391304 3061145.652174)", "DH_demand": 227.87603378125971, "total_demand_cells": 1173.4204711914062, "total_demand_area": 13991.3056640625, "share_DH": 2.7551707427516803, "heat_density_DH": 0.66051024284423099, "heat_density": 40.554509171195654, "DH_supplied_households": 26.0, "DH_cells": [ [ 4347650, 3060750 ], [ 4346750, 3060950 ], [ 4347350, 3060950 ], [ 4347650, 3060950 ], [ 4346850, 3061050 ], [ 4347450, 3061250 ], [ 4346750, 3061550 ] ] }, "geometry": { "type": "Polygon", "coordinates": [ [ [ 4347350.0, 3060950.0 ], [ 4346750.0, 3060950.0 ], [ 4346850.0, 3061050.0 ], [ 4346750.0, 3061550.0 ], [ 4347450.0, 3061250.0 ], [ 4347650.0, 3060950.0 ], [ 4347650.0, 3060750.0 ], [ 4347350.0, 3060950.0 ] ] ] } },
{ "type": "Feature", "properties": { "ID": "Dolmar-Salzbrücke_160665014_c0", "GEN": "Dolmar-Salzbrücke", "ARS": "160665014", "LAN": "Thüringen", "area": 0.145, "centroid": "POINT (4352324.712644 3046371.83908)", "DH_demand": 224.63735747450548, "total_demand_cells": 1058.7455825805664, "total_demand_area": 5177.3955078125, "share_DH": 7.3397074483404126, "heat_density_DH": 1.5492231549965896, "heat_density": 35.706175915948279, "DH_supplied_households": 36.0, "DH_cells": [ [ 4352050, 3046150 ], [ 4352150, 3046150 ], [ 4352250, 3046250 ], [ 4352650, 3046350 ], [ 4352050, 3046450 ], [ 4352650, 3046450 ], [ 4352650, 3046550 ] ] }, "geometry": { "type": "Polygon", "coordinates": [ [ [ 4352050.0, 3046150.0 ], [ 4352050.0, 3046450.0 ], [ 4352650.0, 3046550.0 ], [ 4352650.0, 3046450.0 ], [ 4352650.0, 3046350.0 ], [ 4352250.0, 3046250.0 ], [ 4352150.0, 3046150.0 ], [ 4352050.0, 3046150.0 ] ] ] } },
{ "type": "Feature", "properties": { "ID": "Meiningen_160665050_c0", "GEN": "Meiningen", "ARS": "160665050", "LAN": "Thüringen", "area": 0.08, "centroid": "POINT (4346375 3045945.833333)", "DH_demand": 155.89414757491843, "total_demand_cells": 642.51437377929688, "total_demand_area": 1830.3514404296875, "share_DH": 14.407991281514605, "heat_density_DH": 1.9486768446864804, "heat_density": 22.879393005371092, "DH_supplied_households": 24.0, "DH_cells": [ [ 4346350, 3045750 ], [ 4346250, 3045850 ], [ 4346150, 3046050 ], [ 4346650, 3046050 ] ] }, "geometry": { "type": "Polygon", "coordinates": [ [ [ 4346150.0, 3046050.0 ], [ 4346650.0, 3046050.0 ], [ 4346350.0, 3045750.0 ], [ 4346250.0, 3045850.0 ], [ 4346150.0, 3046050.0 ] ] ] } },
{ "type": "Feature", "properties": { "ID": "Meiningen_160665050_c2", "GEN": "Meiningen", "ARS": "160665050", "LAN": "Thüringen", "area": 0.03, "centroid": "POINT (4347916.666667 3048972.222222)", "DH_demand": 143.40931451608051, "total_demand_cells": 564.86914253234863, "total_demand_area": 628.7489013671875, "share_DH": 38.584087290507767, "heat_density_DH": 4.7803104838693509, "heat_density": 20.958296712239584, "DH_supplied_households": 33.0, "DH_cells": [ [ 4347950, 3048850 ], [ 4347850, 3048950 ], [ 4347950, 3048950 ], [ 4348050, 3048950 ], [ 4347750, 3049050 ], [ 4347850, 3049050 ], [ 4347950, 3049050 ] ] }, "geometry": { "type": "Polygon", "coordinates": [ [ [ 4347850.0, 3048950.0 ], [ 4347750.0, 3049050.0 ], [ 4347850.0, 3049050.0 ], [ 4347950.0, 3049050.0 ], [ 4348050.0, 3048950.0 ], [ 4347950.0, 3048850.0 ], [ 4347850.0, 3048950.0 ] ] ] } },
{ "type": "Feature", "properties": { "ID": "Meiningen_160665050_c3", "GEN": "Meiningen", "ARS": "160665050", "LAN": "Thüringen", "area": 3.525, "centroid": "POINT (4350600.35461 3051422.48227)", "DH_demand": 14539.864371682643, "total_demand_cells": 47383.316385626793, "total_demand_area": 114155.8359375, "share_DH": 21.546183166972451, "heat_density_DH": 4.1247842189170614, "heat_density": 32.384634308510641, "DH_supplied_households": 3810.0, "DH_cells": [ [ 4350650, 3049350 ], [ 4350950, 3049350 ], [ 4350650, 3049450 ], [ 4349950, 3049550 ], [ 4349950, 3049650 ], [ 4350450, 3049650 ], [ 4349850, 3049750 ], [ 4350450, 3049750 ], [ 4349850, 3049850 ], [ 4350350, 3049850 ], [ 4349850, 3049950 ], [ 4349850, 3050050 ], [ 4350450, 3050050 ], [ 4350350, 3050150 ], [ 4349850, 3050250 ], [ 4350050, 3050250 ], [ 4350450, 3050250 ], [ 4350850, 3050250 ], [ 4349950, 3050350 ], [ 4350450, 3050350 ], [ 4350550, 3050350 ], [ 4349850, 3050450 ], [ 4350350, 3050450 ], [ 4350450, 3050450 ], [ 4350750, 3050450 ], [ 4351350, 3050450 ], [ 4351450, 3050450 ], [ 4350150, 3050550 ], [ 4350250, 3050550 ], [ 4350350, 3050550 ], [ 4350450, 3050550 ], [ 4350550, 3050550 ], [ 4350850, 3050550 ], [ 4350950, 3050550 ], [ 4351250, 3050550 ], [ 4351450, 3050550 ], [ 4350050, 3050650 ], [ 4350150, 3050650 ], [ 4350250, 3050650 ], [ 4350350, 3050650 ], [ 4350450, 3050650 ], [ 4350550, 3050650 ], [ 4351550, 3050650 ], [ 4350150, 3050750 ], [ 4350250, 3050750 ], [ 4350350, 3050750 ], [ 4350450, 3050750 ], [ 4350550, 3050750 ], [ 4350750, 3050750 ], [ 4349850, 3050850 ], [ 4350150, 3050850 ], [ 4350250, 3050850 ], [ 4351050, 3050850 ], [ 4350250, 3050950 ], [ 4350350, 3050950 ], [ 4350450, 3050950 ], [ 4351450, 3050950 ], [ 4350450, 3051050 ], [ 4350550, 3051050 ], [ 4351150, 3051250 ], [ 4351250, 3051250 ], [ 4351450, 3051250 ], [ 4349950, 3051350 ], [ 4351050, 3051350 ], [ 4351150, 3051350 ], [ 4350950, 3051450 ], [ 4351050, 3051450 ], [ 4351150, 3051450 ], [ 4351250, 3051450 ], [ 4350950, 3051550 ], [ 4351050, 3051550 ], [ 4351150, 3051550 ], [ 4350050, 3051650 ], [ 4350950, 3051650 ], [ 4351050, 3051650 ], [ 4351150, 3051650 ], [ 4349950, 3051750 ], [ 4350550, 3051750 ], [ 4350750, 3051750 ], [ 4350950, 3051750 ], [ 4351050, 3051750 ], [ 4351150, 3051750 ], [ 4349950, 3051850 ], [ 4350050, 3051850 ], [ 4350550, 3051850 ], [ 4351050, 3051850 ], [ 4350050, 3051950 ], [ 4350350, 3051950 ], [ 4350650, 3051950 ], [ 4351050, 3051950 ], [ 4350250, 3052050 ], [ 4350350, 3052050 ], [ 4350450, 3052050 ], [ 4350550, 3052050 ], [ 4350650, 3052050 ], [ 4350750, 3052050 ], [ 4351050, 3052050 ], [ 4350250, 3052150 ], [ 4350350, 3052150 ], [ 4350450, 3052150 ], [ 4350550, 3052150 ], [ 4350850, 3052150 ], [ 4351050, 3052150 ], [ 4351150, 3052150 ], [ 4350150, 3052250 ], [ 4350250, 3052250 ], [ 4350450, 3052250 ], [ 4350550, 3052250 ], [ 4350550, 3052350 ], [ 4351150, 3052350 ], [ 4350550, 3052450 ], [ 4350850, 3052450 ], [ 4350950, 3052550 ], [ 4350850, 3052650 ], [ 4350450, 3052750 ], [ 4350450, 3053050 ], [ 4350450, 3053150 ], [ 4350550, 3053150 ], [ 4350650, 3053150 ], [ 4350450, 3053250 ], [ 4350550, 3053250 ], [ 4350650, 3053250 ], [ 4350750, 3053250 ], [ 4350850, 3053250 ], [ 4350650, 3053350 ], [ 4350750, 3053350 ], [ 4350850, 3053350 ], [ 4350950, 3053350 ], [ 4351050, 3053350 ], [ 4350350, 3053450 ], [ 4350650, 3053450 ], [ 4350750, 3053450 ], [ 4350850, 3053450 ], [ 4351050, 3053450 ], [ 4350250, 3053550 ], [ 4350350, 3053550 ], [ 4350950, 3053550 ], [ 4350350, 3053650 ], [ 4350450, 3053650 ], [ 4350950, 3053650 ], [ 4351050, 3053650 ], [ 4351150, 3053650 ], [ 4350350, 3053750 ], [ 4350450, 3053750 ], [ 4350850, 3053750 ], [ 4350950, 3053750 ], [ 4351050, 3053750 ], [ 4350350, 3053850 ], [ 4350450, 3053850 ], [ 4350950, 3053850 ] ] }, "geometry": { "type": "Polygon", "coordinates": [ [ [ 4349950.0, 3049650.0 ], [ 4349850.0, 3049750.0 ], [ 4349850.0, 3049850.0 ], [ 4349850.0, 3049950.0 ], [ 4349850.0, 3050050.0 ], [ 4349850.0, 3050250.0 ], [ 4349950.0, 3050350.0 ], [ 4349850.0, 3050450.0 ], [ 4349850.0, 3050850.0 ], [ 4350150.0, 3050850.0 ], [ 4350250.0, 3050850.0 ], [ 4350250.0, 3050950.0 ], [ 4349950.0, 3051350.0 ], [ 4350050.0, 3051650.0 ], [ 4349950.0, 3051750.0 ], [ 4349950.0, 3051850.0 ], [ 4350050.0, 3051850.0 ], [ 4350050.0, 3051950.0 ], [ 4350250.0, 3052050.0 ], [ 4350250.0, 3052150.0 ], [ 4350250.0, 3052250.0 ], [ 4350150.0, 3052250.0 ], [ 4350550.0, 3052350.0 ], [ 4350550.0, 3052450.0 ], [ 4350450.0, 3052750.0 ], [ 4350450.0, 3053050.0 ], [ 4350450.0, 3053150.0 ], [ 4350450.0, 3053250.0 ], [ 4350350.0, 3053450.0 ], [ 4350250.0, 3053550.0 ], [ 4350350.0, 3053650.0 ], [ 4350350.0, 3053750.0 ], [ 4350350.0, 3053850.0 ], [ 4350450.0, 3053850.0 ], [ 4350450.0, 3053750.0 ], [ 4350850.0, 3053750.0 ], [ 4350950.0, 3053850.0 ], [ 4351050.0, 3053750.0 ], [ 4351050.0, 3053650.0 ], [ 4351150.0, 3053650.0 ], [ 4350950.0, 3053550.0 ], [ 4351050.0, 3053450.0 ], [ 4351050.0, 3053350.0 ], [ 4350950.0, 3053350.0 ], [ 4350850.0, 3053350.0 ], [ 4350850.0, 3053250.0 ], [ 4350750.0, 3053250.0 ], [ 4350650.0, 3053250.0 ], [ 4350650.0, 3053150.0 ], [ 4350850.0, 3052650.0 ], [ 4350950.0, 3052550.0 ], [ 4351150.0, 3052350.0 ], [ 4351150.0, 3052150.0 ], [ 4351050.0, 3052150.0 ], [ 4351050.0, 3052050.0 ], [ 4351050.0, 3051950.0 ], [ 4351050.0, 3051850.0 ], [ 4351050.0, 3051750.0 ], [ 4351150.0, 3051750.0 ], [ 4351150.0, 3051650.0 ], [ 4351150.0, 3051550.0 ], [ 4351150.0, 3051450.0 ], [ 4351250.0, 3051450.0 ], [ 4351250.0, 3051250.0 ], [ 4351450.0, 3051250.0 ], [ 4351450.0, 3050950.0 ], [ 4351550.0, 3050650.0 ], [ 4351450.0, 3050550.0 ], [ 4351450.0, 3050450.0 ], [ 4351350.0, 3050450.0 ], [ 4351250.0, 3050550.0 ], [ 4350950.0, 3050550.0 ], [ 4350850.0, 3050550.0 ], [ 4350750.0, 3050450.0 ], [ 4350850.0, 3050250.0 ], [ 4350550.0, 3050350.0 ], [ 4350450.0, 3050350.0 ], [ 4350450.0, 3050250.0 ], [ 4350350.0, 3050150.0 ], [ 4350450.0, 3050050.0 ], [ 4350950.0, 3049350.0 ], [ 4350650.0, 3049350.0 ], [ 4350650.0, 3049450.0 ], [ 4350450.0, 3049650.0 ], [ 4350450.0, 3049750.0 ], [ 4350350.0, 3049850.0 ], [ 4349950.0, 3049550.0 ], [ 4349950.0, 3049650.0 ] ] ] } },
{ "type": "Feature", "properties": { "ID": "Meiningen_160665050_c4", "GEN": "Meiningen", "ARS": "160665050", "LAN": "Thüringen", "area": 0.21, "centroid": "POINT (4348021.428571 3049715.873016)", "DH_demand": 118.41775481325976, "total_demand_cells": 1037.2901697158813, "total_demand_area": 3678.56201171875, "share_DH": 5.4456139706739206, "heat_density_DH": 0.56389407053933216, "heat_density": 17.516961960565474, "DH_supplied_households": 23.0, "DH_cells": [ [ 4348650, 3049550 ], [ 4347550, 3049650 ], [ 4348350, 3049750 ], [ 4347550, 3049850 ], [ 4348150, 3049850 ], [ 4348250, 3049850 ] ] }, "geometry": { "type": "Polygon", "coordinates": [ [ [ 4347550.0, 3049650.0 ], [ 4347550.0, 3049850.0 ], [ 4348150.0, 3049850.0 ], [ 4348250.0, 3049850.0 ], [ 4348350.0, 3049750.0 ], [ 4348650.0, 3049550.0 ], [ 4347550.0, 3049650.0 ] ] ] } },
{ "type": "Feature", "properties": { "ID": "Meiningen_160665050_c5", "GEN": "Meiningen", "ARS": "160665050", "LAN": "Thüringen", "area": 0.385, "centroid": "POINT (4348238.744589 3055358.225108)", "DH_demand": 431.12215369308626, "total_demand_cells": 2482.6428546905518, "total_demand_area": 11635.671875, "share_DH": 6.2678267734220139, "heat_density_DH": 1.1197978018002241, "heat_density": 30.222524350649351, "DH_supplied_households": 52.0, "DH_cells": [ [ 4347750, 3054850 ], [ 4348350, 3054950 ], [ 4347750, 3055050 ], [ 4348150, 3055050 ], [ 4348050, 3055350 ], [ 4348150, 3055550 ], [ 4348450, 3055550 ], [ 4348550, 3055550 ], [ 4348350, 3055750 ], [ 4348450, 3055750 ], [ 4348350, 3055850 ], [ 4348550, 3055950 ], [ 4348950, 3056150 ] ] }, "geometry": { "type": "Polygon", "coordinates": [ [ [ 4348150.0, 3055050.0 ], [ 4347750.0, 3054850.0 ], [ 4347750.0, 3055050.0 ], [ 4348050.0, 3055350.0 ], [ 4348150.0, 3055550.0 ], [ 4348350.0, 3055750.0 ], [ 4348350.0, 3055850.0 ], [ 4348550.0, 3055950.0 ], [ 4348950.0, 3056150.0 ], [ 4348450.0, 3055750.0 ], [ 4348450.0, 3055550.0 ], [ 4348550.0, 3055550.0 ], [ 4348350.0, 3054950.0 ], [ 4348150.0, 3055050.0 ] ] ] } },
{ "type": "Feature", "properties": { "ID": "Breitungen/Werra_160665051_c0", "GEN": "Breitungen/Werra", "ARS": "160665051", "LAN": "Thüringen", "area": 0.195, "centroid": "POINT (4347221.794872 3069679.91453)", "DH_demand": 159.73047120419704, "total_demand_cells": 902.83659362792969, "total_demand_area": 6654.6728515625, "share_DH": 4.0604033128935901, "heat_density_DH": 0.81913062155998495, "heat_density": 34.126527443910263, "DH_supplied_households": 20.0, "DH_cells": [ [ 4346950, 3069250 ], [ 4347450, 3069550 ], [ 4347150, 3069650 ], [ 4347450, 3069850 ], [ 4346950, 3070050 ] ] }, "geometry": { "type": "Polygon", "coordinates": [ [ [ 4346950.0, 3069250.0 ], [ 4347150.0, 3069650.0 ], [ 4346950.0, 3070050.0 ], [ 4347450.0, 3069850.0 ], [ 4347450.0, 3069550.0 ], [ 4346950.0, 3069250.0 ] ] ] } },
{ "type": "Feature", "properties": { "ID": "Breitungen/Werra_160665051_c1", "GEN": "Breitungen/Werra", "ARS": "160665051", "LAN": "Thüringen", "area": 0.09, "centroid": "POINT (4344101.851852 3071698.148148)", "DH_demand": 573.23277591762644, "total_demand_cells": 2044.1239852905273, "total_demand_area": 3302.5048828125, "share_DH": 29.362677595867016, "heat_density_DH": 6.3692530657514048, "heat_density": 36.694498697916664, "DH_supplied_households": 227.0, "DH_cells": [ [ 4344050, 3071550 ], [ 4344350, 3071550 ], [ 4343950, 3071650 ], [ 4344050, 3071650 ], [ 4344350, 3071650 ], [ 4343850, 3071750 ], [ 4343950, 3071750 ], [ 4344150, 3071750 ], [ 4343850, 3071850 ], [ 4343950, 3071850 ], [ 4344150, 3071850 ] ] }, "geometry": { "type": "Polygon", "coordinates": [ [ [ 4344050.0, 3071650.0 ], [ 4343950.0, 3071650.0 ], [ 4343950.0, 3071750.0 ], [ 4343850.0, 3071750.0 ], [ 4343850.0, 3071850.0 ], [ 4343950.0, 3071850.0 ], [ 4344150.0, 3071850.0 ], [ 4344150.0, 3071750.0 ], [ 4344350.0, 3071650.0 ], [ 4344350.0, 3071550.0 ], [ 4344050.0, 3071550.0 ], [ 4344050.0, 3071650.0 ] ] ] } },
{ "type": "Feature", "properties": { "ID": "Friedrichroda_160670019_c0", "GEN": "Friedrichroda", "ARS": "160670019", "LAN": "Thüringen", "area": 0.23, "centroid": "POINT (4362397.826087 3080393.478261)", "DH_demand": 292.55556220867561, "total_demand_cells": 1528.7073211669922, "total_demand_area": 4904.0419921875, "share_DH": 10.091652559176364, "heat_density_DH": 1.2719807052551115, "heat_density": 21.321921705163046, "DH_supplied_households": 92.0, "DH_cells": [ [ 4362150, 3080250 ], [ 4362650, 3080250 ], [ 4362850, 3080250 ], [ 4362950, 3080250 ], [ 4361950, 3080350 ], [ 4362850, 3080350 ], [ 4362550, 3080450 ], [ 4362650, 3080450 ], [ 4362650, 3080550 ], [ 4362150, 3080650 ] ] }, "geometry": { "type": "Polygon", "coordinates": [ [ [ 4361950.0, 3080350.0 ], [ 4362150.0, 3080650.0 ], [ 4362550.0, 3080450.0 ], [ 4362650.0, 3080550.0 ], [ 4362850.0, 3080350.0 ], [ 4362950.0, 3080250.0 ], [ 4362850.0, 3080250.0 ], [ 4362650.0, 3080250.0 ], [ 4362150.0, 3080250.0 ], [ 4361950.0, 3080350.0 ] ] ] } },
{ "type": "Feature", "properties": { "ID": "Friedrichroda_160670019_c1", "GEN": "Friedrichroda", "ARS": "160670019", "LAN": "Thüringen", "area": 0.55, "centroid": "POINT (4361129.090909 3083187.878788)", "DH_demand": 2739.9406271626167, "total_demand_cells": 8206.5947215557098, "total_demand_area": 24575.98046875, "share_DH": 18.85985761059743, "heat_density_DH": 4.981710231204759, "heat_density": 44.68360085227274, "DH_supplied_households": 713.0, "DH_cells": [ [ 4360650, 3082650 ], [ 4360850, 3082650 ], [ 4360850, 3082750 ], [ 4360650, 3082850 ], [ 4360750, 3082850 ], [ 4361450, 3082850 ], [ 4360350, 3082950 ], [ 4360450, 3082950 ], [ 4360350, 3083050 ], [ 4360550, 3083050 ], [ 4361650, 3083050 ], [ 4360950, 3083150 ], [ 4360850, 3083350 ], [ 4361550, 3083350 ], [ 4361150, 3083450 ], [ 4361250, 3083450 ], [ 4361350, 3083450 ], [ 4361350, 3083550 ], [ 4361250, 3083650 ], [ 4361350, 3083650 ], [ 4361450, 3083650 ], [ 4361550, 3083650 ], [ 4361450, 3083750 ], [ 4361550, 3083750 ], [ 4361650, 3083750 ] ] }, "geometry": { "type": "Polygon", "coordinates": [ [ [ 4360650.0, 3082850.0 ], [ 4360450.0, 3082950.0 ], [ 4360350.0, 3082950.0 ], [ 4360350.0, 3083050.0 ], [ 4360550.0, 3083050.0 ], [ 4360850.0, 3083350.0 ], [ 4361150.0, 3083450.0 ], [ 4361250.0, 3083450.0 ], [ 4361250.0, 3083650.0 ], [ 4361350.0, 3083650.0 ], [ 4361450.0, 3083650.0 ], [ 4361450.0, 3083750.0 ], [ 4361550.0, 3083750.0 ], [ 4361650.0, 3083750.0 ], [ 4361550.0, 3083650.0 ], [ 4361550.0, 3083350.0 ], [ 4361650.0, 3083050.0 ], [ 4361450.0, 3082850.0 ], [ 4360950.0, 3083150.0 ], [ 4360750.0, 3082850.0 ], [ 4360850.0, 3082750.0 ], [ 4360850.0, 3082650.0 ], [ 4360650.0, 3082650.0 ], [ 4360650.0, 3082850.0 ] ] ] } },
{ "type": "Feature", "properties": { "ID": "Gotha_160670029_c0", "GEN": "Gotha", "ARS": "160670029", "LAN": "Thüringen", "area": 0.09, "centroid": "POINT (4370442.592593 3089546.296296)", "DH_demand": 134.13189953038065, "total_demand_cells": 802.95577239990234, "total_demand_area": 3165.49169921875, "share_DH": 7.1680166702354189, "heat_density_DH": 1.4903544392264516, "heat_density": 35.172129991319444, "DH_supplied_households": 16.0, "DH_cells": [ [ 4370450, 3089150 ], [ 4370450, 3089450 ], [ 4370250, 3089550 ], [ 4370650, 3089750 ], [ 4370650, 3089850 ] ] }, "geometry": { "type": "Polygon", "coordinates": [ [ [ 4370250.0, 3089550.0 ], [ 4370650.0, 3089850.0 ], [ 4370650.0, 3089750.0 ], [ 4370450.0, 3089450.0 ], [ 4370450.0, 3089150.0 ], [ 4370250.0, 3089550.0 ] ] ] } },
{ "type": "Feature", "properties": { "ID": "Gotha_160670029_c2", "GEN": "Gotha", "ARS": "160670029", "LAN": "Thüringen", "area": 6.82, "centroid": "POINT (4370402.468231 3092803.983382)", "DH_demand": 38945.664472271863, "total_demand_cells": 115166.95727497339, "total_demand_area": 259144.484375, "share_DH": 25.422909936708969, "heat_density_DH": 5.710507987136638, "heat_density": 37.99772498167156, "DH_supplied_households": 9273.0, "DH_cells": [ [ 4371550, 3091050 ], [ 4367950, 3091150 ], [ 4371050, 3091250 ], [ 4371450, 3091250 ], [ 4371550, 3091250 ], [ 4371250, 3091450 ], [ 4368450, 3091550 ], [ 4368250, 3091650 ], [ 4371150, 3091650 ], [ 4371350, 3091650 ], [ 4369950, 3091750 ], [ 4370750, 3091750 ], [ 4371350, 3091750 ], [ 4369850, 3091850 ], [ 4369950, 3091850 ], [ 4369250, 3091950 ], [ 4370050, 3091950 ], [ 4370650, 3091950 ], [ 4368650, 3092050 ], [ 4369050, 3092050 ], [ 4371650, 3092050 ], [ 4368650, 3092150 ], [ 4368750, 3092150 ], [ 4368850, 3092150 ], [ 4369450, 3092150 ], [ 4369550, 3092150 ], [ 4370150, 3092150 ], [ 4371150, 3092150 ], [ 4368450, 3092250 ], [ 4368850, 3092250 ], [ 4369750, 3092250 ], [ 4369950, 3092250 ], [ 4370050, 3092250 ], [ 4373450, 3092250 ], [ 4368350, 3092350 ], [ 4368850, 3092350 ], [ 4369450, 3092350 ], [ 4369650, 3092350 ], [ 4371250, 3092350 ], [ 4368850, 3092450 ], [ 4369250, 3092450 ], [ 4370050, 3092450 ], [ 4371250, 3092450 ], [ 4371450, 3092450 ], [ 4371750, 3092450 ], [ 4373250, 3092450 ], [ 4368850, 3092550 ], [ 4369350, 3092550 ], [ 4369950, 3092550 ], [ 4370150, 3092550 ], [ 4371250, 3092550 ], [ 4372050, 3092550 ], [ 4372150, 3092550 ], [ 4372450, 3092550 ], [ 4373350, 3092550 ], [ 4373550, 3092550 ], [ 4373650, 3092550 ], [ 4368850, 3092650 ], [ 4368950, 3092650 ], [ 4369050, 3092650 ], [ 4369150, 3092650 ], [ 4369250, 3092650 ], [ 4369350, 3092650 ], [ 4369450, 3092650 ], [ 4369550, 3092650 ], [ 4369950, 3092650 ], [ 4370950, 3092650 ], [ 4372050, 3092650 ], [ 4372150, 3092650 ], [ 4372250, 3092650 ], [ 4372350, 3092650 ], [ 4372450, 3092650 ], [ 4373550, 3092650 ], [ 4373650, 3092650 ], [ 4368850, 3092750 ], [ 4368950, 3092750 ], [ 4369050, 3092750 ], [ 4369150, 3092750 ], [ 4369450, 3092750 ], [ 4369550, 3092750 ], [ 4369750, 3092750 ], [ 4369850, 3092750 ], [ 4370150, 3092750 ], [ 4370750, 3092750 ], [ 4371050, 3092750 ], [ 4371650, 3092750 ], [ 4372050, 3092750 ], [ 4372150, 3092750 ], [ 4372250, 3092750 ], [ 4373150, 3092750 ], [ 4368850, 3092850 ], [ 4368950, 3092850 ], [ 4369050, 3092850 ], [ 4369250, 3092850 ], [ 4369350, 3092850 ], [ 4369450, 3092850 ], [ 4369550, 3092850 ], [ 4369850, 3092850 ], [ 4370050, 3092850 ], [ 4370150, 3092850 ], [ 4370350, 3092850 ], [ 4371050, 3092850 ], [ 4372150, 3092850 ], [ 4372250, 3092850 ], [ 4368950, 3092950 ], [ 4369050, 3092950 ], [ 4369150, 3092950 ], [ 4369250, 3092950 ], [ 4369350, 3092950 ], [ 4369450, 3092950 ], [ 4369550, 3092950 ], [ 4369950, 3092950 ], [ 4370050, 3092950 ], [ 4370150, 3092950 ], [ 4370250, 3092950 ], [ 4370950, 3092950 ], [ 4371050, 3092950 ], [ 4371750, 3092950 ], [ 4372850, 3092950 ], [ 4368950, 3093050 ], [ 4369050, 3093050 ], [ 4369150, 3093050 ], [ 4369250, 3093050 ], [ 4369350, 3093050 ], [ 4369450, 3093050 ], [ 4369550, 3093050 ], [ 4369650, 3093050 ], [ 4369750, 3093050 ], [ 4370150, 3093050 ], [ 4370250, 3093050 ], [ 4370350, 3093050 ], [ 4370650, 3093050 ], [ 4371050, 3093050 ], [ 4371350, 3093050 ], [ 4371450, 3093050 ], [ 4371650, 3093050 ], [ 4373050, 3093050 ], [ 4373150, 3093050 ], [ 4373250, 3093050 ], [ 4373650, 3093050 ], [ 4368350, 3093150 ], [ 4368850, 3093150 ], [ 4368950, 3093150 ], [ 4369150, 3093150 ], [ 4369250, 3093150 ], [ 4369350, 3093150 ], [ 4369450, 3093150 ], [ 4369850, 3093150 ], [ 4369950, 3093150 ], [ 4370050, 3093150 ], [ 4370150, 3093150 ], [ 4370250, 3093150 ], [ 4370350, 3093150 ], [ 4370450, 3093150 ], [ 4370550, 3093150 ], [ 4370650, 3093150 ], [ 4373650, 3093150 ], [ 4368250, 3093250 ], [ 4368350, 3093250 ], [ 4368550, 3093250 ], [ 4368850, 3093250 ], [ 4368950, 3093250 ], [ 4369050, 3093250 ], [ 4369150, 3093250 ], [ 4369250, 3093250 ], [ 4369350, 3093250 ], [ 4369750, 3093250 ], [ 4369850, 3093250 ], [ 4370050, 3093250 ], [ 4370150, 3093250 ], [ 4370250, 3093250 ], [ 4370350, 3093250 ], [ 4370450, 3093250 ], [ 4370550, 3093250 ], [ 4370650, 3093250 ], [ 4370750, 3093250 ], [ 4371250, 3093250 ], [ 4368750, 3093350 ], [ 4368850, 3093350 ], [ 4368950, 3093350 ], [ 4369350, 3093350 ], [ 4369650, 3093350 ], [ 4369750, 3093350 ], [ 4369850, 3093350 ], [ 4369950, 3093350 ], [ 4370050, 3093350 ], [ 4370150, 3093350 ], [ 4370250, 3093350 ], [ 4370350, 3093350 ], [ 4370450, 3093350 ], [ 4370550, 3093350 ], [ 4370650, 3093350 ], [ 4370750, 3093350 ], [ 4370850, 3093350 ], [ 4368250, 3093450 ], [ 4368650, 3093450 ], [ 4368750, 3093450 ], [ 4368850, 3093450 ], [ 4368950, 3093450 ], [ 4369050, 3093450 ], [ 4370150, 3093450 ], [ 4370350, 3093450 ], [ 4370450, 3093450 ], [ 4370550, 3093450 ], [ 4370650, 3093450 ], [ 4370750, 3093450 ], [ 4370850, 3093450 ], [ 4371150, 3093450 ], [ 4368650, 3093550 ], [ 4368750, 3093550 ], [ 4368850, 3093550 ], [ 4368950, 3093550 ], [ 4369650, 3093550 ], [ 4369750, 3093550 ], [ 4369950, 3093550 ], [ 4370050, 3093550 ], [ 4370150, 3093550 ], [ 4370350, 3093550 ], [ 4370450, 3093550 ], [ 4370550, 3093550 ], [ 4370650, 3093550 ], [ 4370750, 3093550 ], [ 4371150, 3093550 ], [ 4369350, 3093650 ], [ 4369950, 3093650 ], [ 4370050, 3093650 ], [ 4370550, 3093650 ], [ 4371150, 3093650 ], [ 4368450, 3093750 ], [ 4368750, 3093750 ], [ 4370250, 3093750 ], [ 4370350, 3093750 ], [ 4370450, 3093750 ], [ 4370550, 3093750 ], [ 4370650, 3093750 ], [ 4369150, 3093850 ], [ 4369850, 3093850 ], [ 4369950, 3093850 ], [ 4370350, 3093850 ], [ 4370550, 3093850 ], [ 4370650, 3093850 ], [ 4370850, 3093850 ], [ 4370550, 3093950 ], [ 4370650, 3093950 ], [ 4370950, 3093950 ], [ 4370950, 3094050 ], [ 4371050, 3094050 ], [ 4371150, 3094050 ], [ 4371250, 3094050 ], [ 4370750, 3094150 ], [ 4371050, 3094150 ], [ 4370950, 3094250 ], [ 4371050, 3094250 ], [ 4371250, 3094250 ], [ 4371350, 3094250 ], [ 4371450, 3094250 ], [ 4371050, 3094350 ], [ 4370750, 3094450 ], [ 4371050, 3094550 ], [ 4371250, 3094550 ], [ 4371350, 3094550 ], [ 4371150, 3094650 ] ] }, "geometry": { "type": "Polygon", "coordinates": [ [ [ 4371250.0, 3091450.0 ], [ 4371050.0, 3091250.0 ], [ 4370750.0, 3091750.0 ], [ 4370650.0, 3091950.0 ], [ 4370150.0, 3092150.0 ], [ 4370050.0, 3091950.0 ], [ 4369950.0, 3091850.0 ], [ 4369950.0, 3091750.0 ], [ 4369850.0, 3091850.0 ], [ 4369950.0, 3092250.0 ], [ 4369750.0, 3092250.0 ], [ 4369650.0, 3092350.0 ], [ 4369550.0, 3092150.0 ], [ 4369450.0, 3092150.0 ], [ 4369250.0, 3091950.0 ], [ 4369050.0, 3092050.0 ], [ 4368850.0, 3092150.0 ], [ 4368750.0, 3092150.0 ], [ 4368450.0, 3091550.0 ], [ 4367950.0, 3091150.0 ], [ 4368250.0, 3091650.0 ], [ 4368650.0, 3092050.0 ], [ 4368650.0, 3092150.0 ], [ 4368450.0, 3092250.0 ], [ 4368350.0, 3092350.0 ], [ 4368350.0, 3093150.0 ], [ 4368350.0, 3093250.0 ], [ 4368250.0, 3093250.0 ], [ 4368250.0, 3093450.0 ], [ 4368450.0, 3093750.0 ], [ 4368750.0, 3093750.0 ], [ 4368750.0, 3093550.0 ], [ 4368850.0, 3093550.0 ], [ 4368950.0, 3093550.0 ], [ 4369150.0, 3093850.0 ], [ 4369350.0, 3093650.0 ], [ 4369650.0, 3093550.0 ], [ 4369750.0, 3093550.0 ], [ 4369950.0, 3093550.0 ], [ 4369950.0, 3093650.0 ], [ 4369850.0, 3093850.0 ], [ 4369950.0, 3093850.0 ], [ 4370050.0, 3093650.0 ], [ 4370050.0, 3093550.0 ], [ 4370150.0, 3093550.0 ], [ 4370250.0, 3093750.0 ], [ 4370350.0, 3093750.0 ], [ 4370350.0, 3093850.0 ], [ 4370550.0, 3093850.0 ], [ 4370550.0, 3093950.0 ], [ 4370650.0, 3093950.0 ], [ 4370750.0, 3094150.0 ], [ 4370750.0, 3094450.0 ], [ 4370950.0, 3094250.0 ], [ 4371050.0, 3094250.0 ], [ 4371050.0, 3094350.0 ], [ 4371050.0, 3094550.0 ], [ 4371150.0, 3094650.0 ], [ 4371250.0, 3094550.0 ], [ 4371350.0, 3094550.0 ], [ 4371350.0, 3094250.0 ], [ 4371450.0, 3094250.0 ], [ 4371250.0, 3094050.0 ], [ 4371150.0, 3094050.0 ], [ 4371050.0, 3094050.0 ], [ 4370950.0, 3094050.0 ], [ 4370950.0, 3093950.0 ], [ 4370850.0, 3093850.0 ], [ 4371150.0, 3093650.0 ], [ 4371150.0, 3093550.0 ], [ 4371150.0, 3093450.0 ], [ 4371250.0, 3093250.0 ], [ 4371350.0, 3093050.0 ], [ 4371450.0, 3093050.0 ], [ 4371650.0, 3093050.0 ], [ 4371750.0, 3092950.0 ], [ 4371650.0, 3092750.0 ], [ 4372050.0, 3092750.0 ], [ 4372150.0, 3092750.0 ], [ 4372150.0, 3092850.0 ], [ 4372250.0, 3092850.0 ], [ 4372250.0, 3092750.0 ], [ 4372250.0, 3092650.0 ], [ 4372350.0, 3092650.0 ], [ 4372450.0, 3092650.0 ], [ 4372850.0, 3092950.0 ], [ 4373050.0, 3093050.0 ], [ 4373150.0, 3093050.0 ], [ 4373250.0, 3093050.0 ], [ 4373650.0, 3093150.0 ], [ 4373650.0, 3093050.0 ], [ 4373650.0, 3092650.0 ], [ 4373650.0, 3092550.0 ], [ 4373550.0, 3092550.0 ], [ 4373350.0, 3092550.0 ], [ 4373250.0, 3092450.0 ], [ 4373450.0, 3092250.0 ], [ 4372450.0, 3092550.0 ], [ 4372150.0, 3092550.0 ], [ 4372050.0, 3092550.0 ], [ 4371750.0, 3092450.0 ], [ 4371650.0, 3092050.0 ], [ 4371350.0, 3091750.0 ], [ 4371350.0, 3091650.0 ], [ 4371450.0, 3091250.0 ], [ 4371550.0, 3091250.0 ], [ 4371550.0, 3091050.0 ], [ 4371250.0, 3091450.0 ] ] ] } },
{ "type": "Feature", "properties": { "ID": "Bad Tabarz_160670064_c0", "GEN": "Bad Tabarz", "ARS": "160670064", "LAN": "Thüringen", "area": 0.545, "centroid": "POINT (4357092.201835 3085303.51682)", "DH_demand": 1469.18479694128, "total_demand_cells": 5849.7933378219604, "total_demand_area": 17007.240234375, "share_DH": 14.613380416391877, "heat_density_DH": 2.6957519209931746, "heat_density": 31.205945384174317, "DH_supplied_households": 453.0, "DH_cells": [ [ 4357550, 3084550 ], [ 4357250, 3084650 ], [ 4357450, 3084850 ], [ 4357950, 3084850 ], [ 4356350, 3084950 ], [ 4357650, 3084950 ], [ 4357850, 3084950 ], [ 4357950, 3084950 ], [ 4356250, 3085050 ], [ 4357250, 3085050 ], [ 4357550, 3085150 ], [ 4357150, 3085250 ], [ 4357450, 3085250 ], [ 4356350, 3085450 ], [ 4356450, 3085550 ], [ 4356550, 3085550 ], [ 4357150, 3085550 ], [ 4356950, 3085650 ], [ 4356550, 3085750 ], [ 4356650, 3085750 ], [ 4356750, 3085750 ], [ 4356850, 3085750 ], [ 4356950, 3085750 ], [ 4357050, 3085750 ], [ 4356650, 3085850 ], [ 4356750, 3085850 ], [ 4356850, 3085850 ], [ 4357150, 3085950 ], [ 4356350, 3086050 ], [ 4357350, 3086150 ] ] }, "geometry": { "type": "Polygon", "coordinates": [ [ [ 4356250.0, 3085050.0 ], [ 4356350.0, 3085450.0 ], [ 4356450.0, 3085550.0 ], [ 4356550.0, 3085550.0 ], [ 4356550.0, 3085750.0 ], [ 4356350.0, 3086050.0 ], [ 4356650.0, 3085850.0 ], [ 4356750.0, 3085850.0 ], [ 4356850.0, 3085850.0 ], [ 4356850.0, 3085750.0 ], [ 4356950.0, 3085750.0 ], [ 4357050.0, 3085750.0 ], [ 4357150.0, 3085950.0 ], [ 4357350.0, 3086150.0 ], [ 4357150.0, 3085550.0 ], [ 4357450.0, 3085250.0 ], [ 4357550.0, 3085150.0 ], [ 4357850.0, 3084950.0 ], [ 4357950.0, 3084950.0 ], [ 4357950.0, 3084850.0 ], [ 4357650.0, 3084950.0 ], [ 4357450.0, 3084850.0 ], [ 4357550.0, 3084550.0 ], [ 4357250.0, 3084650.0 ], [ 4357250.0, 3085050.0 ], [ 4357150.0, 3085250.0 ], [ 4356950.0, 3085650.0 ], [ 4356750.0, 3085750.0 ], [ 4356650.0, 3085750.0 ], [ 4356350.0, 3084950.0 ], [ 4356250.0, 3085050.0 ] ] ] } },
{ "type": "Feature", "properties": { "ID": "Tambach-Dietharz/Thür.Wald_160670065_c0", "GEN": "Tambach-Dietharz/Thür.Wald", "ARS": "160670065", "LAN": "Thüringen", "area": 0.355, "centroid": "POINT (4364108.215962 3075731.220657)", "DH_demand": 534.04401303679299, "total_demand_cells": 4130.2626686096191, "total_demand_area": 12464.5888671875, "share_DH": 7.247816730558573, "heat_density_DH": 1.5043493324980084, "heat_density": 35.111517935739435, "DH_supplied_households": 68.0, "DH_cells": [ [ 4363450, 3075150 ], [ 4363850, 3075250 ], [ 4363750, 3075350 ], [ 4363850, 3075350 ], [ 4363950, 3075450 ], [ 4363650, 3075550 ], [ 4363750, 3075550 ], [ 4363850, 3075550 ], [ 4363850, 3075650 ], [ 4363950, 3075750 ], [ 4364250, 3075750 ], [ 4364450, 3075750 ], [ 4363950, 3075850 ], [ 4364150, 3075850 ], [ 4364650, 3076150 ], [ 4364650, 3076450 ] ] }, "geometry": { "type": "Polygon", "coordinates": [ [ [ 4363450.0, 3075150.0 ], [ 4363650.0, 3075550.0 ], [ 4363750.0, 3075550.0 ], [ 4363850.0, 3075550.0 ], [ 4363850.0, 3075650.0 ], [ 4363950.0, 3075750.0 ], [ 4363950.0, 3075850.0 ], [ 4364150.0, 3075850.0 ], [ 4364650.0, 3076450.0 ], [ 4364650.0, 3076150.0 ], [ 4364450.0, 3075750.0 ], [ 4364250.0, 3075750.0 ], [ 4363950.0, 3075450.0 ], [ 4363850.0, 3075350.0 ], [ 4363850.0, 3075250.0 ], [ 4363450.0, 3075150.0 ] ] ] } },
{ "type": "Feature", "properties": { "ID": "Waltershausen_160670072_c0", "GEN": "Waltershausen", "ARS": "160670072", "LAN": "Thüringen", "area": 0.945, "centroid": "POINT (4360242.592593 3087102.733686)", "DH_demand": 5951.2883622366608, "total_demand_cells": 14066.451505661011, "total_demand_area": 29954.078125, "share_DH": 33.60958473334032, "heat_density_DH": 6.297659642578477, "heat_density": 31.69743716931217, "DH_supplied_households": 1546.0, "DH_cells": [ [ 4361250, 3086250 ], [ 4361350, 3086250 ], [ 4361450, 3086250 ], [ 4361550, 3086250 ], [ 4361150, 3086350 ], [ 4361250, 3086350 ], [ 4361350, 3086350 ], [ 4361450, 3086350 ], [ 4361550, 3086350 ], [ 4361050, 3086450 ], [ 4361150, 3086450 ], [ 4361250, 3086450 ], [ 4361350, 3086450 ], [ 4361450, 3086450 ], [ 4361550, 3086450 ], [ 4361050, 3086550 ], [ 4361150, 3086550 ], [ 4361250, 3086550 ], [ 4361350, 3086550 ], [ 4361450, 3086550 ], [ 4360850, 3086650 ], [ 4361050, 3086650 ], [ 4361150, 3086650 ], [ 4361250, 3086650 ], [ 4360950, 3086750 ], [ 4360050, 3086850 ], [ 4361150, 3086850 ], [ 4358950, 3086950 ], [ 4360650, 3086950 ], [ 4359350, 3087050 ], [ 4360250, 3087050 ], [ 4359250, 3087150 ], [ 4360750, 3087150 ], [ 4359750, 3087250 ], [ 4360350, 3087250 ], [ 4360250, 3087350 ], [ 4359850, 3087450 ], [ 4359950, 3087950 ], [ 4360050, 3088050 ], [ 4360050, 3088150 ], [ 4360150, 3088150 ] ] }, "geometry": { "type": "Polygon", "coordinates": [ [ [ 4361250.0, 3086350.0 ], [ 4361150.0, 3086350.0 ], [ 4361150.0, 3086450.0 ], [ 4361050.0, 3086450.0 ], [ 4361050.0, 3086550.0 ], [ 4361050.0, 3086650.0 ], [ 4360850.0, 3086650.0 ], [ 4360250.0, 3087050.0 ], [ 4360050.0, 3086850.0 ], [ 4358950.0, 3086950.0 ], [ 4359250.0, 3087150.0 ], [ 4359350.0, 3087050.0 ], [ 4359750.0, 3087250.0 ], [ 4359850.0, 3087450.0 ], [ 4359950.0, 3087950.0 ], [ 4360050.0, 3088050.0 ], [ 4360050.0, 3088150.0 ], [ 4360150.0, 3088150.0 ], [ 4360250.0, 3087350.0 ], [ 4360350.0, 3087250.0 ], [ 4360750.0, 3087150.0 ], [ 4360650.0, 3086950.0 ], [ 4360950.0, 3086750.0 ], [ 4361150.0, 3086850.0 ], [ 4361150.0, 3086650.0 ], [ 4361250.0, 3086650.0 ], [ 4361250.0, 3086550.0 ], [ 4361350.0, 3086550.0 ], [ 4361450.0, 3086550.0 ], [ 4361450.0, 3086450.0 ], [ 4361550.0, 3086450.0 ], [ 4361550.0, 3086350.0 ], [ 4361550.0, 3086250.0 ], [ 4361450.0, 3086250.0 ], [ 4361350.0, 3086250.0 ], [ 4361250.0, 3086250.0 ], [ 4361250.0, 3086350.0 ] ] ] } },
{ "type": "Feature", "properties": { "ID": "Waltershausen_160670072_c1", "GEN": "Waltershausen", "ARS": "160670072", "LAN": "Thüringen", "area": 0.09, "centroid": "POINT (4353172.222222 3086198.148148)", "DH_demand": 150.64145602803788, "total_demand_cells": 773.80039978027344, "total_demand_area": 2359.98828125, "share_DH": 10.797986222213051, "heat_density_DH": 1.6737939558670876, "heat_density": 26.22209201388889, "DH_supplied_households": 12.0, "DH_cells": [ [ 4352950, 3085850 ], [ 4353250, 3086350 ], [ 4353450, 3086350 ], [ 4353150, 3086450 ] ] }, "geometry": { "type": "Polygon", "coordinates": [ [ [ 4352950.0, 3085850.0 ], [ 4353150.0, 3086450.0 ], [ 4353250.0, 3086350.0 ], [ 4353450.0, 3086350.0 ], [ 4352950.0, 3085850.0 ] ] ] } },
{ "type": "Feature", "properties": { "ID": "Nesse-Apfelstädt_160670087_c0", "GEN": "Nesse-Apfelstädt", "ARS": "160670087", "LAN": "Thüringen", "area": 0.565, "centroid": "POINT (4385255.309735 3088651.769912)", "DH_demand": 545.87339977609281, "total_demand_cells": 2715.2400095462799, "total_demand_area": 10195.0732421875, "share_DH": 9.0575281487306807, "heat_density_DH": 0.96614761022317308, "heat_density": 18.044377419800885, "DH_supplied_households": 61.0, "DH_cells": [ [ 4385450, 3087650 ], [ 4385450, 3088150 ], [ 4385550, 3088150 ], [ 4385050, 3088250 ], [ 4385350, 3088250 ], [ 4385450, 3088350 ], [ 4385150, 3088450 ], [ 4385450, 3088550 ], [ 4384950, 3088650 ], [ 4385450, 3088650 ], [ 4384850, 3088750 ], [ 4385550, 3088750 ], [ 4385350, 3088950 ], [ 4385250, 3089050 ], [ 4385050, 3089450 ], [ 4385250, 3089450 ], [ 4385150, 3089650 ], [ 4385350, 3089950 ] ] }, "geometry": { "type": "Polygon", "coordinates": [ [ [ 4385150.0, 3088450.0 ], [ 4384950.0, 3088650.0 ], [ 4384850.0, 3088750.0 ], [ 4385250.0, 3089050.0 ], [ 4385050.0, 3089450.0 ], [ 4385150.0, 3089650.0 ], [ 4385350.0, 3089950.0 ], [ 4385250.0, 3089450.0 ], [ 4385350.0, 3088950.0 ], [ 4385550.0, 3088750.0 ], [ 4385450.0, 3088650.0 ], [ 4385450.0, 3088550.0 ], [ 4385450.0, 3088350.0 ], [ 4385350.0, 3088250.0 ], [ 4385450.0, 3088150.0 ], [ 4385550.0, 3088150.0 ], [ 4385450.0, 3087650.0 ], [ 4385050.0, 3088250.0 ], [ 4385150.0, 3088450.0 ] ] ] } },
{ "type": "Feature", "properties": { "ID": "Nesse-Apfelstädt_160670087_c1", "GEN": "Nesse-Apfelstädt", "ARS": "160670087", "LAN": "Thüringen", "area": 0.185, "centroid": "POINT (4383575.225225 3088187.837838)", "DH_demand": 405.34518511598861, "total_demand_cells": 1925.3989181518555, "total_demand_area": 6881.67578125, "share_DH": 9.9641193680298592, "heat_density_DH": 2.1910550546810197, "heat_density": 37.198247466216216, "DH_supplied_households": 32.0, "DH_cells": [ [ 4383150, 3087750 ], [ 4383250, 3088050 ], [ 4383350, 3088050 ], [ 4383250, 3088150 ], [ 4383450, 3088150 ], [ 4383650, 3088150 ], [ 4383550, 3088250 ], [ 4384150, 3088350 ], [ 4383450, 3088450 ] ] }, "geometry": { "type": "Polygon", "coordinates": [ [ [ 4383650.0, 3088150.0 ], [ 4383150.0, 3087750.0 ], [ 4383250.0, 3088050.0 ], [ 4383250.0, 3088150.0 ], [ 4383450.0, 3088150.0 ], [ 4383550.0, 3088250.0 ], [ 4383450.0, 3088450.0 ], [ 4384150.0, 3088350.0 ], [ 4383650.0, 3088150.0 ] ] ] } },
{ "type": "Feature", "properties": { "ID": "Nesse-Apfelstädt_160670087_c2", "GEN": "Nesse-Apfelstädt", "ARS": "160670087", "LAN": "Thüringen", "area": 0.075, "centroid": "POINT (4386783.333333 3090487.777778)", "DH_demand": 189.41859301227277, "total_demand_cells": 1330.1558990478516, "total_demand_area": 3270.162109375, "share_DH": 9.7985414685429735, "heat_density_DH": 2.5255812401636368, "heat_density": 43.602161458333335, "DH_supplied_households": 21.0, "DH_cells": [ [ 4386750, 3090350 ], [ 4386550, 3090450 ], [ 4386750, 3090550 ], [ 4386950, 3090550 ], [ 4387050, 3090550 ], [ 4387150, 3090550 ], [ 4386650, 3090650 ] ] }, "geometry": { "type": "Polygon", "coordinates": [ [ [ 4386550.0, 3090450.0 ], [ 4386650.0, 3090650.0 ], [ 4386750.0, 3090550.0 ], [ 4386950.0, 3090550.0 ], [ 4387050.0, 3090550.0 ], [ 4387150.0, 3090550.0 ], [ 4386750.0, 3090350.0 ], [ 4386550.0, 3090450.0 ] ] ] } },
{ "type": "Feature", "properties": { "ID": "Hörsel_160670088_c0", "GEN": "Hörsel", "ARS": "160670088", "LAN": "Thüringen", "area": 0.17, "centroid": "POINT (4357694.117647 3092640.196078)", "DH_demand": 213.77883366164849, "total_demand_cells": 1003.8427581787109, "total_demand_area": 3508.10791015625, "share_DH": 10.308604318331358, "heat_density_DH": 1.2575225509508736, "heat_density": 20.635928883272062, "DH_supplied_households": 57.0, "DH_cells": [ [ 4357650, 3092250 ], [ 4357850, 3092250 ], [ 4357850, 3092350 ], [ 4357650, 3092550 ], [ 4357450, 3092650 ], [ 4357750, 3093050 ], [ 4357750, 3093150 ] ] }, "geometry": { "type": "Polygon", "coordinates": [ [ [ 4357650.0, 3092550.0 ], [ 4357450.0, 3092650.0 ], [ 4357750.0, 3093150.0 ], [ 4357750.0, 3093050.0 ], [ 4357850.0, 3092350.0 ], [ 4357850.0, 3092250.0 ], [ 4357650.0, 3092250.0 ], [ 4357650.0, 3092550.0 ] ] ] } },
{ "type": "Feature", "properties": { "ID": "Nesseaue_160675007_c2", "GEN": "Nesseaue", "ARS": "160675007", "LAN": "Thüringen", "area": 0.215, "centroid": "POINT (4375795.736434 3099570.155039)", "DH_demand": 287.46128370518119, "total_demand_cells": 1626.7102584838867, "total_demand_area": 6208.0791015625, "share_DH": 7.8330379283472737, "heat_density_DH": 1.3370292265357264, "heat_density": 28.874786518895348, "DH_supplied_households": 34.0, "DH_cells": [ [ 4375750, 3099250 ], [ 4375850, 3099250 ], [ 4375850, 3099450 ], [ 4376150, 3099450 ], [ 4375450, 3099650 ], [ 4376050, 3099650 ], [ 4375550, 3099750 ], [ 4375750, 3099750 ], [ 4375950, 3099850 ] ] }, "geometry": { "type": "Polygon", "coordinates": [ [ [ 4375450.0, 3099650.0 ], [ 4375550.0, 3099750.0 ], [ 4375750.0, 3099750.0 ], [ 4375950.0, 3099850.0 ], [ 4376050.0, 3099650.0 ], [ 4376150.0, 3099450.0 ], [ 4375850.0, 3099450.0 ], [ 4375850.0, 3099250.0 ], [ 4375750.0, 3099250.0 ], [ 4375450.0, 3099650.0 ] ] ] } },
{ "type": "Feature", "properties": { "ID": "Fahner Höhe_160675012_c0", "GEN": "Fahner Höhe", "ARS": "160675012", "LAN": "Thüringen", "area": 0.1, "centroid": "POINT (4378708.333333 3103938.333333)", "DH_demand": 288.17387628176999, "total_demand_cells": 851.11843490600586, "total_demand_area": 2496.09814453125, "share_DH": 19.529946860435064, "heat_density_DH": 2.8817387628177005, "heat_density": 24.960981445312502, "DH_supplied_households": 19.0, "DH_cells": [ [ 4378850, 3103750 ], [ 4378550, 3103850 ], [ 4378650, 3103850 ], [ 4378950, 3103850 ], [ 4378950, 3103950 ], [ 4378450, 3104150 ] ] }, "geometry": { "type": "Polygon", "coordinates": [ [ [ 4378450.0, 3104150.0 ], [ 4378950.0, 3103950.0 ], [ 4378950.0, 3103850.0 ], [ 4378850.0, 3103750.0 ], [ 4378650.0, 3103850.0 ], [ 4378550.0, 3103850.0 ], [ 4378450.0, 3104150.0 ] ] ] } },
{ "type": "Feature", "properties": { "ID": "Fahner Höhe_160675012_c2", "GEN": "Fahner Höhe", "ARS": "160675012", "LAN": "Thüringen", "area": 0.11, "centroid": "POINT (4380819.69697 3107836.363636)", "DH_demand": 242.65836570395297, "total_demand_cells": 2130.6586837768555, "total_demand_area": 3881.597900390625, "share_DH": 10.575303372215519, "heat_density_DH": 2.2059851427632089, "heat_density": 35.287253639914773, "DH_supplied_households": 42.0, "DH_cells": [ [ 4380950, 3107650 ], [ 4381250, 3107650 ], [ 4380850, 3107750 ], [ 4380950, 3107750 ], [ 4380450, 3107850 ], [ 4380650, 3107850 ], [ 4380850, 3107850 ], [ 4381150, 3107850 ], [ 4380550, 3108050 ], [ 4380550, 3108150 ], [ 4380650, 3108150 ] ] }, "geometry": { "type": "Polygon", "coordinates": [ [ [ 4380850.0, 3107750.0 ], [ 4380450.0, 3107850.0 ], [ 4380550.0, 3108050.0 ], [ 4380550.0, 3108150.0 ], [ 4380650.0, 3108150.0 ], [ 4380650.0, 3107850.0 ], [ 4380850.0, 3107850.0 ], [ 4380950.0, 3107750.0 ], [ 4381150.0, 3107850.0 ], [ 4381250.0, 3107650.0 ], [ 4380950.0, 3107650.0 ], [ 4380850.0, 3107750.0 ] ] ] } },
{ "type": "Feature", "properties": { "ID": "Fahner Höhe_160675012_c4", "GEN": "Fahner Höhe", "ARS": "160675012", "LAN": "Thüringen", "area": 0.12, "centroid": "POINT (4372338.888889 3109177.777778)", "DH_demand": 158.37385025142873, "total_demand_cells": 927.73779678344727, "total_demand_area": 5307.09423828125, "share_DH": 5.0481794699340865, "heat_density_DH": 1.3197820854285729, "heat_density": 44.22578531901042, "DH_supplied_households": 32.0, "DH_cells": [ [ 4372550, 3108750 ], [ 4372550, 3108850 ], [ 4372150, 3109250 ], [ 4372150, 3109450 ], [ 4372250, 3109450 ], [ 4372350, 3109450 ] ] }, "geometry": { "type": "Polygon", "coordinates": [ [ [ 4372150.0, 3109250.0 ], [ 4372150.0, 3109450.0 ], [ 4372250.0, 3109450.0 ], [ 4372350.0, 3109450.0 ], [ 4372550.0, 3108850.0 ], [ 4372550.0, 3108750.0 ], [ 4372150.0, 3109250.0 ] ] ] } },
{ "type": "Feature", "properties": { "ID": "Ohrdruf_160675050_c0", "GEN": "Ohrdruf", "ARS": "160675050", "LAN": "Thüringen", "area": 0.07, "centroid": "POINT (4376407.142857 3074585.714286)", "DH_demand": 181.66875391095789, "total_demand_cells": 1956.7084350585938, "total_demand_area": 4766.27685546875, "share_DH": 6.4477632520827406, "heat_density_DH": 2.5952679130136849, "heat_density": 68.089669363839306, "DH_supplied_households": 21.0, "DH_cells": [ [ 4375850, 3074150 ], [ 4376050, 3074350 ], [ 4376550, 3074650 ], [ 4376650, 3074650 ], [ 4376550, 3074750 ], [ 4376650, 3074850 ], [ 4376750, 3074850 ] ] }, "geometry": { "type": "Polygon", "coordinates": [ [ [ 4376550.0, 3074650.0 ], [ 4375850.0, 3074150.0 ], [ 4376050.0, 3074350.0 ], [ 4376550.0, 3074750.0 ], [ 4376650.0, 3074850.0 ], [ 4376750.0, 3074850.0 ], [ 4376650.0, 3074650.0 ], [ 4376550.0, 3074650.0 ] ] ] } },
{ "type": "Feature", "properties": { "ID": "Ohrdruf_160675050_c3", "GEN": "Ohrdruf", "ARS": "160675050", "LAN": "Thüringen", "area": 0.705, "centroid": "POINT (4372777.423168 3079368.20331)", "DH_demand": 1227.3091882695594, "total_demand_cells": 5982.5454025268555, "total_demand_area": 25012.505859375, "share_DH": 8.3005122133883962, "heat_density_DH": 1.7408640968362545, "heat_density": 35.478731715425532, "DH_supplied_households": 369.0, "DH_cells": [ [ 4372550, 3078750 ], [ 4373050, 3078750 ], [ 4373150, 3078750 ], [ 4372450, 3079050 ], [ 4372450, 3079150 ], [ 4372550, 3079150 ], [ 4372650, 3079150 ], [ 4373050, 3079150 ], [ 4372550, 3079250 ], [ 4372650, 3079250 ], [ 4372350, 3079550 ], [ 4372550, 3079650 ], [ 4372650, 3079650 ], [ 4372750, 3079650 ], [ 4373050, 3079650 ], [ 4372750, 3079750 ], [ 4372650, 3079850 ], [ 4373050, 3079850 ], [ 4372450, 3080050 ], [ 4372650, 3080150 ], [ 4372750, 3080150 ] ] }, "geometry": { "type": "Polygon", "coordinates": [ [ [ 4372450.0, 3079150.0 ], [ 4372550.0, 3079150.0 ], [ 4372550.0, 3079250.0 ], [ 4372350.0, 3079550.0 ], [ 4372550.0, 3079650.0 ], [ 4372650.0, 3079650.0 ], [ 4372750.0, 3079650.0 ], [ 4372750.0, 3079750.0 ], [ 4372650.0, 3079850.0 ], [ 4372450.0, 3080050.0 ], [ 4372650.0, 3080150.0 ], [ 4372750.0, 3080150.0 ], [ 4373050.0, 3079850.0 ], [ 4373050.0, 3079650.0 ], [ 4373050.0, 3079150.0 ], [ 4373150.0, 3078750.0 ], [ 4373050.0, 3078750.0 ], [ 4372550.0, 3078750.0 ], [ 4372450.0, 3079050.0 ], [ 4372450.0, 3079150.0 ] ] ] } },
{ "type": "Feature", "properties": { "ID": "Drei Gleichen_160675052_c2", "GEN": "Drei Gleichen", "ARS": "160675052", "LAN": "Thüringen", "area": 0.225, "centroid": "POINT (4375638.888889 3087123.333333)", "DH_demand": 212.91951889438107, "total_demand_cells": 1813.5057144165039, "total_demand_area": 6979.6943359375, "share_DH": 5.160445348997408, "heat_density_DH": 0.94630897286391602, "heat_density": 31.02086371527778, "DH_supplied_households": 32.0, "DH_cells": [ [ 4375050, 3086950 ], [ 4375250, 3086950 ], [ 4375550, 3086950 ], [ 4375650, 3086950 ], [ 4375650, 3087050 ], [ 4376150, 3087050 ], [ 4375950, 3087150 ], [ 4376250, 3087150 ], [ 4375650, 3087350 ], [ 4375850, 3087350 ] ] }, "geometry": { "type": "Polygon", "coordinates": [ [ [ 4375550.0, 3086950.0 ], [ 4375250.0, 3086950.0 ], [ 4375050.0, 3086950.0 ], [ 4375650.0, 3087350.0 ], [ 4375850.0, 3087350.0 ], [ 4375950.0, 3087150.0 ], [ 4376250.0, 3087150.0 ], [ 4376150.0, 3087050.0 ], [ 4375650.0, 3087050.0 ], [ 4375650.0, 3086950.0 ], [ 4375550.0, 3086950.0 ] ] ] } },
{ "type": "Feature", "properties": { "ID": "Drei Gleichen_160675052_c3", "GEN": "Drei Gleichen", "ARS": "160675052", "LAN": "Thüringen", "area": 0.015, "centroid": "POINT (4380883.333333 3087738.888889)", "DH_demand": 123.23899890732315, "total_demand_cells": 957.39530944824219, "total_demand_area": 1659.80615234375, "share_DH": 12.560267895885268, "heat_density_DH": 8.2159332604882103, "heat_density": 110.65374348958333, "DH_supplied_households": 13.0, "DH_cells": [ [ 4380850, 3087650 ], [ 4380750, 3087750 ], [ 4380850, 3087750 ], [ 4381050, 3087850 ] ] }, "geometry": { "type": "Polygon", "coordinates": [ [ [ 4380750.0, 3087750.0 ], [ 4380850.0, 3087750.0 ], [ 4381050.0, 3087850.0 ], [ 4380850.0, 3087650.0 ], [ 4380750.0, 3087750.0 ] ] ] } },
{ "type": "Feature", "properties": { "ID": "Drei Gleichen_160675052_c5", "GEN": "Drei Gleichen", "ARS": "160675052", "LAN": "Thüringen", "area": 0.02, "centroid": "POINT (4377033.333333 3090683.333333)", "DH_demand": 170.23951350522589, "total_demand_cells": 918.87989807128906, "total_demand_area": 1379.3331298828125, "share_DH": 20.87850090436179, "heat_density_DH": 8.5119756752612936, "heat_density": 68.966656494140622, "DH_supplied_households": 12.0, "DH_cells": [ [ 4377150, 3090450 ], [ 4376950, 3090750 ], [ 4377050, 3090750 ], [ 4376950, 3090850 ] ] }, "geometry": { "type": "Polygon", "coordinates": [ [ [ 4376950.0, 3090750.0 ], [ 4376950.0, 3090850.0 ], [ 4377050.0, 3090750.0 ], [ 4377150.0, 3090450.0 ], [ 4376950.0, 3090750.0 ] ] ] } },
{ "type": "Feature", "properties": { "ID": "Nessetal_160675053_c0", "GEN": "Nessetal", "ARS": "160675053", "LAN": "Thüringen", "area": 0.11, "centroid": "POINT (4369304.545455 3096528.787879)", "DH_demand": 158.00069586769408, "total_demand_cells": 767.77394104003906, "total_demand_area": 3608.0009765625, "share_DH": 7.4079913060384985, "heat_density_DH": 1.4363699624335826, "heat_density": 32.800008877840909, "DH_supplied_households": 23.0, "DH_cells": [ [ 4369550, 3096350 ], [ 4369150, 3096450 ], [ 4369050, 3096550 ], [ 4369550, 3096550 ], [ 4369150, 3096650 ], [ 4369350, 3096650 ], [ 4369050, 3096750 ] ] }, "geometry": { "type": "Polygon", "coordinates": [ [ [ 4369050.0, 3096550.0 ], [ 4369050.0, 3096750.0 ], [ 4369150.0, 3096650.0 ], [ 4369350.0, 3096650.0 ], [ 4369550.0, 3096550.0 ], [ 4369550.0, 3096350.0 ], [ 4369150.0, 3096450.0 ], [ 4369050.0, 3096550.0 ] ] ] } },
{ "type": "Feature", "properties": { "ID": "Nessetal_160675053_c1", "GEN": "Nessetal", "ARS": "160675053", "LAN": "Thüringen", "area": 0.125, "centroid": "POINT (4367102 3098132.666667)", "DH_demand": 261.7108682315548, "total_demand_cells": 895.55442810058594, "total_demand_area": 5109.28271484375, "share_DH": 8.6650272842752987, "heat_density_DH": 2.0936869458524385, "heat_density": 40.874261718749999, "DH_supplied_households": 12.0, "DH_cells": [ [ 4367050, 3097750 ], [ 4367250, 3098050 ], [ 4366950, 3098150 ], [ 4367150, 3098550 ] ] }, "geometry": { "type": "Polygon", "coordinates": [ [ [ 4366950.0, 3098150.0 ], [ 4367150.0, 3098550.0 ], [ 4367250.0, 3098050.0 ], [ 4367050.0, 3097750.0 ], [ 4366950.0, 3098150.0 ] ] ] } },
{ "type": "Feature", "properties": { "ID": "Georgenthal_160675054_c0", "GEN": "Georgenthal", "ARS": "160675054", "LAN": "Thüringen", "area": 0.05, "centroid": "POINT (4367356.666667 3080036.666667)", "DH_demand": 390.29876613246171, "total_demand_cells": 2462.031494140625, "total_demand_area": 5535.369140625, "share_DH": 11.927754747971573, "heat_density_DH": 7.8059753226492354, "heat_density": 110.70738281250001, "DH_supplied_households": 28.0, "DH_cells": [ [ 4367150, 3079850 ], [ 4367150, 3079950 ], [ 4367250, 3079950 ], [ 4367150, 3080050 ], [ 4367650, 3080150 ], [ 4367750, 3080150 ] ] }, "geometry": { "type": "Polygon", "coordinates": [ [ [ 4367250.0, 3079950.0 ], [ 4367150.0, 3079850.0 ], [ 4367150.0, 3079950.0 ], [ 4367150.0, 3080050.0 ], [ 4367650.0, 3080150.0 ], [ 4367750.0, 3080150.0 ], [ 4367250.0, 3079950.0 ] ] ] } },
{ "type": "Feature", "properties": { "ID": "Georgenthal_160675054_c1", "GEN": "Georgenthal", "ARS": "160675054", "LAN": "Thüringen", "area": 0.31, "centroid": "POINT (4365504.301075 3080790.322581)", "DH_demand": 232.16072465063453, "total_demand_cells": 1078.7227973937988, "total_demand_area": 4766.06494140625, "share_DH": 8.2401839301062854, "heat_density_DH": 0.74890556338914371, "heat_density": 15.374403036794355, "DH_supplied_households": 24.0, "DH_cells": [ [ 4365150, 3080550 ], [ 4365950, 3080650 ], [ 4365950, 3080850 ], [ 4365050, 3080950 ], [ 4365650, 3080950 ], [ 4365750, 3080950 ], [ 4365650, 3081050 ], [ 4365750, 3081250 ] ] }, "geometry": { "type": "Polygon", "coordinates": [ [ [ 4365050.0, 3080950.0 ], [ 4365650.0, 3080950.0 ], [ 4365650.0, 3081050.0 ], [ 4365750.0, 3081250.0 ], [ 4365750.0, 3080950.0 ], [ 4365950.0, 3080850.0 ], [ 4365950.0, 3080650.0 ], [ 4365150.0, 3080550.0 ], [ 4365050.0, 3080950.0 ] ] ] } },
{ "type": "Feature", "properties": { "ID": "Kölleda_160680034_c0", "GEN": "Kölleda", "ARS": "160680034", "LAN": "Thüringen", "area": 0.625, "centroid": "POINT (4408082 3120246.533333)", "DH_demand": 3261.017912099805, "total_demand_cells": 10024.564214706421, "total_demand_area": 21161.310546875, "share_DH": 26.068661596611598, "heat_density_DH": 5.2176286593596881, "heat_density": 33.858096875000001, "DH_supplied_households": 894.0, "DH_cells": [ [ 4408250, 3119550 ], [ 4408150, 3119650 ], [ 4408250, 3119650 ], [ 4408350, 3119650 ], [ 4408150, 3119750 ], [ 4408250, 3119750 ], [ 4408350, 3119750 ], [ 4407650, 3119850 ], [ 4407750, 3119850 ], [ 4407850, 3119850 ], [ 4408150, 3119850 ], [ 4408250, 3119850 ], [ 4408350, 3119850 ], [ 4407850, 3119950 ], [ 4407950, 3119950 ], [ 4408050, 3119950 ], [ 4408050, 3120050 ], [ 4408150, 3120050 ], [ 4408450, 3120050 ], [ 4407650, 3120150 ], [ 4407750, 3120150 ], [ 4408050, 3120150 ], [ 4408150, 3120150 ], [ 4407850, 3120250 ], [ 4408150, 3120250 ], [ 4408650, 3120250 ], [ 4408750, 3120250 ], [ 4407750, 3120350 ], [ 4408350, 3120350 ], [ 4408550, 3120350 ], [ 4408650, 3120350 ], [ 4408750, 3120350 ], [ 4407750, 3120450 ], [ 4408250, 3120450 ], [ 4408550, 3120450 ], [ 4408650, 3120450 ], [ 4407550, 3120550 ], [ 4407750, 3120550 ], [ 4407950, 3120550 ], [ 4407650, 3120650 ], [ 4407750, 3120650 ], [ 4408350, 3120650 ], [ 4407750, 3120750 ], [ 4407450, 3120850 ], [ 4407550, 3120850 ], [ 4407550, 3121050 ], [ 4407650, 3121050 ] ] }, "geometry": { "type": "Polygon", "coordinates": [ [ [ 4407650.0, 3120150.0 ], [ 4407750.0, 3120150.0 ], [ 4407850.0, 3120250.0 ], [ 4407750.0, 3120350.0 ], [ 4407750.0, 3120450.0 ], [ 4407550.0, 3120550.0 ], [ 4407650.0, 3120650.0 ], [ 4407450.0, 3120850.0 ], [ 4407550.0, 3120850.0 ], [ 4407550.0, 3121050.0 ], [ 4407650.0, 3121050.0 ], [ 4407750.0, 3120750.0 ], [ 4407750.0, 3120650.0 ], [ 4407750.0, 3120550.0 ], [ 4407950.0, 3120550.0 ], [ 4408150.0, 3120250.0 ], [ 4408350.0, 3120350.0 ], [ 4408250.0, 3120450.0 ], [ 4408350.0, 3120650.0 ], [ 4408550.0, 3120450.0 ], [ 4408650.0, 3120450.0 ], [ 4408650.0, 3120350.0 ], [ 4408750.0, 3120350.0 ], [ 4408750.0, 3120250.0 ], [ 4408650.0, 3120250.0 ], [ 4408450.0, 3120050.0 ], [ 4408350.0, 3119850.0 ], [ 4408350.0, 3119750.0 ], [ 4408350.0, 3119650.0 ], [ 4408250.0, 3119650.0 ], [ 4408250.0, 3119550.0 ], [ 4408150.0, 3119650.0 ], [ 4408150.0, 3119750.0 ], [ 4408150.0, 3119850.0 ], [ 4408050.0, 3119950.0 ], [ 4407950.0, 3119950.0 ], [ 4407850.0, 3119950.0 ], [ 4407850.0, 3119850.0 ], [ 4407750.0, 3119850.0 ], [ 4407650.0, 3119850.0 ], [ 4407650.0, 3120150.0 ] ] ] } },
{ "type": "Feature", "properties": { "ID": "Kölleda_160680034_c1", "GEN": "Kölleda", "ARS": "160680034", "LAN": "Thüringen", "area": 0.04, "centroid": "POINT (4405854.166667 3119895.833333)", "DH_demand": 551.71934121408515, "total_demand_cells": 1203.8539915084839, "total_demand_area": 1290.88720703125, "share_DH": 72.299954305934392, "heat_density_DH": 13.792983530352128, "heat_density": 32.272180175781251, "DH_supplied_households": 117.0, "DH_cells": [ [ 4405650, 3119850 ], [ 4406050, 3119850 ], [ 4406150, 3119850 ], [ 4405650, 3119950 ], [ 4405750, 3119950 ], [ 4405850, 3119950 ], [ 4405950, 3119950 ] ] }, "geometry": { "type": "Polygon", "coordinates": [ [ [ 4406050.0, 3119850.0 ], [ 4405650.0, 3119850.0 ], [ 4405650.0, 3119950.0 ], [ 4405750.0, 3119950.0 ], [ 4405850.0, 3119950.0 ], [ 4405950.0, 3119950.0 ], [ 4406150.0, 3119850.0 ], [ 4406050.0, 3119850.0 ] ] ] } },
{ "type": "Feature", "properties": { "ID": "Kölleda_160680034_c2", "GEN": "Kölleda", "ARS": "160680034", "LAN": "Thüringen", "area": 0.08, "centroid": "POINT (4411562.5 3123193.75)", "DH_demand": 465.01938136043259, "total_demand_cells": 1556.5554866790771, "total_demand_area": 1867.763427734375, "share_DH": 42.116987267040521, "heat_density_DH": 5.8127422670054072, "heat_density": 23.347042846679688, "DH_supplied_households": 62.0, "DH_cells": [ [ 4411350, 3123050 ], [ 4411550, 3123050 ], [ 4411350, 3123150 ], [ 4411650, 3123150 ], [ 4411750, 3123150 ], [ 4411450, 3123250 ], [ 4411550, 3123250 ], [ 4411650, 3123250 ], [ 4411750, 3123250 ], [ 4411550, 3123350 ], [ 4411650, 3123350 ], [ 4411750, 3123350 ] ] }, "geometry": { "type": "Polygon", "coordinates": [ [ [ 4411350.0, 3123050.0 ], [ 4411350.0, 3123150.0 ], [ 4411450.0, 3123250.0 ], [ 4411550.0, 3123250.0 ], [ 4411550.0, 3123350.0 ], [ 4411650.0, 3123350.0 ], [ 4411750.0, 3123350.0 ], [ 4411750.0, 3123250.0 ], [ 4411750.0, 3123150.0 ], [ 4411650.0, 3123150.0 ], [ 4411550.0, 3123050.0 ], [ 4411350.0, 3123050.0 ] ] ] } },
{ "type": "Feature", "properties": { "ID": "Sömmerda_160680051_c0", "GEN": "Sömmerda", "ARS": "160680051", "LAN": "Thüringen", "area": 2.315, "centroid": "POINT (4399890.460763 3117145.104392)", "DH_demand": 23810.361689745267, "total_demand_cells": 58325.00661110878, "total_demand_area": 93161.7265625, "share_DH": 43.235110631875209, "heat_density_DH": 10.28525342969558, "heat_density": 40.242646463282938, "DH_supplied_households": 5845.0, "DH_cells": [ [ 4399150, 3115250 ], [ 4399050, 3115450 ], [ 4398650, 3115550 ], [ 4399050, 3115550 ], [ 4399150, 3115550 ], [ 4399050, 3115650 ], [ 4399050, 3115750 ], [ 4399050, 3116050 ], [ 4399150, 3116150 ], [ 4399250, 3116150 ], [ 4399350, 3116150 ], [ 4399150, 3116250 ], [ 4399350, 3116250 ], [ 4399050, 3116350 ], [ 4399150, 3116350 ], [ 4399250, 3116350 ], [ 4399350, 3116350 ], [ 4399450, 3116350 ], [ 4399150, 3116450 ], [ 4399250, 3116450 ], [ 4399350, 3116450 ], [ 4399450, 3116450 ], [ 4400150, 3116450 ], [ 4400250, 3116450 ], [ 4399050, 3116550 ], [ 4399450, 3116550 ], [ 4400050, 3116550 ], [ 4400150, 3116550 ], [ 4400250, 3116550 ], [ 4400550, 3116550 ], [ 4400650, 3116550 ], [ 4398950, 3116650 ], [ 4399050, 3116650 ], [ 4399150, 3116650 ], [ 4399350, 3116650 ], [ 4399450, 3116650 ], [ 4400150, 3116650 ], [ 4400250, 3116650 ], [ 4400550, 3116650 ], [ 4400650, 3116650 ], [ 4400750, 3116650 ], [ 4398950, 3116750 ], [ 4399150, 3116750 ], [ 4399250, 3116750 ], [ 4399350, 3116750 ], [ 4399450, 3116750 ], [ 4399950, 3116750 ], [ 4400050, 3116750 ], [ 4400150, 3116750 ], [ 4400250, 3116750 ], [ 4400450, 3116750 ], [ 4400550, 3116750 ], [ 4400650, 3116750 ], [ 4398850, 3116850 ], [ 4399050, 3116850 ], [ 4399150, 3116850 ], [ 4399350, 3116850 ], [ 4399950, 3116850 ], [ 4400050, 3116850 ], [ 4400150, 3116850 ], [ 4400350, 3116850 ], [ 4400450, 3116850 ], [ 4400650, 3116850 ], [ 4398950, 3116950 ], [ 4399350, 3116950 ], [ 4399950, 3116950 ], [ 4400050, 3116950 ], [ 4400150, 3116950 ], [ 4400250, 3116950 ], [ 4400350, 3116950 ], [ 4400450, 3116950 ], [ 4400550, 3116950 ], [ 4400650, 3116950 ], [ 4398850, 3117050 ], [ 4398950, 3117050 ], [ 4399050, 3117050 ], [ 4399150, 3117050 ], [ 4399250, 3117050 ], [ 4399350, 3117050 ], [ 4399450, 3117050 ], [ 4399550, 3117050 ], [ 4399650, 3117050 ], [ 4399750, 3117050 ], [ 4399850, 3117050 ], [ 4400050, 3117050 ], [ 4400150, 3117050 ], [ 4400250, 3117050 ], [ 4400350, 3117050 ], [ 4400450, 3117050 ], [ 4400550, 3117050 ], [ 4400650, 3117050 ], [ 4399250, 3117150 ], [ 4399350, 3117150 ], [ 4399450, 3117150 ], [ 4399550, 3117150 ], [ 4399650, 3117150 ], [ 4399750, 3117150 ], [ 4399850, 3117150 ], [ 4400150, 3117150 ], [ 4400450, 3117150 ], [ 4400650, 3117150 ], [ 4399150, 3117250 ], [ 4399250, 3117250 ], [ 4399450, 3117250 ], [ 4399750, 3117250 ], [ 4400250, 3117250 ], [ 4400650, 3117250 ], [ 4399150, 3117350 ], [ 4399250, 3117350 ], [ 4399350, 3117350 ], [ 4399750, 3117350 ], [ 4399850, 3117350 ], [ 4399050, 3117450 ], [ 4399250, 3117450 ], [ 4399450, 3117450 ], [ 4399550, 3117450 ], [ 4399850, 3117450 ], [ 4400750, 3117450 ], [ 4400850, 3117450 ], [ 4400950, 3117450 ], [ 4401050, 3117450 ], [ 4399050, 3117550 ], [ 4399150, 3117550 ], [ 4399250, 3117550 ], [ 4399450, 3117550 ], [ 4399550, 3117550 ], [ 4399650, 3117550 ], [ 4400850, 3117550 ], [ 4399350, 3117650 ], [ 4399450, 3117650 ], [ 4399550, 3117650 ], [ 4399650, 3117650 ], [ 4400050, 3117650 ], [ 4400750, 3117650 ], [ 4400850, 3117650 ], [ 4399450, 3117750 ], [ 4399550, 3117750 ], [ 4399750, 3117750 ], [ 4400150, 3117750 ], [ 4400350, 3117750 ], [ 4400450, 3117750 ], [ 4400850, 3117750 ], [ 4400950, 3117750 ], [ 4399350, 3117850 ], [ 4399450, 3117850 ], [ 4399550, 3117850 ], [ 4399650, 3117850 ], [ 4399750, 3117850 ], [ 4400950, 3117850 ], [ 4399450, 3117950 ], [ 4399550, 3117950 ], [ 4400250, 3117950 ], [ 4399450, 3118050 ], [ 4399550, 3118050 ], [ 4400250, 3118050 ], [ 4400550, 3118150 ] ] }, "geometry": { "type": "Polygon", "coordinates": [ [ [ 4399050.0, 3115450.0 ], [ 4399050.0, 3115550.0 ], [ 4398650.0, 3115550.0 ], [ 4399050.0, 3115750.0 ], [ 4399050.0, 3116050.0 ], [ 4399150.0, 3116150.0 ], [ 4399150.0, 3116250.0 ], [ 4399050.0, 3116350.0 ], [ 4399150.0, 3116350.0 ], [ 4399150.0, 3116450.0 ], [ 4399050.0, 3116550.0 ], [ 4399050.0, 3116650.0 ], [ 4398950.0, 3116650.0 ], [ 4398950.0, 3116750.0 ], [ 4398850.0, 3116850.0 ], [ 4398950.0, 3116950.0 ], [ 4398850.0, 3117050.0 ], [ 4398950.0, 3117050.0 ], [ 4399050.0, 3117050.0 ], [ 4399150.0, 3117050.0 ], [ 4399250.0, 3117050.0 ], [ 4399250.0, 3117150.0 ], [ 4399250.0, 3117250.0 ], [ 4399150.0, 3117250.0 ], [ 4399150.0, 3117350.0 ], [ 4399050.0, 3117450.0 ], [ 4399050.0, 3117550.0 ], [ 4399150.0, 3117550.0 ], [ 4399250.0, 3117550.0 ], [ 4399350.0, 3117650.0 ], [ 4399350.0, 3117850.0 ], [ 4399450.0, 3117850.0 ], [ 4399450.0, 3117950.0 ], [ 4399450.0, 3118050.0 ], [ 4399550.0, 3118050.0 ], [ 4399550.0, 3117950.0 ], [ 4399550.0, 3117850.0 ], [ 4399650.0, 3117850.0 ], [ 4399750.0, 3117850.0 ], [ 4399750.0, 3117750.0 ], [ 4400050.0, 3117650.0 ], [ 4400150.0, 3117750.0 ], [ 4400250.0, 3117950.0 ], [ 4400250.0, 3118050.0 ], [ 4400550.0, 3118150.0 ], [ 4400950.0, 3117850.0 ], [ 4400950.0, 3117750.0 ], [ 4400850.0, 3117750.0 ], [ 4400850.0, 3117650.0 ], [ 4400850.0, 3117550.0 ], [ 4401050.0, 3117450.0 ], [ 4400950.0, 3117450.0 ], [ 4400850.0, 3117450.0 ], [ 4400750.0, 3117450.0 ], [ 4400650.0, 3117250.0 ], [ 4400650.0, 3117150.0 ], [ 4400650.0, 3117050.0 ], [ 4400650.0, 3116950.0 ], [ 4400650.0, 3116850.0 ], [ 4400650.0, 3116750.0 ], [ 4400750.0, 3116650.0 ], [ 4400650.0, 3116650.0 ], [ 4400650.0, 3116550.0 ], [ 4400550.0, 3116550.0 ], [ 4400250.0, 3116550.0 ], [ 4400250.0, 3116450.0 ], [ 4400150.0, 3116450.0 ], [ 4400150.0, 3116550.0 ], [ 4400050.0, 3116550.0 ], [ 4400050.0, 3116750.0 ], [ 4399950.0, 3116750.0 ], [ 4399450.0, 3116750.0 ], [ 4399450.0, 3116650.0 ], [ 4399450.0, 3116550.0 ], [ 4399450.0, 3116450.0 ], [ 4399450.0, 3116350.0 ], [ 4399350.0, 3116350.0 ], [ 4399350.0, 3116250.0 ], [ 4399350.0, 3116150.0 ], [ 4399250.0, 3116150.0 ], [ 4399050.0, 3115650.0 ], [ 4399150.0, 3115550.0 ], [ 4399150.0, 3115250.0 ], [ 4399050.0, 3115450.0 ] ] ] } },
{ "type": "Feature", "properties": { "ID": "Weißensee_160680058_c0", "GEN": "Weißensee", "ARS": "160680058", "LAN": "Thüringen", "area": 0.375, "centroid": "POINT (4395629.555556 3121097.555556)", "DH_demand": 645.95196816061787, "total_demand_cells": 3137.0780563354492, "total_demand_area": 10357.6494140625, "share_DH": 10.549870523025911, "heat_density_DH": 1.7225385817616476, "heat_density": 27.6203984375, "DH_supplied_households": 193.0, "DH_cells": [ [ 4395850, 3120350 ], [ 4395650, 3120450 ], [ 4395750, 3120450 ], [ 4395850, 3120450 ], [ 4395950, 3120450 ], [ 4395650, 3120550 ], [ 4395750, 3120550 ], [ 4395850, 3120650 ], [ 4395850, 3120850 ], [ 4395650, 3120950 ], [ 4395950, 3121250 ], [ 4395150, 3121350 ], [ 4395550, 3121350 ], [ 4395650, 3121350 ], [ 4395850, 3121350 ], [ 4395450, 3121450 ], [ 4395550, 3121450 ], [ 4395950, 3121450 ], [ 4395350, 3121650 ] ] }, "geometry": { "type": "Polygon", "coordinates": [ [ [ 4395650.0, 3120550.0 ], [ 4395650.0, 3120950.0 ], [ 4395150.0, 3121350.0 ], [ 4395350.0, 3121650.0 ], [ 4395450.0, 3121450.0 ], [ 4395550.0, 3121450.0 ], [ 4395550.0, 3121350.0 ], [ 4395650.0, 3121350.0 ], [ 4395850.0, 3121350.0 ], [ 4395950.0, 3121450.0 ], [ 4395950.0, 3121250.0 ], [ 4395850.0, 3120850.0 ], [ 4395850.0, 3120650.0 ], [ 4395750.0, 3120550.0 ], [ 4395950.0, 3120450.0 ], [ 4395850.0, 3120450.0 ], [ 4395850.0, 3120350.0 ], [ 4395750.0, 3120450.0 ], [ 4395650.0, 3120450.0 ], [ 4395650.0, 3120550.0 ] ] ] } },
{ "type": "Feature", "properties": { "ID": "Gera-Aue_160685002_c0", "GEN": "Gera-Aue", "ARS": "160685002", "LAN": "Thüringen", "area": 0.18, "centroid": "POINT (4386690.740741 3106448.148148)", "DH_demand": 235.37493435094868, "total_demand_cells": 1696.5017852783203, "total_demand_area": 6247.619140625, "share_DH": 6.3731446523926722, "heat_density_DH": 1.307638524171937, "heat_density": 34.708995225694444, "DH_supplied_households": 30.0, "DH_cells": [ [ 4386750, 3106050 ], [ 4386550, 3106350 ], [ 4386950, 3106350 ], [ 4386650, 3106650 ], [ 4386450, 3106750 ], [ 4386650, 3106750 ], [ 4386750, 3106750 ], [ 4386850, 3106750 ], [ 4386850, 3106850 ] ] }, "geometry": { "type": "Polygon", "coordinates": [ [ [ 4386450.0, 3106750.0 ], [ 4386650.0, 3106750.0 ], [ 4386750.0, 3106750.0 ], [ 4386850.0, 3106850.0 ], [ 4386850.0, 3106750.0 ], [ 4386650.0, 3106650.0 ], [ 4386950.0, 3106350.0 ], [ 4386750.0, 3106050.0 ], [ 4386550.0, 3106350.0 ], [ 4386450.0, 3106750.0 ] ] ] } },
{ "type": "Feature", "properties": { "ID": "Gera-Aue_160685002_c1", "GEN": "Gera-Aue", "ARS": "160685002", "LAN": "Thüringen", "area": 0.32, "centroid": "POINT (4386102.604167 3111781.770833)", "DH_demand": 282.3974408681641, "total_demand_cells": 2510.1835145950317, "total_demand_area": 7256.8427734375, "share_DH": 6.5829590527398603, "heat_density_DH": 0.88249200271301276, "heat_density": 22.677633666992186, "DH_supplied_households": 109.0, "DH_cells": [ [ 4385850, 3111350 ], [ 4385950, 3111350 ], [ 4386150, 3111750 ], [ 4386250, 3111750 ], [ 4386250, 3111850 ], [ 4386450, 3111850 ], [ 4386750, 3111850 ], [ 4386850, 3111850 ], [ 4386950, 3111850 ], [ 4385650, 3111950 ], [ 4386550, 3111950 ], [ 4386850, 3111950 ], [ 4387050, 3111950 ], [ 4386050, 3112050 ], [ 4386450, 3112150 ] ] }, "geometry": { "type": "Polygon", "coordinates": [ [ [ 4385650.0, 3111950.0 ], [ 4386050.0, 3112050.0 ], [ 4386250.0, 3111850.0 ], [ 4386450.0, 3111850.0 ], [ 4386450.0, 3112150.0 ], [ 4386550.0, 3111950.0 ], [ 4386750.0, 3111850.0 ], [ 4386850.0, 3111950.0 ], [ 4387050.0, 3111950.0 ], [ 4386950.0, 3111850.0 ], [ 4386850.0, 3111850.0 ], [ 4386250.0, 3111750.0 ], [ 4386150.0, 3111750.0 ], [ 4385950.0, 3111350.0 ], [ 4385850.0, 3111350.0 ], [ 4385650.0, 3111950.0 ] ] ] } },
{ "type": "Feature", "properties": { "ID": "Kindelbrück_160685005_c0", "GEN": "Kindelbrück", "ARS": "160685005", "LAN": "Thüringen", "area": 0.19, "centroid": "POINT (4397042.105263 3128378.070175)", "DH_demand": 214.11840186827655, "total_demand_cells": 1674.0870819091797, "total_demand_area": 5357.04638671875, "share_DH": 6.761401054792179, "heat_density_DH": 1.1269389572014554, "heat_density": 28.194980982730264, "DH_supplied_households": 60.0, "DH_cells": [ [ 4396650, 3128050 ], [ 4396650, 3128150 ], [ 4397150, 3128250 ], [ 4396950, 3128350 ], [ 4397350, 3128350 ], [ 4397450, 3128350 ], [ 4396850, 3128450 ], [ 4397250, 3128450 ], [ 4397350, 3128450 ], [ 4397150, 3128750 ] ] }, "geometry": { "type": "Polygon", "coordinates": [ [ [ 4397350.0, 3128350.0 ], [ 4397150.0, 3128250.0 ], [ 4396650.0, 3128050.0 ], [ 4396650.0, 3128150.0 ], [ 4396950.0, 3128350.0 ], [ 4396850.0, 3128450.0 ], [ 4397150.0, 3128750.0 ], [ 4397250.0, 3128450.0 ], [ 4397350.0, 3128450.0 ], [ 4397450.0, 3128350.0 ], [ 4397350.0, 3128350.0 ] ] ] } },
{ "type": "Feature", "properties": { "ID": "Kölleda_160685006_c0", "GEN": "Kölleda", "ARS": "160685006", "LAN": "Thüringen", "area": 0.235, "centroid": "POINT (4410760.638298 3116779.787234)", "DH_demand": 359.82070359699969, "total_demand_cells": 1315.2655258178711, "total_demand_area": 2202.5986328125, "share_DH": 27.634963407891906, "heat_density_DH": 1.5311519301999987, "heat_density": 9.3727601396276601, "DH_supplied_households": 61.0, "DH_cells": [ [ 4410750, 3116350 ], [ 4410850, 3116350 ], [ 4410650, 3116450 ], [ 4410750, 3116450 ], [ 4410850, 3116450 ], [ 4411050, 3116450 ], [ 4410550, 3116550 ], [ 4410650, 3116550 ], [ 4410850, 3116550 ], [ 4410950, 3116550 ], [ 4411050, 3116550 ], [ 4410850, 3116650 ], [ 4410950, 3117050 ], [ 4410650, 3117250 ] ] }, "geometry": { "type": "Polygon", "coordinates": [ [ [ 4410750.0, 3116450.0 ], [ 4410650.0, 3116450.0 ], [ 4410650.0, 3116550.0 ], [ 4410550.0, 3116550.0 ], [ 4410650.0, 3117250.0 ], [ 4410950.0, 3117050.0 ], [ 4410850.0, 3116650.0 ], [ 4410850.0, 3116550.0 ], [ 4410950.0, 3116550.0 ], [ 4411050.0, 3116550.0 ], [ 4411050.0, 3116450.0 ], [ 4410850.0, 3116450.0 ], [ 4410850.0, 3116350.0 ], [ 4410750.0, 3116350.0 ], [ 4410750.0, 3116450.0 ] ] ] } },
{ "type": "Feature", "properties": { "ID": "Straußfurt_160685009_c0", "GEN": "Straußfurt", "ARS": "160685009", "LAN": "Thüringen", "area": 0.175, "centroid": "POINT (4390737.619048 3111391.904762)", "DH_demand": 296.48130852005698, "total_demand_cells": 1728.7380981445312, "total_demand_area": 5487.33154296875, "share_DH": 9.1399585990501464, "heat_density_DH": 1.694178905828897, "heat_density": 31.356180245535715, "DH_supplied_households": 36.0, "DH_cells": [ [ 4390950, 3111150 ], [ 4390350, 3111250 ], [ 4390550, 3111250 ], [ 4390850, 3111250 ], [ 4390950, 3111350 ], [ 4391050, 3111350 ], [ 4390950, 3111450 ], [ 4391050, 3111450 ], [ 4390550, 3111550 ], [ 4390950, 3111550 ], [ 4391050, 3111550 ] ] }, "geometry": { "type": "Polygon", "coordinates": [ [ [ 4390850.0, 3111250.0 ], [ 4390550.0, 3111250.0 ], [ 4390350.0, 3111250.0 ], [ 4390550.0, 3111550.0 ], [ 4390950.0, 3111550.0 ], [ 4391050.0, 3111550.0 ], [ 4391050.0, 3111450.0 ], [ 4391050.0, 3111350.0 ], [ 4390950.0, 3111350.0 ], [ 4390950.0, 3111150.0 ], [ 4390850.0, 3111250.0 ] ] ] } },
{ "type": "Feature", "properties": { "ID": "Straußfurt_160685009_c2", "GEN": "Straußfurt", "ARS": "160685009", "LAN": "Thüringen", "area": 0.26, "centroid": "POINT (4389960.25641 3117466.666667)", "DH_demand": 552.54570353317047, "total_demand_cells": 2075.6313390731812, "total_demand_area": 4680.9638671875, "share_DH": 19.968297030899979, "heat_density_DH": 2.1251757828198863, "heat_density": 18.003707181490384, "DH_supplied_households": 162.0, "DH_cells": [ [ 4389350, 3117150 ], [ 4389950, 3117150 ], [ 4389150, 3117250 ], [ 4389250, 3117250 ], [ 4389850, 3117250 ], [ 4389850, 3117350 ], [ 4389950, 3117350 ], [ 4390350, 3117350 ], [ 4389850, 3117450 ], [ 4389950, 3117450 ], [ 4390250, 3117450 ], [ 4389950, 3117550 ], [ 4389850, 3117750 ], [ 4389950, 3117750 ], [ 4390350, 3117750 ], [ 4390150, 3117850 ] ] }, "geometry": { "type": "Polygon", "coordinates": [ [ [ 4389150.0, 3117250.0 ], [ 4389250.0, 3117250.0 ], [ 4389850.0, 3117250.0 ], [ 4389850.0, 3117350.0 ], [ 4389850.0, 3117450.0 ], [ 4389950.0, 3117450.0 ], [ 4389950.0, 3117550.0 ], [ 4389850.0, 3117750.0 ], [ 4389950.0, 3117750.0 ], [ 4390150.0, 3117850.0 ], [ 4390350.0, 3117750.0 ], [ 4390250.0, 3117450.0 ], [ 4390350.0, 3117350.0 ], [ 4389950.0, 3117350.0 ], [ 4389950.0, 3117150.0 ], [ 4389350.0, 3117150.0 ], [ 4389150.0, 3117250.0 ] ] ] } },
{ "type": "Feature", "properties": { "ID": "Gramme-Vippach_160685012_c0", "GEN": "Gramme-Vippach", "ARS": "160685012", "LAN": "Thüringen", "area": 0.04, "centroid": "POINT (4400416.666667 3104683.333333)", "DH_demand": 145.37109906543452, "total_demand_cells": 686.06634521484375, "total_demand_area": 1776.122802734375, "share_DH": 13.845645078057359, "heat_density_DH": 3.6342774766358632, "heat_density": 44.403070068359376, "DH_supplied_households": 13.0, "DH_cells": [ [ 4400550, 3104550 ], [ 4400250, 3104650 ], [ 4400450, 3104650 ], [ 4400450, 3104850 ] ] }, "geometry": { "type": "Polygon", "coordinates": [ [ [ 4400250.0, 3104650.0 ], [ 4400450.0, 3104850.0 ], [ 4400550.0, 3104550.0 ], [ 4400250.0, 3104650.0 ] ] ] } },
{ "type": "Feature", "properties": { "ID": "Gramme-Vippach_160685012_c2", "GEN": "Gramme-Vippach", "ARS": "160685012", "LAN": "Thüringen", "area": 0.11, "centroid": "POINT (4394213.636364 3109795.454545)", "DH_demand": 357.4028013598421, "total_demand_cells": 1275.9014482498169, "total_demand_area": 1390.9329833984375, "share_DH": 43.467019024123658, "heat_density_DH": 3.2491163759985646, "heat_density": 12.644845303622159, "DH_supplied_households": 80.0, "DH_cells": [ [ 4394150, 3109550 ], [ 4394250, 3109550 ], [ 4394050, 3109650 ], [ 4394150, 3109650 ], [ 4394250, 3109650 ], [ 4394350, 3109650 ], [ 4394050, 3109750 ], [ 4394150, 3109750 ], [ 4394250, 3109750 ], [ 4394350, 3109750 ], [ 4394350, 3109850 ], [ 4394050, 3109950 ], [ 4394150, 3109950 ], [ 4394250, 3109950 ], [ 4394350, 3109950 ], [ 4394450, 3109950 ], [ 4394350, 3110050 ] ] }, "geometry": { "type": "Polygon", "coordinates": [ [ [ 4394150.0, 3109650.0 ], [ 4394050.0, 3109650.0 ], [ 4394050.0, 3109750.0 ], [ 4394050.0, 3109950.0 ], [ 4394150.0, 3109950.0 ], [ 4394250.0, 3109950.0 ], [ 4394350.0, 3110050.0 ], [ 4394350.0, 3109950.0 ], [ 4394450.0, 3109950.0 ], [ 4394350.0, 3109850.0 ], [ 4394350.0, 3109750.0 ], [ 4394350.0, 3109650.0 ], [ 4394250.0, 3109650.0 ], [ 4394250.0, 3109550.0 ], [ 4394150.0, 3109550.0 ], [ 4394150.0, 3109650.0 ] ] ] } },
{ "type": "Feature", "properties": { "ID": "Gramme-Vippach_160685012_c4", "GEN": "Gramme-Vippach", "ARS": "160685012", "LAN": "Thüringen", "area": 0.155, "centroid": "POINT (4404823.11828 3113337.096774)", "DH_demand": 668.92270251745992, "total_demand_cells": 1735.2919807434082, "total_demand_area": 2699.747314453125, "share_DH": 41.914175603755446, "heat_density_DH": 4.3156303388223218, "heat_density": 17.417724609375, "DH_supplied_households": 161.0, "DH_cells": [ [ 4404950, 3113150 ], [ 4405050, 3113150 ], [ 4404350, 3113250 ], [ 4404950, 3113250 ], [ 4405050, 3113250 ], [ 4405150, 3113250 ], [ 4404350, 3113350 ], [ 4404450, 3113350 ], [ 4404950, 3113350 ], [ 4405150, 3113350 ], [ 4405250, 3113350 ], [ 4405350, 3113350 ], [ 4404950, 3113450 ], [ 4405250, 3113450 ], [ 4404950, 3113550 ] ] }, "geometry": { "type": "Polygon", "coordinates": [ [ [ 4404950.0, 3113250.0 ], [ 4404350.0, 3113250.0 ], [ 4404350.0, 3113350.0 ], [ 4404450.0, 3113350.0 ], [ 4404950.0, 3113550.0 ], [ 4404950.0, 3113450.0 ], [ 4404950.0, 3113350.0 ], [ 4405150.0, 3113350.0 ], [ 4405250.0, 3113450.0 ], [ 4405350.0, 3113350.0 ], [ 4405250.0, 3113350.0 ], [ 4405150.0, 3113250.0 ], [ 4405050.0, 3113250.0 ], [ 4405050.0, 3113150.0 ], [ 4404950.0, 3113150.0 ], [ 4404950.0, 3113250.0 ] ] ] } },
{ "type": "Feature", "properties": { "ID": "Gramme-Vippach_160685012_c5", "GEN": "Gramme-Vippach", "ARS": "160685012", "LAN": "Thüringen", "area": 0.165, "centroid": "POINT (4408011.616162 3114263.131313)", "DH_demand": 974.44929561721051, "total_demand_cells": 2692.5744018554688, "total_demand_area": 3282.6962890625, "share_DH": 50.215368322905185, "heat_density_DH": 5.9057533067709738, "heat_density": 19.895129024621216, "DH_supplied_households": 131.0, "DH_cells": [ [ 4408450, 3113950 ], [ 4407950, 3114150 ], [ 4408150, 3114150 ], [ 4408450, 3114150 ], [ 4407650, 3114250 ], [ 4407750, 3114250 ], [ 4407850, 3114250 ], [ 4407950, 3114250 ], [ 4408050, 3114250 ], [ 4408150, 3114250 ], [ 4408250, 3114250 ], [ 4408350, 3114250 ], [ 4407550, 3114350 ], [ 4407650, 3114350 ], [ 4407850, 3114350 ], [ 4407950, 3114350 ], [ 4408150, 3114350 ], [ 4408250, 3114350 ], [ 4407650, 3114450 ], [ 4407850, 3114450 ], [ 4408150, 3114450 ], [ 4407550, 3114550 ], [ 4407650, 3114550 ] ] }, "geometry": { "type": "Polygon", "coordinates": [ [ [ 4407650.0, 3114350.0 ], [ 4407550.0, 3114350.0 ], [ 4407550.0, 3114550.0 ], [ 4407650.0, 3114550.0 ], [ 4407650.0, 3114450.0 ], [ 4407850.0, 3114450.0 ], [ 4407850.0, 3114350.0 ], [ 4407950.0, 3114350.0 ], [ 4407950.0, 3114250.0 ], [ 4408050.0, 3114250.0 ], [ 4408150.0, 3114250.0 ], [ 4408150.0, 3114350.0 ], [ 4408150.0, 3114450.0 ], [ 4408250.0, 3114350.0 ], [ 4408250.0, 3114250.0 ], [ 4408350.0, 3114250.0 ], [ 4408450.0, 3114150.0 ], [ 4408450.0, 3113950.0 ], [ 4408150.0, 3114150.0 ], [ 4407950.0, 3114150.0 ], [ 4407850.0, 3114250.0 ], [ 4407750.0, 3114250.0 ], [ 4407650.0, 3114250.0 ], [ 4407650.0, 3114350.0 ] ] ] } },
{ "type": "Feature", "properties": { "ID": "Elxleben_160685050_c0", "GEN": "Elxleben", "ARS": "160685050", "LAN": "Thüringen", "area": 0.04, "centroid": "POINT (4383508.333333 3103191.666667)", "DH_demand": 148.84371451442601, "total_demand_cells": 731.637451171875, "total_demand_area": 2217.5390625, "share_DH": 11.354482142123173, "heat_density_DH": 3.7210928628606501, "heat_density": 55.4384765625, "DH_supplied_households": 15.0, "DH_cells": [ [ 4383250, 3103050 ], [ 4383350, 3103150 ], [ 4383550, 3103150 ], [ 4383650, 3103150 ], [ 4383650, 3103350 ] ] }, "geometry": { "type": "Polygon", "coordinates": [ [ [ 4383550.0, 3103150.0 ], [ 4383250.0, 3103050.0 ], [ 4383350.0, 3103150.0 ], [ 4383650.0, 3103350.0 ], [ 4383650.0, 3103150.0 ], [ 4383550.0, 3103150.0 ] ] ] } },
{ "type": "Feature", "properties": { "ID": "Eisfeld_160690012_c0", "GEN": "Eisfeld", "ARS": "160690012", "LAN": "Thüringen", "area": 0.49, "centroid": "POINT (4385600.680272 3035267.346939)", "DH_demand": 492.17665305292297, "total_demand_cells": 3878.6787109375, "total_demand_area": 17152.41015625, "share_DH": 4.8540468772960397, "heat_density_DH": 1.0044421490875979, "heat_density": 35.004918686224492, "DH_supplied_households": 68.0, "DH_cells": [ [ 4385650, 3034350 ], [ 4385850, 3034450 ], [ 4385650, 3034750 ], [ 4385350, 3034850 ], [ 4385350, 3035250 ], [ 4385450, 3035250 ], [ 4385350, 3035350 ], [ 4385750, 3035350 ], [ 4386050, 3035350 ], [ 4385150, 3035450 ], [ 4385550, 3035450 ], [ 4385350, 3035550 ], [ 4385350, 3035650 ], [ 4385950, 3035650 ], [ 4385650, 3035850 ], [ 4385650, 3035950 ] ] }, "geometry": { "type": "Polygon", "coordinates": [ [ [ 4385350.0, 3035250.0 ], [ 4385350.0, 3035350.0 ], [ 4385150.0, 3035450.0 ], [ 4385350.0, 3035550.0 ], [ 4385350.0, 3035650.0 ], [ 4385650.0, 3035950.0 ], [ 4385950.0, 3035650.0 ], [ 4386050.0, 3035350.0 ], [ 4385750.0, 3035350.0 ], [ 4385550.0, 3035450.0 ], [ 4385450.0, 3035250.0 ], [ 4385650.0, 3034750.0 ], [ 4385850.0, 3034450.0 ], [ 4385650.0, 3034350.0 ], [ 4385350.0, 3034850.0 ], [ 4385350.0, 3035250.0 ] ] ] } },
{ "type": "Feature", "properties": { "ID": "Hildburghausen_160690024_c1", "GEN": "Hildburghausen", "ARS": "160690024", "LAN": "Thüringen", "area": 0.055, "centroid": "POINT (4368522.727273 3034125.757576)", "DH_demand": 128.81977085514862, "total_demand_cells": 436.52115154266357, "total_demand_area": 862.121337890625, "share_DH": 25.276808536387978, "heat_density_DH": 2.3421776519117929, "heat_density": 15.674933416193182, "DH_supplied_households": 19.0, "DH_cells": [ [ 4368350, 3033950 ], [ 4368650, 3034150 ], [ 4368750, 3034150 ], [ 4368450, 3034250 ], [ 4368550, 3034250 ] ] }, "geometry": { "type": "Polygon", "coordinates": [ [ [ 4368350.0, 3033950.0 ], [ 4368450.0, 3034250.0 ], [ 4368550.0, 3034250.0 ], [ 4368750.0, 3034150.0 ], [ 4368350.0, 3033950.0 ] ] ] } },
{ "type": "Feature", "properties": { "ID": "Hildburghausen_160690024_c2", "GEN": "Hildburghausen", "ARS": "160690024", "LAN": "Thüringen", "area": 2.5, "centroid": "POINT (4372469.933333 3035339.866667)", "DH_demand": 5175.3553157928054, "total_demand_cells": 15247.571287155151, "total_demand_area": 58917.89453125, "share_DH": 14.859392822808745, "heat_density_DH": 2.0701421263171222, "heat_density": 23.5671578125, "DH_supplied_households": 1165.0, "DH_cells": [ [ 4372850, 3034150 ], [ 4372750, 3034250 ], [ 4372950, 3034450 ], [ 4371250, 3034750 ], [ 4371650, 3034750 ], [ 4372250, 3034750 ], [ 4372350, 3034750 ], [ 4371350, 3034850 ], [ 4373050, 3034850 ], [ 4373150, 3034850 ], [ 4371550, 3034950 ], [ 4373050, 3034950 ], [ 4371850, 3035050 ], [ 4372550, 3035050 ], [ 4372850, 3035050 ], [ 4372950, 3035050 ], [ 4373050, 3035050 ], [ 4373350, 3035050 ], [ 4372550, 3035150 ], [ 4372650, 3035150 ], [ 4372750, 3035150 ], [ 4372850, 3035150 ], [ 4372950, 3035150 ], [ 4373350, 3035150 ], [ 4373550, 3035150 ], [ 4372650, 3035250 ], [ 4372750, 3035250 ], [ 4372850, 3035250 ], [ 4372950, 3035250 ], [ 4373350, 3035250 ], [ 4373450, 3035250 ], [ 4372450, 3035350 ], [ 4372850, 3035350 ], [ 4372950, 3035350 ], [ 4371350, 3035450 ], [ 4372450, 3035450 ], [ 4372550, 3035450 ], [ 4373350, 3035450 ], [ 4372150, 3035550 ], [ 4372450, 3035550 ], [ 4372550, 3035550 ], [ 4371850, 3035650 ], [ 4371950, 3035650 ], [ 4372950, 3035650 ], [ 4373050, 3035650 ], [ 4373150, 3035650 ], [ 4371750, 3035750 ], [ 4372950, 3035750 ], [ 4373050, 3035750 ], [ 4373150, 3035750 ], [ 4373650, 3035750 ], [ 4371350, 3035850 ], [ 4372450, 3035850 ], [ 4372850, 3035850 ], [ 4373650, 3035850 ], [ 4371950, 3036050 ], [ 4373050, 3036150 ], [ 4372150, 3036250 ], [ 4372050, 3036350 ], [ 4372250, 3036350 ] ] }, "geometry": { "type": "Polygon", "coordinates": [ [ [ 4372750.0, 3034250.0 ], [ 4372350.0, 3034750.0 ], [ 4372250.0, 3034750.0 ], [ 4371850.0, 3035050.0 ], [ 4371650.0, 3034750.0 ], [ 4371250.0, 3034750.0 ], [ 4371350.0, 3034850.0 ], [ 4371550.0, 3034950.0 ], [ 4371350.0, 3035450.0 ], [ 4371350.0, 3035850.0 ], [ 4371750.0, 3035750.0 ], [ 4371850.0, 3035650.0 ], [ 4371950.0, 3035650.0 ], [ 4371950.0, 3036050.0 ], [ 4372050.0, 3036350.0 ], [ 4372150.0, 3036250.0 ], [ 4372250.0, 3036350.0 ], [ 4372450.0, 3035850.0 ], [ 4372850.0, 3035850.0 ], [ 4372950.0, 3035750.0 ], [ 4373050.0, 3035750.0 ], [ 4373050.0, 3036150.0 ], [ 4373650.0, 3035850.0 ], [ 4373650.0, 3035750.0 ], [ 4373350.0, 3035450.0 ], [ 4373350.0, 3035250.0 ], [ 4373450.0, 3035250.0 ], [ 4373550.0, 3035150.0 ], [ 4373350.0, 3035150.0 ], [ 4373350.0, 3035050.0 ], [ 4373150.0, 3034850.0 ], [ 4373050.0, 3034850.0 ], [ 4372950.0, 3034450.0 ], [ 4372850.0, 3034150.0 ], [ 4372750.0, 3034250.0 ] ] ] } },
{ "type": "Feature", "properties": { "ID": "Schleusingen_160690043_c0", "GEN": "Schleusingen", "ARS": "160690043", "LAN": "Thüringen", "area": 0.03, "centroid": "POINT (4379516.666667 3043733.333333)", "DH_demand": 153.23622276754139, "total_demand_cells": 826.25460052490234, "total_demand_area": 2193.19775390625, "share_DH": 11.819300009210467, "heat_density_DH": 5.1078740922513797, "heat_density": 73.106591796874994, "DH_supplied_households": 12.0, "DH_cells": [ [ 4379450, 3043550 ], [ 4379350, 3043650 ], [ 4379550, 3043750 ], [ 4379850, 3044050 ] ] }, "geometry": { "type": "Polygon", "coordinates": [ [ [ 4379350.0, 3043650.0 ], [ 4379850.0, 3044050.0 ], [ 4379550.0, 3043750.0 ], [ 4379450.0, 3043550.0 ], [ 4379350.0, 3043650.0 ] ] ] } },
{ "type": "Feature", "properties": { "ID": "Schleusingen_160690043_c1", "GEN": "Schleusingen", "ARS": "160690043", "LAN": "Thüringen", "area": 0.395, "centroid": "POINT (4374403.586498 3044414.556962)", "DH_demand": 520.13217278441414, "total_demand_cells": 3676.5777130126953, "total_demand_area": 15949.125, "share_DH": 5.5167711264983454, "heat_density_DH": 1.3167903108466184, "heat_density": 40.377531645569626, "DH_supplied_households": 62.0, "DH_cells": [ [ 4374350, 3043950 ], [ 4374750, 3044150 ], [ 4374450, 3044250 ], [ 4373750, 3044350 ], [ 4374050, 3044350 ], [ 4374050, 3044450 ], [ 4374350, 3044450 ], [ 4374650, 3044450 ], [ 4374050, 3044550 ], [ 4374550, 3044550 ], [ 4374750, 3044550 ], [ 4373950, 3044650 ], [ 4374450, 3044750 ], [ 4374950, 3044950 ] ] }, "geometry": { "type": "Polygon", "coordinates": [ [ [ 4373750.0, 3044350.0 ], [ 4374050.0, 3044350.0 ], [ 4374050.0, 3044450.0 ], [ 4374050.0, 3044550.0 ], [ 4373950.0, 3044650.0 ], [ 4374350.0, 3044450.0 ], [ 4374550.0, 3044550.0 ], [ 4374450.0, 3044750.0 ], [ 4374950.0, 3044950.0 ], [ 4374750.0, 3044550.0 ], [ 4374650.0, 3044450.0 ], [ 4374750.0, 3044150.0 ], [ 4374450.0, 3044250.0 ], [ 4374350.0, 3043950.0 ], [ 4373750.0, 3044350.0 ] ] ] } },
{ "type": "Feature", "properties": { "ID": "Schleusingen_160690043_c2", "GEN": "Schleusingen", "ARS": "160690043", "LAN": "Thüringen", "area": 0.03, "centroid": "POINT (4377750 3045516.666667)", "DH_demand": 118.42170919987032, "total_demand_cells": 496.22544097900391, "total_demand_area": 2191.372314453125, "share_DH": 9.1416221200713466, "heat_density_DH": 3.9473903066623439, "heat_density": 73.04574381510416, "DH_supplied_households": 9.0, "DH_cells": [ [ 4377450, 3045250 ], [ 4377750, 3045450 ], [ 4378050, 3045850 ] ] }, "geometry": { "type": "Polygon", "coordinates": [ [ [ 4377450.0, 3045250.0 ], [ 4378050.0, 3045850.0 ], [ 4377750.0, 3045450.0 ], [ 4377450.0, 3045250.0 ] ] ] } },
{ "type": "Feature", "properties": { "ID": "Feldstein_160695002_c0", "GEN": "Feldstein", "ARS": "160695002", "LAN": "Thüringen", "area": 0.635, "centroid": "POINT (4364794.619423 3044043.700787)", "DH_demand": 301.52611107491742, "total_demand_cells": 1409.7151870727539, "total_demand_area": 13361.0107421875, "share_DH": 3.8176290259564727, "heat_density_DH": 0.47484426940931879, "heat_density": 21.040961798720474, "DH_supplied_households": 42.0, "DH_cells": [ [ 4364650, 3043550 ], [ 4365450, 3043750 ], [ 4365150, 3043850 ], [ 4365450, 3043850 ], [ 4365650, 3043850 ], [ 4364350, 3043950 ], [ 4365250, 3043950 ], [ 4365250, 3044050 ], [ 4364150, 3044150 ], [ 4364950, 3044550 ] ] }, "geometry": { "type": "Polygon", "coordinates": [ [ [ 4364350.0, 3043950.0 ], [ 4364150.0, 3044150.0 ], [ 4364950.0, 3044550.0 ], [ 4365250.0, 3044050.0 ], [ 4365250.0, 3043950.0 ], [ 4365450.0, 3043850.0 ], [ 4365650.0, 3043850.0 ], [ 4365450.0, 3043750.0 ], [ 4365150.0, 3043850.0 ], [ 4364650.0, 3043550.0 ], [ 4364350.0, 3043950.0 ] ] ] } },
{ "type": "Feature", "properties": { "ID": "Heldburger Unterland_160695004_c0", "GEN": "Heldburger Unterland", "ARS": "160695004", "LAN": "Thüringen", "area": 0.1, "centroid": "POINT (4369616.666667 3027316.666667)", "DH_demand": 184.70366007464699, "total_demand_cells": 741.32664489746094, "total_demand_area": 2648.66650390625, "share_DH": 11.796585856738103, "heat_density_DH": 1.8470366007464702, "heat_density": 26.486665039062505, "DH_supplied_households": 12.0, "DH_cells": [ [ 4369350, 3026950 ], [ 4369750, 3027250 ], [ 4369750, 3027550 ], [ 4369750, 3027750 ] ] }, "geometry": { "type": "Polygon", "coordinates": [ [ [ 4369350.0, 3026950.0 ], [ 4369750.0, 3027750.0 ], [ 4369750.0, 3027550.0 ], [ 4369750.0, 3027250.0 ], [ 4369350.0, 3026950.0 ] ] ] } },
{ "type": "Feature", "properties": { "ID": "Arnstadt_160700004_c0", "GEN": "Arnstadt", "ARS": "160700004", "LAN": "Thüringen", "area": 0.08, "centroid": "POINT (4392464.583333 3078375)", "DH_demand": 121.06541358029206, "total_demand_cells": 926.49513244628906, "total_demand_area": 2154.4794921875, "share_DH": 9.5057379172256038, "heat_density_DH": 1.5133176697536508, "heat_density": 26.930993652343751, "DH_supplied_households": 21.0, "DH_cells": [ [ 4392250, 3077950 ], [ 4392350, 3078050 ], [ 4392550, 3078350 ], [ 4392450, 3078450 ], [ 4392350, 3078550 ], [ 4392550, 3078550 ], [ 4392650, 3078650 ] ] }, "geometry": { "type": "Polygon", "coordinates": [ [ [ 4392250.0, 3077950.0 ], [ 4392450.0, 3078450.0 ], [ 4392350.0, 3078550.0 ], [ 4392650.0, 3078650.0 ], [ 4392550.0, 3078350.0 ], [ 4392350.0, 3078050.0 ], [ 4392250.0, 3077950.0 ] ] ] } },
{ "type": "Feature", "properties": { "ID": "Arnstadt_160700004_c2", "GEN": "Arnstadt", "ARS": "160700004", "LAN": "Thüringen", "area": 2.13, "centroid": "POINT (4388026.838811 3080552.660407)", "DH_demand": 16155.049849085606, "total_demand_cells": 56800.835559844971, "total_demand_area": 122666.9140625, "share_DH": 22.278655262845941, "heat_density_DH": 7.5845304455800964, "heat_density": 57.590100498826288, "DH_supplied_households": 3305.0, "DH_cells": [ [ 4389650, 3079350 ], [ 4388450, 3079450 ], [ 4388750, 3079450 ], [ 4389550, 3079450 ], [ 4388650, 3079550 ], [ 4388750, 3079550 ], [ 4388850, 3079550 ], [ 4388550, 3079650 ], [ 4388150, 3079750 ], [ 4388250, 3079750 ], [ 4389450, 3079750 ], [ 4388150, 3079850 ], [ 4388250, 3079850 ], [ 4388350, 3079850 ], [ 4388450, 3079850 ], [ 4388150, 3079950 ], [ 4388250, 3079950 ], [ 4389050, 3079950 ], [ 4388250, 3080050 ], [ 4388550, 3080050 ], [ 4388650, 3080050 ], [ 4388750, 3080050 ], [ 4387950, 3080150 ], [ 4388650, 3080150 ], [ 4388750, 3080150 ], [ 4388850, 3080150 ], [ 4388450, 3080250 ], [ 4388650, 3080250 ], [ 4388750, 3080250 ], [ 4387850, 3080350 ], [ 4387950, 3080350 ], [ 4388050, 3080350 ], [ 4388150, 3080350 ], [ 4388450, 3080350 ], [ 4388750, 3080350 ], [ 4387950, 3080450 ], [ 4388450, 3080450 ], [ 4388650, 3080450 ], [ 4388750, 3080450 ], [ 4387650, 3080550 ], [ 4387750, 3080550 ], [ 4387850, 3080550 ], [ 4387950, 3080550 ], [ 4388450, 3080550 ], [ 4388550, 3080550 ], [ 4388650, 3080550 ], [ 4388750, 3080550 ], [ 4388850, 3080550 ], [ 4386550, 3080650 ], [ 4386950, 3080650 ], [ 4387050, 3080650 ], [ 4387150, 3080650 ], [ 4387250, 3080650 ], [ 4387350, 3080650 ], [ 4387750, 3080650 ], [ 4387850, 3080650 ], [ 4388350, 3080650 ], [ 4388450, 3080650 ], [ 4388550, 3080650 ], [ 4388650, 3080650 ], [ 4388750, 3080650 ], [ 4388850, 3080650 ], [ 4386450, 3080750 ], [ 4386550, 3080750 ], [ 4386650, 3080750 ], [ 4386850, 3080750 ], [ 4386950, 3080750 ], [ 4387250, 3080750 ], [ 4387350, 3080750 ], [ 4387550, 3080750 ], [ 4387650, 3080750 ], [ 4387750, 3080750 ], [ 4387950, 3080750 ], [ 4388450, 3080750 ], [ 4388550, 3080750 ], [ 4388650, 3080750 ], [ 4388750, 3080750 ], [ 4388850, 3080750 ], [ 4388950, 3080750 ], [ 4386650, 3080850 ], [ 4386750, 3080850 ], [ 4386850, 3080850 ], [ 4386950, 3080850 ], [ 4387050, 3080850 ], [ 4387250, 3080850 ], [ 4387550, 3080850 ], [ 4387650, 3080850 ], [ 4387750, 3080850 ], [ 4388450, 3080850 ], [ 4388750, 3080850 ], [ 4388850, 3080850 ], [ 4386550, 3080950 ], [ 4386650, 3080950 ], [ 4386750, 3080950 ], [ 4386850, 3080950 ], [ 4386950, 3080950 ], [ 4387050, 3080950 ], [ 4387450, 3080950 ], [ 4387550, 3080950 ], [ 4387650, 3080950 ], [ 4387750, 3080950 ], [ 4387850, 3080950 ], [ 4388450, 3080950 ], [ 4388550, 3080950 ], [ 4386750, 3081050 ], [ 4386850, 3081050 ], [ 4387850, 3081050 ], [ 4387050, 3081150 ], [ 4386650, 3081250 ], [ 4386950, 3081250 ], [ 4386550, 3081350 ], [ 4387650, 3081350 ], [ 4387850, 3081450 ], [ 4387550, 3081550 ], [ 4387650, 3081550 ], [ 4387150, 3081650 ], [ 4387450, 3081750 ], [ 4387850, 3081750 ] ] }, "geometry": { "type": "Polygon", "coordinates": [ [ [ 4386550.0, 3080750.0 ], [ 4386450.0, 3080750.0 ], [ 4386650.0, 3080850.0 ], [ 4386550.0, 3080950.0 ], [ 4386650.0, 3080950.0 ], [ 4386750.0, 3080950.0 ], [ 4386750.0, 3081050.0 ], [ 4386650.0, 3081250.0 ], [ 4386550.0, 3081350.0 ], [ 4386950.0, 3081250.0 ], [ 4387150.0, 3081650.0 ], [ 4387450.0, 3081750.0 ], [ 4387550.0, 3081550.0 ], [ 4387650.0, 3081550.0 ], [ 4387850.0, 3081750.0 ], [ 4387850.0, 3081450.0 ], [ 4387650.0, 3081350.0 ], [ 4387850.0, 3081050.0 ], [ 4387850.0, 3080950.0 ], [ 4387750.0, 3080950.0 ], [ 4387750.0, 3080850.0 ], [ 4387750.0, 3080750.0 ], [ 4387750.0, 3080650.0 ], [ 4387850.0, 3080650.0 ], [ 4387950.0, 3080750.0 ], [ 4388350.0, 3080650.0 ], [ 4388450.0, 3080650.0 ], [ 4388450.0, 3080750.0 ], [ 4388450.0, 3080850.0 ], [ 4388450.0, 3080950.0 ], [ 4388550.0, 3080950.0 ], [ 4388550.0, 3080750.0 ], [ 4388650.0, 3080750.0 ], [ 4388750.0, 3080750.0 ], [ 4388750.0, 3080850.0 ], [ 4388850.0, 3080850.0 ], [ 4388850.0, 3080750.0 ], [ 4388950.0, 3080750.0 ], [ 4388850.0, 3080650.0 ], [ 4388850.0, 3080550.0 ], [ 4388750.0, 3080550.0 ], [ 4388750.0, 3080450.0 ], [ 4388750.0, 3080350.0 ], [ 4388750.0, 3080250.0 ], [ 4388750.0, 3080150.0 ], [ 4388850.0, 3080150.0 ], [ 4389050.0, 3079950.0 ], [ 4389450.0, 3079750.0 ], [ 4389550.0, 3079450.0 ], [ 4389650.0, 3079350.0 ], [ 4388850.0, 3079550.0 ], [ 4388750.0, 3079450.0 ], [ 4388650.0, 3079550.0 ], [ 4388550.0, 3079650.0 ], [ 4388450.0, 3079450.0 ], [ 4388450.0, 3079850.0 ], [ 4388350.0, 3079850.0 ], [ 4388250.0, 3079850.0 ], [ 4388250.0, 3079750.0 ], [ 4388150.0, 3079750.0 ], [ 4388150.0, 3079850.0 ], [ 4388150.0, 3079950.0 ], [ 4387950.0, 3080150.0 ], [ 4387950.0, 3080350.0 ], [ 4387850.0, 3080350.0 ], [ 4387850.0, 3080550.0 ], [ 4387750.0, 3080550.0 ], [ 4387650.0, 3080550.0 ], [ 4387650.0, 3080750.0 ], [ 4387550.0, 3080750.0 ], [ 4387350.0, 3080750.0 ], [ 4387350.0, 3080650.0 ], [ 4387250.0, 3080650.0 ], [ 4387150.0, 3080650.0 ], [ 4387050.0, 3080650.0 ], [ 4386950.0, 3080650.0 ], [ 4386950.0, 3080750.0 ], [ 4386850.0, 3080750.0 ], [ 4386850.0, 3080850.0 ], [ 4386750.0, 3080850.0 ], [ 4386650.0, 3080750.0 ], [ 4386550.0, 3080650.0 ], [ 4386550.0, 3080750.0 ] ] ] } },
{ "type": "Feature", "properties": { "ID": "Arnstadt_160700004_c3", "GEN": "Arnstadt", "ARS": "160700004", "LAN": "Thüringen", "area": 0.195, "centroid": "POINT (4389128.632479 3083664.529915)", "DH_demand": 203.89349594932492, "total_demand_cells": 718.14542388916016, "total_demand_area": 2081.35546875, "share_DH": 16.571629866122951, "heat_density_DH": 1.0456076715349998, "heat_density": 10.67361778846154, "DH_supplied_households": 35.0, "DH_cells": [ [ 4388650, 3083450 ], [ 4389050, 3083450 ], [ 4389250, 3083450 ], [ 4389350, 3083650 ], [ 4389350, 3083850 ], [ 4389550, 3084150 ] ] }, "geometry": { "type": "Polygon", "coordinates": [ [ [ 4389050.0, 3083450.0 ], [ 4388650.0, 3083450.0 ], [ 4389550.0, 3084150.0 ], [ 4389350.0, 3083850.0 ], [ 4389350.0, 3083650.0 ], [ 4389250.0, 3083450.0 ], [ 4389050.0, 3083450.0 ] ] ] } },
{ "type": "Feature", "properties": { "ID": "Ilmenau_160700029_c0", "GEN": "Ilmenau", "ARS": "160700029", "LAN": "Thüringen", "area": 0.02, "centroid": "POINT (4381750 3052300)", "DH_demand": 515.72320116087008, "total_demand_cells": 1612.667236328125, "total_demand_area": 2277.974609375, "share_DH": 38.297982942781161, "heat_density_DH": 25.786160058043503, "heat_density": 113.89873046875, "DH_supplied_households": 63.0, "DH_cells": [ [ 4381650, 3052150 ], [ 4381650, 3052250 ], [ 4381750, 3052250 ], [ 4381850, 3052350 ], [ 4381850, 3052450 ] ] }, "geometry": { "type": "Polygon", "coordinates": [ [ [ 4381750.0, 3052250.0 ], [ 4381650.0, 3052150.0 ], [ 4381650.0, 3052250.0 ], [ 4381850.0, 3052450.0 ], [ 4381850.0, 3052350.0 ], [ 4381750.0, 3052250.0 ] ] ] } },
{ "type": "Feature", "properties": { "ID": "Ilmenau_160700029_c2", "GEN": "Ilmenau", "ARS": "160700029", "LAN": "Thüringen", "area": 0.055, "centroid": "POINT (4381862.121212 3058565.151515)", "DH_demand": 206.75579896854859, "total_demand_cells": 1202.055793762207, "total_demand_area": 2151.64208984375, "share_DH": 16.255329557309874, "heat_density_DH": 3.7591963448827017, "heat_density": 39.120765269886363, "DH_supplied_households": 21.0, "DH_cells": [ [ 4381950, 3058250 ], [ 4381950, 3058450 ], [ 4382050, 3058450 ], [ 4381950, 3058550 ], [ 4381850, 3058650 ], [ 4381650, 3058950 ], [ 4381550, 3059150 ] ] }, "geometry": { "type": "Polygon", "coordinates": [ [ [ 4381650.0, 3058950.0 ], [ 4381550.0, 3059150.0 ], [ 4381850.0, 3058650.0 ], [ 4381950.0, 3058550.0 ], [ 4381950.0, 3058450.0 ], [ 4382050.0, 3058450.0 ], [ 4381950.0, 3058250.0 ], [ 4381650.0, 3058950.0 ] ] ] } },
{ "type": "Feature", "properties": { "ID": "Ilmenau_160700029_c3", "GEN": "Ilmenau", "ARS": "160700029", "LAN": "Thüringen", "area": 0.255, "centroid": "POINT (4389072.222222 3062889.215686)", "DH_demand": 187.80324748382668, "total_demand_cells": 1160.0003566741943, "total_demand_area": 4419.77099609375, "share_DH": 7.188055818026533, "heat_density_DH": 0.73648332346598699, "heat_density": 17.332435278799018, "DH_supplied_households": 29.0, "DH_cells": [ [ 4388950, 3062450 ], [ 4389050, 3062550 ], [ 4389250, 3062550 ], [ 4389150, 3062650 ], [ 4389250, 3062750 ], [ 4389350, 3062750 ], [ 4388850, 3063250 ], [ 4389150, 3063250 ] ] }, "geometry": { "type": "Polygon", "coordinates": [ [ [ 4388850.0, 3063250.0 ], [ 4389150.0, 3063250.0 ], [ 4389350.0, 3062750.0 ], [ 4389250.0, 3062750.0 ], [ 4389250.0, 3062550.0 ], [ 4389050.0, 3062550.0 ], [ 4388950.0, 3062450.0 ], [ 4388850.0, 3063250.0 ] ] ] } },
{ "type": "Feature", "properties": { "ID": "Ilmenau_160700029_c4", "GEN": "Ilmenau", "ARS": "160700029", "LAN": "Thüringen", "area": 4.695, "centroid": "POINT (4386281.558395 3064393.698971)", "DH_demand": 36178.341920815255, "total_demand_cells": 92327.314157009125, "total_demand_area": 158034.609375, "share_DH": 38.726171318943948, "heat_density_DH": 7.7057171290341344, "heat_density": 33.660193690095852, "DH_supplied_households": 8110.0, "DH_cells": [ [ 4386550, 3062750 ], [ 4386350, 3062850 ], [ 4386650, 3062850 ], [ 4386750, 3062850 ], [ 4386850, 3062850 ], [ 4386950, 3062850 ], [ 4386250, 3062950 ], [ 4386350, 3062950 ], [ 4386450, 3062950 ], [ 4386550, 3062950 ], [ 4386650, 3062950 ], [ 4386950, 3062950 ], [ 4387050, 3062950 ], [ 4385550, 3063050 ], [ 4386250, 3063050 ], [ 4386350, 3063050 ], [ 4386450, 3063050 ], [ 4386550, 3063050 ], [ 4386750, 3063050 ], [ 4385550, 3063150 ], [ 4386150, 3063150 ], [ 4386250, 3063150 ], [ 4386350, 3063150 ], [ 4386450, 3063150 ], [ 4386550, 3063150 ], [ 4386650, 3063150 ], [ 4385250, 3063250 ], [ 4385550, 3063250 ], [ 4385950, 3063250 ], [ 4386050, 3063250 ], [ 4386150, 3063250 ], [ 4386250, 3063250 ], [ 4386350, 3063250 ], [ 4386450, 3063250 ], [ 4386550, 3063250 ], [ 4386750, 3063250 ], [ 4385050, 3063350 ], [ 4385550, 3063350 ], [ 4385750, 3063350 ], [ 4386050, 3063350 ], [ 4386350, 3063350 ], [ 4386450, 3063350 ], [ 4386550, 3063350 ], [ 4386650, 3063350 ], [ 4386750, 3063350 ], [ 4385450, 3063450 ], [ 4385550, 3063450 ], [ 4385650, 3063450 ], [ 4385950, 3063450 ], [ 4386050, 3063450 ], [ 4386150, 3063450 ], [ 4386250, 3063450 ], [ 4386350, 3063450 ], [ 4386450, 3063450 ], [ 4386550, 3063450 ], [ 4386650, 3063450 ], [ 4386750, 3063450 ], [ 4387250, 3063450 ], [ 4387450, 3063450 ], [ 4385550, 3063550 ], [ 4385650, 3063550 ], [ 4385750, 3063550 ], [ 4386150, 3063550 ], [ 4386250, 3063550 ], [ 4386350, 3063550 ], [ 4386450, 3063550 ], [ 4386550, 3063550 ], [ 4386650, 3063550 ], [ 4386750, 3063550 ], [ 4386850, 3063550 ], [ 4386950, 3063550 ], [ 4387050, 3063550 ], [ 4387150, 3063550 ], [ 4387250, 3063550 ], [ 4385250, 3063650 ], [ 4385350, 3063650 ], [ 4385450, 3063650 ], [ 4385550, 3063650 ], [ 4385650, 3063650 ], [ 4385850, 3063650 ], [ 4385950, 3063650 ], [ 4386050, 3063650 ], [ 4386150, 3063650 ], [ 4386950, 3063650 ], [ 4387050, 3063650 ], [ 4387150, 3063650 ], [ 4385850, 3063750 ], [ 4386050, 3063750 ], [ 4386450, 3063750 ], [ 4386850, 3063750 ], [ 4386950, 3063750 ], [ 4385350, 3063850 ], [ 4385550, 3063850 ], [ 4385650, 3063850 ], [ 4385750, 3063850 ], [ 4385850, 3063850 ], [ 4385950, 3063850 ], [ 4386250, 3063850 ], [ 4386350, 3063850 ], [ 4386450, 3063850 ], [ 4386550, 3063850 ], [ 4386650, 3063850 ], [ 4386750, 3063850 ], [ 4386850, 3063850 ], [ 4385450, 3063950 ], [ 4385550, 3063950 ], [ 4385650, 3063950 ], [ 4385750, 3063950 ], [ 4385850, 3063950 ], [ 4386550, 3063950 ], [ 4386650, 3063950 ], [ 4386950, 3063950 ], [ 4385350, 3064050 ], [ 4385650, 3064050 ], [ 4385750, 3064050 ], [ 4385850, 3064050 ], [ 4385950, 3064050 ], [ 4386050, 3064050 ], [ 4387050, 3064050 ], [ 4387550, 3064050 ], [ 4385450, 3064150 ], [ 4385550, 3064150 ], [ 4385650, 3064150 ], [ 4385750, 3064150 ], [ 4385850, 3064150 ], [ 4385950, 3064150 ], [ 4387550, 3064150 ], [ 4387650, 3064150 ], [ 4385550, 3064250 ], [ 4385650, 3064250 ], [ 4385750, 3064250 ], [ 4385850, 3064250 ], [ 4385950, 3064250 ], [ 4386050, 3064250 ], [ 4385250, 3064350 ], [ 4385350, 3064350 ], [ 4385450, 3064350 ], [ 4385550, 3064350 ], [ 4385650, 3064350 ], [ 4385750, 3064350 ], [ 4385950, 3064350 ], [ 4386050, 3064350 ], [ 4386150, 3064350 ], [ 4386250, 3064350 ], [ 4386350, 3064350 ], [ 4385550, 3064450 ], [ 4385750, 3064450 ], [ 4385850, 3064450 ], [ 4385950, 3064450 ], [ 4386050, 3064450 ], [ 4386150, 3064450 ], [ 4386250, 3064450 ], [ 4386350, 3064450 ], [ 4386450, 3064450 ], [ 4384750, 3064550 ], [ 4385650, 3064550 ], [ 4385750, 3064550 ], [ 4385850, 3064550 ], [ 4385950, 3064550 ], [ 4386250, 3064550 ], [ 4386350, 3064550 ], [ 4386450, 3064550 ], [ 4385650, 3064650 ], [ 4385750, 3064650 ], [ 4386050, 3064650 ], [ 4386550, 3064650 ], [ 4387050, 3064650 ], [ 4385150, 3064750 ], [ 4385650, 3064750 ], [ 4385750, 3064750 ], [ 4386050, 3064750 ], [ 4387050, 3064750 ], [ 4385350, 3064850 ], [ 4385450, 3064850 ], [ 4385550, 3064850 ], [ 4386950, 3064850 ], [ 4386450, 3065250 ], [ 4386550, 3065250 ], [ 4386650, 3065250 ], [ 4385750, 3065350 ], [ 4385850, 3065350 ], [ 4386250, 3065350 ], [ 4386450, 3065350 ], [ 4386550, 3065350 ], [ 4386650, 3065350 ], [ 4386750, 3065350 ], [ 4385850, 3065450 ], [ 4385950, 3065450 ], [ 4386050, 3065450 ], [ 4386150, 3065450 ], [ 4386250, 3065450 ], [ 4386350, 3065450 ], [ 4386450, 3065450 ], [ 4386550, 3065450 ], [ 4386650, 3065450 ], [ 4385750, 3065550 ], [ 4385850, 3065550 ], [ 4385950, 3065550 ], [ 4386050, 3065550 ], [ 4386150, 3065550 ], [ 4386250, 3065550 ], [ 4386350, 3065550 ], [ 4386450, 3065550 ], [ 4386850, 3065550 ], [ 4386950, 3065550 ], [ 4385750, 3065650 ], [ 4385850, 3065650 ], [ 4386050, 3065650 ], [ 4386150, 3065650 ], [ 4386250, 3065650 ], [ 4386850, 3065650 ], [ 4385250, 3065750 ], [ 4385350, 3065850 ], [ 4385550, 3066050 ], [ 4386750, 3066050 ], [ 4386550, 3066250 ], [ 4386350, 3066350 ] ] }, "geometry": { "type": "Polygon", "coordinates": [ [ [ 4385350.0, 3063650.0 ], [ 4385350.0, 3063850.0 ], [ 4385450.0, 3063950.0 ], [ 4385350.0, 3064050.0 ], [ 4385450.0, 3064150.0 ], [ 4385550.0, 3064150.0 ], [ 4385550.0, 3064250.0 ], [ 4385550.0, 3064350.0 ], [ 4385450.0, 3064350.0 ], [ 4385350.0, 3064350.0 ], [ 4385250.0, 3064350.0 ], [ 4384750.0, 3064550.0 ], [ 4385150.0, 3064750.0 ], [ 4385350.0, 3064850.0 ], [ 4385450.0, 3064850.0 ], [ 4385550.0, 3064850.0 ], [ 4385750.0, 3065350.0 ], [ 4385850.0, 3065350.0 ], [ 4385850.0, 3065450.0 ], [ 4385750.0, 3065550.0 ], [ 4385250.0, 3065750.0 ], [ 4385350.0, 3065850.0 ], [ 4385550.0, 3066050.0 ], [ 4385750.0, 3065650.0 ], [ 4385850.0, 3065650.0 ], [ 4385850.0, 3065550.0 ], [ 4385950.0, 3065550.0 ], [ 4386050.0, 3065550.0 ], [ 4386050.0, 3065650.0 ], [ 4386150.0, 3065650.0 ], [ 4386250.0, 3065650.0 ], [ 4386350.0, 3066350.0 ], [ 4386550.0, 3066250.0 ], [ 4386750.0, 3066050.0 ], [ 4386850.0, 3065650.0 ], [ 4386950.0, 3065550.0 ], [ 4386750.0, 3065350.0 ], [ 4386650.0, 3065350.0 ], [ 4386650.0, 3065250.0 ], [ 4386950.0, 3064850.0 ], [ 4387050.0, 3064750.0 ], [ 4387050.0, 3064650.0 ], [ 4387650.0, 3064150.0 ], [ 4387550.0, 3064150.0 ], [ 4387550.0, 3064050.0 ], [ 4387450.0, 3063450.0 ], [ 4387250.0, 3063450.0 ], [ 4387250.0, 3063550.0 ], [ 4387150.0, 3063550.0 ], [ 4387050.0, 3063550.0 ], [ 4386950.0, 3063550.0 ], [ 4386850.0, 3063550.0 ], [ 4386750.0, 3063550.0 ], [ 4386750.0, 3063450.0 ], [ 4386750.0, 3063350.0 ], [ 4386750.0, 3063250.0 ], [ 4386650.0, 3063150.0 ], [ 4386750.0, 3063050.0 ], [ 4387050.0, 3062950.0 ], [ 4386950.0, 3062950.0 ], [ 4386950.0, 3062850.0 ], [ 4386850.0, 3062850.0 ], [ 4386750.0, 3062850.0 ], [ 4386650.0, 3062850.0 ], [ 4386550.0, 3062750.0 ], [ 4386550.0, 3062950.0 ], [ 4386450.0, 3062950.0 ], [ 4386350.0, 3062850.0 ], [ 4386250.0, 3062950.0 ], [ 4386250.0, 3063050.0 ], [ 4386250.0, 3063150.0 ], [ 4386150.0, 3063150.0 ], [ 4386150.0, 3063250.0 ], [ 4386050.0, 3063250.0 ], [ 4385950.0, 3063250.0 ], [ 4385750.0, 3063350.0 ], [ 4385650.0, 3063450.0 ], [ 4385550.0, 3063450.0 ], [ 4385550.0, 3063350.0 ], [ 4385550.0, 3063250.0 ], [ 4385250.0, 3063250.0 ], [ 4385050.0, 3063350.0 ], [ 4385250.0, 3063650.0 ], [ 4385350.0, 3063650.0 ] ] ] } },
{ "type": "Feature", "properties": { "ID": "Ilmenau_160700029_c5", "GEN": "Ilmenau", "ARS": "160700029", "LAN": "Thüringen", "area": 0.07, "centroid": "POINT (4381769.047619 3063507.142857)", "DH_demand": 225.03110537571806, "total_demand_cells": 930.41915130615234, "total_demand_area": 3321.29052734375, "share_DH": 11.461561719322857, "heat_density_DH": 3.214730076795973, "heat_density": 47.44700753348215, "DH_supplied_households": 23.0, "DH_cells": [ [ 4381650, 3063350 ], [ 4381550, 3063450 ], [ 4382050, 3063550 ], [ 4381750, 3063650 ] ] }, "geometry": { "type": "Polygon", "coordinates": [ [ [ 4381550.0, 3063450.0 ], [ 4381750.0, 3063650.0 ], [ 4382050.0, 3063550.0 ], [ 4381650.0, 3063350.0 ], [ 4381550.0, 3063450.0 ] ] ] } },
{ "type": "Feature", "properties": { "ID": "Ilmenau_160700029_c6", "GEN": "Ilmenau", "ARS": "160700029", "LAN": "Thüringen", "area": 0.03, "centroid": "POINT (4388144.444444 3064844.444444)", "DH_demand": 506.56768596145486, "total_demand_cells": 856.93048572540283, "total_demand_area": 1123.3128662109375, "share_DH": 76.286002902817913, "heat_density_DH": 16.885589532048495, "heat_density": 37.443762207031249, "DH_supplied_households": 302.0, "DH_cells": [ [ 4388250, 3064750 ], [ 4388350, 3064750 ], [ 4388150, 3064850 ], [ 4388250, 3064850 ], [ 4388350, 3064850 ], [ 4387650, 3065050 ] ] }, "geometry": { "type": "Polygon", "coordinates": [ [ [ 4387650.0, 3065050.0 ], [ 4388150.0, 3064850.0 ], [ 4388250.0, 3064850.0 ], [ 4388350.0, 3064850.0 ], [ 4388350.0, 3064750.0 ], [ 4388250.0, 3064750.0 ], [ 4387650.0, 3065050.0 ] ] ] } },
{ "type": "Feature", "properties": { "ID": "Ilmenau_160700029_c7", "GEN": "Ilmenau", "ARS": "160700029", "LAN": "Thüringen", "area": 0.28, "centroid": "POINT (4392948.809524 3065871.428571)", "DH_demand": 269.22009098501707, "total_demand_cells": 1300.8285903930664, "total_demand_area": 7708.896484375, "share_DH": 5.9077670662467119, "heat_density_DH": 0.96150032494648974, "heat_density": 27.531773158482149, "DH_supplied_households": 28.0, "DH_cells": [ [ 4392950, 3065450 ], [ 4392950, 3065550 ], [ 4392750, 3065750 ], [ 4393150, 3065750 ], [ 4393350, 3065750 ], [ 4392550, 3065850 ], [ 4392550, 3065950 ], [ 4393150, 3065950 ], [ 4393250, 3066250 ] ] }, "geometry": { "type": "Polygon", "coordinates": [ [ [ 4392750.0, 3065750.0 ], [ 4392550.0, 3065850.0 ], [ 4392550.0, 3065950.0 ], [ 4393250.0, 3066250.0 ], [ 4393150.0, 3065950.0 ], [ 4393350.0, 3065750.0 ], [ 4393150.0, 3065750.0 ], [ 4392950.0, 3065450.0 ], [ 4392750.0, 3065750.0 ] ] ] } },
{ "type": "Feature", "properties": { "ID": "Stadtilm_160700048_c0", "GEN": "Stadtilm", "ARS": "160700048", "LAN": "Thüringen", "area": 0.37, "centroid": "POINT (4397298.198198 3074403.153153)", "DH_demand": 634.80193304777845, "total_demand_cells": 4655.7933959960938, "total_demand_area": 17220.97265625, "share_DH": 6.2357496947837143, "heat_density_DH": 1.7156809001291309, "heat_density": 46.543169341216213, "DH_supplied_households": 238.0, "DH_cells": [ [ 4396450, 3073550 ], [ 4396650, 3073650 ], [ 4396550, 3073850 ], [ 4396850, 3074050 ], [ 4397250, 3074150 ], [ 4397650, 3074150 ], [ 4397250, 3074250 ], [ 4397750, 3074250 ], [ 4397350, 3074350 ], [ 4397550, 3074350 ], [ 4397450, 3074450 ], [ 4397450, 3074650 ], [ 4397550, 3074650 ], [ 4397650, 3074750 ], [ 4397550, 3074950 ], [ 4397950, 3075250 ], [ 4398050, 3075250 ], [ 4397950, 3075350 ] ] }, "geometry": { "type": "Polygon", "coordinates": [ [ [ 4397350.0, 3074350.0 ], [ 4397250.0, 3074150.0 ], [ 4396650.0, 3073650.0 ], [ 4396450.0, 3073550.0 ], [ 4396550.0, 3073850.0 ], [ 4396850.0, 3074050.0 ], [ 4397250.0, 3074250.0 ], [ 4397450.0, 3074650.0 ], [ 4397550.0, 3074950.0 ], [ 4397950.0, 3075350.0 ], [ 4398050.0, 3075250.0 ], [ 4397650.0, 3074750.0 ], [ 4397550.0, 3074650.0 ], [ 4397450.0, 3074450.0 ], [ 4397550.0, 3074350.0 ], [ 4397750.0, 3074250.0 ], [ 4397650.0, 3074150.0 ], [ 4397350.0, 3074350.0 ] ] ] } },
{ "type": "Feature", "properties": { "ID": "Geratal_160700057_c2", "GEN": "Geratal", "ARS": "160700057", "LAN": "Thüringen", "area": 0.41, "centroid": "POINT (4379135.772358 3069177.235772)", "DH_demand": 293.60694167878938, "total_demand_cells": 3228.1504898071289, "total_demand_area": 14968.796875, "share_DH": 3.3180852115074067, "heat_density_DH": 0.71611449189948628, "heat_density": 36.509260670731706, "DH_supplied_households": 40.0, "DH_cells": [ [ 4378650, 3068850 ], [ 4379250, 3068850 ], [ 4379450, 3068950 ], [ 4379450, 3069050 ], [ 4379250, 3069250 ], [ 4379350, 3069250 ], [ 4379450, 3069350 ], [ 4379550, 3069450 ], [ 4379050, 3069550 ], [ 4379550, 3069550 ] ] }, "geometry": { "type": "Polygon", "coordinates": [ [ [ 4378650.0, 3068850.0 ], [ 4379050.0, 3069550.0 ], [ 4379550.0, 3069550.0 ], [ 4379550.0, 3069450.0 ], [ 4379450.0, 3069350.0 ], [ 4379350.0, 3069250.0 ], [ 4379450.0, 3069050.0 ], [ 4379450.0, 3068950.0 ], [ 4379250.0, 3068850.0 ], [ 4378650.0, 3068850.0 ] ] ] } },
{ "type": "Feature", "properties": { "ID": "Geratal_160700057_c4", "GEN": "Geratal", "ARS": "160700057", "LAN": "Thüringen", "area": 0.425, "centroid": "POINT (4378045.294118 3070909.607843)", "DH_demand": 666.17163091081727, "total_demand_cells": 3978.3792114257812, "total_demand_area": 14288.5048828125, "share_DH": 7.8869203946805229, "heat_density_DH": 1.5674626609666289, "heat_density": 33.62001148897059, "DH_supplied_households": 139.0, "DH_cells": [ [ 4377950, 3070450 ], [ 4377850, 3070550 ], [ 4377950, 3070550 ], [ 4378050, 3070550 ], [ 4377950, 3070650 ], [ 4378050, 3070650 ], [ 4377450, 3070750 ], [ 4377950, 3071150 ], [ 4378250, 3071150 ], [ 4378350, 3071150 ], [ 4378650, 3071150 ], [ 4377950, 3071250 ], [ 4378650, 3071350 ] ] }, "geometry": { "type": "Polygon", "coordinates": [ [ [ 4377850.0, 3070550.0 ], [ 4377450.0, 3070750.0 ], [ 4377950.0, 3071150.0 ], [ 4377950.0, 3071250.0 ], [ 4378250.0, 3071150.0 ], [ 4378350.0, 3071150.0 ], [ 4378650.0, 3071350.0 ], [ 4378650.0, 3071150.0 ], [ 4378050.0, 3070650.0 ], [ 4378050.0, 3070550.0 ], [ 4377950.0, 3070450.0 ], [ 4377850.0, 3070550.0 ] ] ] } },
{ "type": "Feature", "properties": { "ID": "Großbreitenbach_160700058_c0", "GEN": "Großbreitenbach", "ARS": "160700058", "LAN": "Thüringen", "area": 0.16, "centroid": "POINT (4392466.666667 3052843.75)", "DH_demand": 285.54795285705796, "total_demand_cells": 1958.0502471923828, "total_demand_area": 8035.1201171875, "share_DH": 6.0116652318462958, "heat_density_DH": 1.7846747053566123, "heat_density": 50.219500732421878, "DH_supplied_households": 24.0, "DH_cells": [ [ 4391750, 3052650 ], [ 4391950, 3052750 ], [ 4392050, 3052750 ], [ 4392750, 3052750 ], [ 4392550, 3052950 ], [ 4392750, 3052950 ], [ 4392850, 3053050 ], [ 4393050, 3053250 ] ] }, "geometry": { "type": "Polygon", "coordinates": [ [ [ 4391750.0, 3052650.0 ], [ 4391950.0, 3052750.0 ], [ 4392050.0, 3052750.0 ], [ 4392550.0, 3052950.0 ], [ 4393050.0, 3053250.0 ], [ 4392850.0, 3053050.0 ], [ 4392750.0, 3052950.0 ], [ 4392750.0, 3052750.0 ], [ 4391750.0, 3052650.0 ] ] ] } },
{ "type": "Feature", "properties": { "ID": "Geratal/Plaue_160705002_c0", "GEN": "Geratal/Plaue", "ARS": "160705002", "LAN": "Thüringen", "area": 0.195, "centroid": "POINT (4381232.051282 3066436.324786)", "DH_demand": 148.57880313029312, "total_demand_cells": 794.28419876098633, "total_demand_area": 5862.92822265625, "share_DH": 4.2869694534354714, "heat_density_DH": 0.76194258015534944, "heat_density": 30.066298577724364, "DH_supplied_households": 18.0, "DH_cells": [ [ 4381550, 3066150 ], [ 4381050, 3066350 ], [ 4381450, 3066350 ], [ 4381550, 3066350 ], [ 4380750, 3066550 ], [ 4381450, 3066650 ] ] }, "geometry": { "type": "Polygon", "coordinates": [ [ [ 4380750.0, 3066550.0 ], [ 4381450.0, 3066650.0 ], [ 4381450.0, 3066350.0 ], [ 4381550.0, 3066350.0 ], [ 4381550.0, 3066150.0 ], [ 4381050.0, 3066350.0 ], [ 4380750.0, 3066550.0 ] ] ] } },
{ "type": "Feature", "properties": { "ID": "Geratal/Plaue_160705002_c1", "GEN": "Geratal/Plaue", "ARS": "160705002", "LAN": "Thüringen", "area": 0.12, "centroid": "POINT (4384872.222222 3074308.333333)", "DH_demand": 206.59351017094653, "total_demand_cells": 1302.6519889831543, "total_demand_area": 3612.190185546875, "share_DH": 9.675071364470309, "heat_density_DH": 1.7216125847578878, "heat_density": 30.10158487955729, "DH_supplied_households": 37.0, "DH_cells": [ [ 4385550, 3073950 ], [ 4385150, 3074250 ], [ 4384650, 3074350 ], [ 4384950, 3074350 ], [ 4384250, 3074550 ], [ 4384350, 3074550 ], [ 4384450, 3074550 ] ] }, "geometry": { "type": "Polygon", "coordinates": [ [ [ 4384250.0, 3074550.0 ], [ 4384350.0, 3074550.0 ], [ 4384450.0, 3074550.0 ], [ 4384950.0, 3074350.0 ], [ 4385150.0, 3074250.0 ], [ 4385550.0, 3073950.0 ], [ 4384650.0, 3074350.0 ], [ 4384250.0, 3074550.0 ] ] ] } },
{ "type": "Feature", "properties": { "ID": "Apolda_160710001_c0", "GEN": "Apolda", "ARS": "160710001", "LAN": "Thüringen", "area": 2.81, "centroid": "POINT (4427225.088968 3102698.279953)", "DH_demand": 11367.374071669159, "total_demand_cells": 35161.618000030518, "total_demand_area": 125402.9453125, "share_DH": 15.334178898011169, "heat_density_DH": 4.0453288511278149, "heat_density": 44.627382673487546, "DH_supplied_households": 2777.0, "DH_cells": [ [ 4427550, 3101050 ], [ 4427350, 3101450 ], [ 4426350, 3101550 ], [ 4426350, 3101650 ], [ 4427250, 3101650 ], [ 4427350, 3101650 ], [ 4426650, 3101950 ], [ 4426850, 3102050 ], [ 4427550, 3102050 ], [ 4426850, 3102150 ], [ 4427750, 3102150 ], [ 4427850, 3102150 ], [ 4428050, 3102150 ], [ 4428150, 3102150 ], [ 4426950, 3102250 ], [ 4427850, 3102250 ], [ 4427550, 3102350 ], [ 4426550, 3102450 ], [ 4426750, 3102450 ], [ 4427450, 3102450 ], [ 4428150, 3102450 ], [ 4428250, 3102450 ], [ 4426850, 3102550 ], [ 4427250, 3102550 ], [ 4427350, 3102550 ], [ 4427750, 3102550 ], [ 4428050, 3102550 ], [ 4428150, 3102550 ], [ 4426550, 3102650 ], [ 4426650, 3102650 ], [ 4427050, 3102650 ], [ 4427250, 3102650 ], [ 4427650, 3102650 ], [ 4426750, 3102750 ], [ 4426950, 3102750 ], [ 4426850, 3102850 ], [ 4427150, 3102850 ], [ 4426150, 3102950 ], [ 4426750, 3102950 ], [ 4427150, 3102950 ], [ 4428250, 3102950 ], [ 4426250, 3103050 ], [ 4426750, 3103050 ], [ 4426850, 3103050 ], [ 4427250, 3103050 ], [ 4426150, 3103150 ], [ 4426650, 3103150 ], [ 4426750, 3103150 ], [ 4427750, 3103150 ], [ 4428150, 3103150 ], [ 4426650, 3103250 ], [ 4426750, 3103250 ], [ 4426850, 3103250 ], [ 4426950, 3103250 ], [ 4427050, 3103250 ], [ 4428250, 3103250 ], [ 4426450, 3103350 ], [ 4426650, 3103350 ], [ 4426750, 3103350 ], [ 4426850, 3103350 ], [ 4426950, 3103350 ], [ 4427050, 3103350 ], [ 4426650, 3103450 ], [ 4426750, 3103450 ], [ 4426850, 3103450 ], [ 4426950, 3103450 ], [ 4427050, 3103450 ], [ 4427150, 3103450 ], [ 4427250, 3103450 ], [ 4428250, 3103450 ], [ 4426650, 3103550 ], [ 4426750, 3103550 ], [ 4426850, 3103550 ], [ 4427050, 3103550 ], [ 4427150, 3103550 ], [ 4427250, 3103550 ], [ 4426750, 3103650 ], [ 4426850, 3103650 ], [ 4426950, 3103650 ], [ 4427250, 3103650 ], [ 4426750, 3103750 ], [ 4426950, 3103850 ], [ 4427050, 3103850 ], [ 4426950, 3104050 ], [ 4427350, 3104150 ] ] }, "geometry": { "type": "Polygon", "coordinates": [ [ [ 4426350.0, 3101650.0 ], [ 4426550.0, 3102450.0 ], [ 4426550.0, 3102650.0 ], [ 4426150.0, 3102950.0 ], [ 4426250.0, 3103050.0 ], [ 4426150.0, 3103150.0 ], [ 4426450.0, 3103350.0 ], [ 4426650.0, 3103350.0 ], [ 4426650.0, 3103450.0 ], [ 4426650.0, 3103550.0 ], [ 4426750.0, 3103550.0 ], [ 4426750.0, 3103650.0 ], [ 4426750.0, 3103750.0 ], [ 4426950.0, 3103850.0 ], [ 4426950.0, 3104050.0 ], [ 4427350.0, 3104150.0 ], [ 4427250.0, 3103650.0 ], [ 4427250.0, 3103550.0 ], [ 4427250.0, 3103450.0 ], [ 4427150.0, 3103450.0 ], [ 4427050.0, 3103450.0 ], [ 4427050.0, 3103350.0 ], [ 4427050.0, 3103250.0 ], [ 4427250.0, 3103050.0 ], [ 4427750.0, 3103150.0 ], [ 4428250.0, 3103450.0 ], [ 4428250.0, 3103250.0 ], [ 4428150.0, 3103150.0 ], [ 4428250.0, 3102950.0 ], [ 4428250.0, 3102450.0 ], [ 4428150.0, 3102450.0 ], [ 4428150.0, 3102150.0 ], [ 4428050.0, 3102150.0 ], [ 4427850.0, 3102150.0 ], [ 4427750.0, 3102150.0 ], [ 4427550.0, 3102050.0 ], [ 4427550.0, 3101050.0 ], [ 4427350.0, 3101450.0 ], [ 4427350.0, 3101650.0 ], [ 4427250.0, 3101650.0 ], [ 4426850.0, 3102050.0 ], [ 4426650.0, 3101950.0 ], [ 4426350.0, 3101550.0 ], [ 4426350.0, 3101650.0 ] ] ] } },
{ "type": "Feature", "properties": { "ID": "Bad Berka_160710003_c0", "GEN": "Bad Berka", "ARS": "160710003", "LAN": "Thüringen", "area": 0.31, "centroid": "POINT (4410883.333333 3088314.516129)", "DH_demand": 145.95821506949849, "total_demand_cells": 1371.0276412963867, "total_demand_area": 11206.9794921875, "share_DH": 2.203170344725605, "heat_density_DH": 0.4708329518370919, "heat_density": 36.151546748991933, "DH_supplied_households": 19.0, "DH_cells": [ [ 4410750, 3087750 ], [ 4410750, 3087950 ], [ 4410950, 3088050 ], [ 4411350, 3088350 ], [ 4410950, 3088550 ], [ 4410550, 3088750 ] ] }, "geometry": { "type": "Polygon", "coordinates": [ [ [ 4410750.0, 3087950.0 ], [ 4410550.0, 3088750.0 ], [ 4410950.0, 3088550.0 ], [ 4411350.0, 3088350.0 ], [ 4410950.0, 3088050.0 ], [ 4410750.0, 3087750.0 ], [ 4410750.0, 3087950.0 ] ] ] } },
{ "type": "Feature", "properties": { "ID": "Bad Berka_160710003_c1", "GEN": "Bad Berka", "ARS": "160710003", "LAN": "Thüringen", "area": 0.09, "centroid": "POINT (4411946.296296 3087812.962963)", "DH_demand": 434.90817288241368, "total_demand_cells": 1371.3531055450439, "total_demand_area": 4404.52685546875, "share_DH": 16.703459080266143, "heat_density_DH": 4.8323130320268186, "heat_density": 48.939187282986111, "DH_supplied_households": 244.0, "DH_cells": [ [ 4411550, 3087550 ], [ 4412150, 3087750 ], [ 4411950, 3087850 ], [ 4411950, 3088050 ], [ 4412050, 3088050 ], [ 4411950, 3088150 ] ] }, "geometry": { "type": "Polygon", "coordinates": [ [ [ 4411550.0, 3087550.0 ], [ 4411950.0, 3087850.0 ], [ 4411950.0, 3088050.0 ], [ 4411950.0, 3088150.0 ], [ 4412050.0, 3088050.0 ], [ 4412150.0, 3087750.0 ], [ 4411550.0, 3087550.0 ] ] ] } },
{ "type": "Feature", "properties": { "ID": "Blankenhain_160710008_c0", "GEN": "Blankenhain", "ARS": "160710008", "LAN": "Thüringen", "area": 0.455, "centroid": "POINT (4415389.194139 3084130.586081)", "DH_demand": 2648.9633151735284, "total_demand_cells": 7038.753219127655, "total_demand_area": 15693.0068359375, "share_DH": 28.554718997833035, "heat_density_DH": 5.8218973959857774, "heat_density": 34.490124914148353, "DH_supplied_households": 500.0, "DH_cells": [ [ 4414150, 3083250 ], [ 4414250, 3083250 ], [ 4414050, 3083350 ], [ 4414550, 3083550 ], [ 4414550, 3083650 ], [ 4414650, 3083650 ], [ 4414750, 3083650 ], [ 4414850, 3083650 ], [ 4414750, 3083750 ], [ 4414850, 3083750 ], [ 4414950, 3083750 ], [ 4415250, 3083850 ], [ 4415650, 3083950 ], [ 4415750, 3083950 ], [ 4415850, 3083950 ], [ 4415650, 3084050 ], [ 4415750, 3084050 ], [ 4415650, 3084250 ], [ 4416050, 3084250 ], [ 4416050, 3084350 ], [ 4415750, 3084450 ], [ 4415850, 3084550 ], [ 4415450, 3084650 ], [ 4415350, 3084750 ], [ 4415850, 3084750 ], [ 4415350, 3084850 ], [ 4415450, 3084850 ], [ 4415250, 3084950 ], [ 4415350, 3084950 ] ] }, "geometry": { "type": "Polygon", "coordinates": [ [ [ 4414050.0, 3083350.0 ], [ 4414550.0, 3083550.0 ], [ 4414550.0, 3083650.0 ], [ 4414650.0, 3083650.0 ], [ 4414750.0, 3083650.0 ], [ 4414750.0, 3083750.0 ], [ 4414850.0, 3083750.0 ], [ 4414950.0, 3083750.0 ], [ 4415650.0, 3084050.0 ], [ 4415650.0, 3084250.0 ], [ 4415350.0, 3084750.0 ], [ 4415250.0, 3084950.0 ], [ 4415350.0, 3084950.0 ], [ 4415350.0, 3084850.0 ], [ 4415450.0, 3084850.0 ], [ 4415450.0, 3084650.0 ], [ 4415850.0, 3084750.0 ], [ 4415850.0, 3084550.0 ], [ 4416050.0, 3084350.0 ], [ 4416050.0, 3084250.0 ], [ 4415850.0, 3083950.0 ], [ 4415750.0, 3083950.0 ], [ 4415650.0, 3083950.0 ], [ 4415250.0, 3083850.0 ], [ 4414850.0, 3083650.0 ], [ 4414250.0, 3083250.0 ], [ 4414150.0, 3083250.0 ], [ 4414050.0, 3083350.0 ] ] ] } },
{ "type": "Feature", "properties": { "ID": "Kranichfeld_160715007_c0", "GEN": "Kranichfeld", "ARS": "160715007", "LAN": "Thüringen", "area": 0.36, "centroid": "POINT (4405480.092593 3082697.222222)", "DH_demand": 363.77732978674555, "total_demand_cells": 2317.0902652144432, "total_demand_area": 12794.7236328125, "share_DH": 4.8096428928864317, "heat_density_DH": 1.0104925827409599, "heat_density": 35.540898980034726, "DH_supplied_households": 55.0, "DH_cells": [ [ 4405650, 3081950 ], [ 4405550, 3082050 ], [ 4405750, 3082050 ], [ 4405850, 3082050 ], [ 4405950, 3082150 ], [ 4405450, 3082450 ], [ 4405350, 3082650 ], [ 4404950, 3082850 ], [ 4405450, 3082850 ], [ 4404950, 3082950 ], [ 4405350, 3082950 ], [ 4405550, 3083350 ], [ 4405550, 3083450 ], [ 4405850, 3083950 ] ] }, "geometry": { "type": "Polygon", "coordinates": [ [ [ 4405450.0, 3082450.0 ], [ 4404950.0, 3082850.0 ], [ 4404950.0, 3082950.0 ], [ 4405350.0, 3082950.0 ], [ 4405550.0, 3083350.0 ], [ 4405550.0, 3083450.0 ], [ 4405850.0, 3083950.0 ], [ 4405450.0, 3082850.0 ], [ 4405350.0, 3082650.0 ], [ 4405950.0, 3082150.0 ], [ 4405850.0, 3082050.0 ], [ 4405750.0, 3082050.0 ], [ 4405650.0, 3081950.0 ], [ 4405550.0, 3082050.0 ], [ 4405450.0, 3082450.0 ] ] ] } },
{ "type": "Feature", "properties": { "ID": "Kranichfeld_160715007_c1", "GEN": "Kranichfeld", "ARS": "160715007", "LAN": "Thüringen", "area": 0.02, "centroid": "POINT (4401941.666667 3089791.666667)", "DH_demand": 265.09613383010003, "total_demand_cells": 1536.9230346679688, "total_demand_area": 2740.794921875, "share_DH": 16.361946330416462, "heat_density_DH": 13.254806691505001, "heat_density": 137.03974609375001, "DH_supplied_households": 12.0, "DH_cells": [ [ 4401750, 3089750 ], [ 4402050, 3089750 ], [ 4401950, 3089850 ], [ 4402050, 3089850 ] ] }, "geometry": { "type": "Polygon", "coordinates": [ [ [ 4401750.0, 3089750.0 ], [ 4401950.0, 3089850.0 ], [ 4402050.0, 3089850.0 ], [ 4402050.0, 3089750.0 ], [ 4401750.0, 3089750.0 ] ] ] } },
{ "type": "Feature", "properties": { "ID": "Mellingen_160715008_c1", "GEN": "Mellingen", "ARS": "160715008", "LAN": "Thüringen", "area": 0.095, "centroid": "POINT (4422493.859649 3089560.526316)", "DH_demand": 254.72967710236455, "total_demand_cells": 1588.2104797363281, "total_demand_area": 4216.84130859375, "share_DH": 10.218811738229938, "heat_density_DH": 2.6813650221301533, "heat_density": 44.387803248355262, "DH_supplied_households": 29.0, "DH_cells": [ [ 4422650, 3089250 ], [ 4422650, 3089350 ], [ 4422550, 3089450 ], [ 4422650, 3089450 ], [ 4422750, 3089450 ], [ 4422150, 3089650 ], [ 4422550, 3089650 ], [ 4422550, 3089750 ] ] }, "geometry": { "type": "Polygon", "coordinates": [ [ [ 4422550.0, 3089450.0 ], [ 4422150.0, 3089650.0 ], [ 4422550.0, 3089750.0 ], [ 4422550.0, 3089650.0 ], [ 4422750.0, 3089450.0 ], [ 4422650.0, 3089350.0 ], [ 4422650.0, 3089250.0 ], [ 4422550.0, 3089450.0 ] ] ] } },
{ "type": "Feature", "properties": { "ID": "Mellingen_160715008_c2", "GEN": "Mellingen", "ARS": "160715008", "LAN": "Thüringen", "area": 0.075, "centroid": "POINT (4418767.777778 3092981.111111)", "DH_demand": 204.45591951096117, "total_demand_cells": 929.86465454101562, "total_demand_area": 1142.7608642578125, "share_DH": 30.265819722424968, "heat_density_DH": 2.7260789268128156, "heat_density": 15.236811523437501, "DH_supplied_households": 48.0, "DH_cells": [ [ 4418850, 3092750 ], [ 4418950, 3092750 ], [ 4418650, 3092850 ], [ 4418750, 3092850 ], [ 4418950, 3092850 ], [ 4418650, 3092950 ], [ 4418750, 3092950 ], [ 4418850, 3092950 ], [ 4418950, 3092950 ], [ 4418650, 3093550 ] ] }, "geometry": { "type": "Polygon", "coordinates": [ [ [ 4418750.0, 3092850.0 ], [ 4418650.0, 3092850.0 ], [ 4418650.0, 3092950.0 ], [ 4418650.0, 3093550.0 ], [ 4418750.0, 3092950.0 ], [ 4418850.0, 3092950.0 ], [ 4418950.0, 3092950.0 ], [ 4418950.0, 3092850.0 ], [ 4418950.0, 3092750.0 ], [ 4418850.0, 3092750.0 ], [ 4418750.0, 3092850.0 ] ] ] } },
{ "type": "Feature", "properties": { "ID": "Bad Sulza_160715051_c0", "GEN": "Bad Sulza", "ARS": "160715051", "LAN": "Thüringen", "area": 0.505, "centroid": "POINT (4435018.316832 3109871.782178)", "DH_demand": 436.60080211317086, "total_demand_cells": 3170.2299880981445, "total_demand_area": 14946.072265625, "share_DH": 4.9415769458078582, "heat_density_DH": 0.86455604378845718, "heat_density": 29.596182704207919, "DH_supplied_households": 49.0, "DH_cells": [ [ 4435650, 3109350 ], [ 4435150, 3109450 ], [ 4434550, 3109550 ], [ 4434850, 3109550 ], [ 4434550, 3109650 ], [ 4434650, 3109650 ], [ 4434750, 3109650 ], [ 4434450, 3109750 ], [ 4434850, 3109850 ], [ 4434850, 3110050 ], [ 4434550, 3110450 ], [ 4434650, 3110450 ], [ 4434850, 3110450 ], [ 4434750, 3110650 ], [ 4434850, 3110650 ] ] }, "geometry": { "type": "Polygon", "coordinates": [ [ [ 4434550.0, 3109650.0 ], [ 4434450.0, 3109750.0 ], [ 4434650.0, 3109650.0 ], [ 4434750.0, 3109650.0 ], [ 4434850.0, 3109850.0 ], [ 4434850.0, 3110050.0 ], [ 4434550.0, 3110450.0 ], [ 4434650.0, 3110450.0 ], [ 4434750.0, 3110650.0 ], [ 4434850.0, 3110650.0 ], [ 4434850.0, 3110450.0 ], [ 4435650.0, 3109350.0 ], [ 4435150.0, 3109450.0 ], [ 4434850.0, 3109550.0 ], [ 4434550.0, 3109550.0 ], [ 4434550.0, 3109650.0 ] ] ] } },
{ "type": "Feature", "properties": { "ID": "Am Ettersberg_160715053_c1", "GEN": "Am Ettersberg", "ARS": "160715053", "LAN": "Thüringen", "area": 0.06, "centroid": "POINT (4410805.555556 3103461.111111)", "DH_demand": 126.82959534347953, "total_demand_cells": 724.84770345687866, "total_demand_area": 1619.274658203125, "share_DH": 13.249765693664889, "heat_density_DH": 2.1138265890579921, "heat_density": 26.987910970052084, "DH_supplied_households": 24.0, "DH_cells": [ [ 4410850, 3103350 ], [ 4410950, 3103350 ], [ 4411050, 3103350 ], [ 4410650, 3103450 ], [ 4410950, 3103450 ], [ 4411050, 3103450 ], [ 4410550, 3103650 ] ] }, "geometry": { "type": "Polygon", "coordinates": [ [ [ 4410550.0, 3103650.0 ], [ 4410950.0, 3103450.0 ], [ 4411050.0, 3103450.0 ], [ 4411050.0, 3103350.0 ], [ 4410950.0, 3103350.0 ], [ 4410850.0, 3103350.0 ], [ 4410650.0, 3103450.0 ], [ 4410550.0, 3103650.0 ] ] ] } },
{ "type": "Feature", "properties": { "ID": "Am Ettersberg_160715053_c2", "GEN": "Am Ettersberg", "ARS": "160715053", "LAN": "Thüringen", "area": 0.025, "centroid": "POINT (4408183.333333 3106250)", "DH_demand": 129.42520912201772, "total_demand_cells": 615.64982604980469, "total_demand_area": 2214.2216796875, "share_DH": 9.8879414792646774, "heat_density_DH": 5.1770083648807095, "heat_density": 88.568867187500018, "DH_supplied_households": 9.0, "DH_cells": [ [ 4408250, 3106150 ], [ 4408350, 3106250 ], [ 4407950, 3106350 ] ] }, "geometry": { "type": "Polygon", "coordinates": [ [ [ 4407950.0, 3106350.0 ], [ 4408350.0, 3106250.0 ], [ 4408250.0, 3106150.0 ], [ 4407950.0, 3106350.0 ] ] ] } },
{ "type": "Feature", "properties": { "ID": "Schalkau_160720015_c0", "GEN": "Schalkau", "ARS": "160720015", "LAN": "Thüringen", "area": 0.27, "centroid": "POINT (4392483.333333 3031938.888889)", "DH_demand": 426.99823992263362, "total_demand_cells": 3472.5517196655273, "total_demand_area": 9262.232421875, "share_DH": 7.7986336771550633, "heat_density_DH": 1.5814749626764211, "heat_density": 34.304564525462972, "DH_supplied_households": 58.0, "DH_cells": [ [ 4391950, 3031550 ], [ 4392150, 3031650 ], [ 4392350, 3031650 ], [ 4392450, 3031750 ], [ 4392550, 3031750 ], [ 4392750, 3031750 ], [ 4392650, 3031850 ], [ 4392850, 3031950 ], [ 4392950, 3031950 ], [ 4392450, 3032150 ], [ 4392550, 3032250 ], [ 4392550, 3032350 ], [ 4392450, 3032450 ], [ 4392450, 3032550 ] ] }, "geometry": { "type": "Polygon", "coordinates": [ [ [ 4392650.0, 3031850.0 ], [ 4392550.0, 3031750.0 ], [ 4392450.0, 3031750.0 ], [ 4392350.0, 3031650.0 ], [ 4392150.0, 3031650.0 ], [ 4391950.0, 3031550.0 ], [ 4392450.0, 3032150.0 ], [ 4392450.0, 3032450.0 ], [ 4392450.0, 3032550.0 ], [ 4392550.0, 3032350.0 ], [ 4392550.0, 3032250.0 ], [ 4392850.0, 3031950.0 ], [ 4392950.0, 3031950.0 ], [ 4392750.0, 3031750.0 ], [ 4392650.0, 3031850.0 ] ] ] } },
{ "type": "Feature", "properties": { "ID": "Sonneberg_160720018_c0", "GEN": "Sonneberg", "ARS": "160720018", "LAN": "Thüringen", "area": 2.96, "centroid": "POINT (4404448.536036 3028043.018018)", "DH_demand": 8833.9738150936992, "total_demand_cells": 32141.314070224762, "total_demand_area": 100834.625, "share_DH": 14.820215912908655, "heat_density_DH": 2.984450613207331, "heat_density": 34.065751689189192, "DH_supplied_households": 2908.0, "DH_cells": [ [ 4403950, 3026850 ], [ 4404050, 3026850 ], [ 4404150, 3026850 ], [ 4404850, 3026850 ], [ 4403550, 3026950 ], [ 4403850, 3026950 ], [ 4403950, 3026950 ], [ 4404050, 3026950 ], [ 4404150, 3026950 ], [ 4404250, 3026950 ], [ 4404750, 3026950 ], [ 4404950, 3026950 ], [ 4403850, 3027050 ], [ 4403950, 3027050 ], [ 4404050, 3027050 ], [ 4404150, 3027050 ], [ 4404250, 3027050 ], [ 4404350, 3027050 ], [ 4403350, 3027150 ], [ 4403550, 3027150 ], [ 4403850, 3027150 ], [ 4403950, 3027150 ], [ 4404050, 3027150 ], [ 4404150, 3027150 ], [ 4404250, 3027150 ], [ 4404350, 3027150 ], [ 4404450, 3027150 ], [ 4403750, 3027250 ], [ 4403850, 3027250 ], [ 4403950, 3027250 ], [ 4404050, 3027250 ], [ 4404150, 3027250 ], [ 4404250, 3027250 ], [ 4404350, 3027250 ], [ 4404450, 3027250 ], [ 4404750, 3027250 ], [ 4403850, 3027350 ], [ 4403950, 3027350 ], [ 4404050, 3027350 ], [ 4404150, 3027350 ], [ 4404350, 3027350 ], [ 4405750, 3027350 ], [ 4403850, 3027450 ], [ 4403950, 3027450 ], [ 4404050, 3027450 ], [ 4404150, 3027450 ], [ 4404250, 3027450 ], [ 4404350, 3027450 ], [ 4404450, 3027450 ], [ 4403950, 3027550 ], [ 4405450, 3027550 ], [ 4404550, 3027750 ], [ 4404850, 3027850 ], [ 4404950, 3027850 ], [ 4405050, 3027850 ], [ 4405150, 3027850 ], [ 4404950, 3027950 ], [ 4405050, 3027950 ], [ 4404950, 3028050 ], [ 4403750, 3028150 ], [ 4404250, 3028150 ], [ 4404550, 3028150 ], [ 4404850, 3028150 ], [ 4405250, 3028150 ], [ 4404150, 3028250 ], [ 4404550, 3028250 ], [ 4404650, 3028250 ], [ 4404750, 3028250 ], [ 4404850, 3028250 ], [ 4405350, 3028250 ], [ 4403550, 3028350 ], [ 4404050, 3028350 ], [ 4404350, 3028350 ], [ 4404550, 3028350 ], [ 4404950, 3028350 ], [ 4405050, 3028350 ], [ 4404650, 3028450 ], [ 4404450, 3028550 ], [ 4404650, 3028550 ], [ 4403250, 3028650 ], [ 4403950, 3028850 ], [ 4404750, 3029050 ], [ 4404150, 3029150 ], [ 4404350, 3029150 ], [ 4404450, 3029150 ], [ 4404050, 3029250 ], [ 4403850, 3029350 ], [ 4404050, 3029550 ], [ 4404750, 3029550 ], [ 4404550, 3029650 ] ] }, "geometry": { "type": "Polygon", "coordinates": [ [ [ 4403750.0, 3027250.0 ], [ 4403850.0, 3027250.0 ], [ 4403850.0, 3027350.0 ], [ 4403850.0, 3027450.0 ], [ 4403950.0, 3027450.0 ], [ 4403950.0, 3027550.0 ], [ 4404250.0, 3028150.0 ], [ 4404150.0, 3028250.0 ], [ 4404050.0, 3028350.0 ], [ 4403750.0, 3028150.0 ], [ 4403550.0, 3028350.0 ], [ 4403250.0, 3028650.0 ], [ 4403950.0, 3028850.0 ], [ 4404150.0, 3029150.0 ], [ 4404050.0, 3029250.0 ], [ 4403850.0, 3029350.0 ], [ 4404050.0, 3029550.0 ], [ 4404550.0, 3029650.0 ], [ 4404750.0, 3029550.0 ], [ 4404450.0, 3029150.0 ], [ 4404750.0, 3029050.0 ], [ 4404650.0, 3028550.0 ], [ 4404650.0, 3028450.0 ], [ 4404550.0, 3028350.0 ], [ 4404550.0, 3028250.0 ], [ 4404650.0, 3028250.0 ], [ 4404750.0, 3028250.0 ], [ 4404850.0, 3028250.0 ], [ 4404950.0, 3028350.0 ], [ 4405050.0, 3028350.0 ], [ 4405350.0, 3028250.0 ], [ 4405250.0, 3028150.0 ], [ 4405050.0, 3027950.0 ], [ 4405050.0, 3027850.0 ], [ 4405150.0, 3027850.0 ], [ 4405450.0, 3027550.0 ], [ 4405750.0, 3027350.0 ], [ 4404950.0, 3026950.0 ], [ 4404850.0, 3026850.0 ], [ 4404750.0, 3026950.0 ], [ 4404450.0, 3027150.0 ], [ 4404350.0, 3027150.0 ], [ 4404350.0, 3027050.0 ], [ 4404250.0, 3027050.0 ], [ 4404250.0, 3026950.0 ], [ 4404150.0, 3026950.0 ], [ 4404150.0, 3026850.0 ], [ 4404050.0, 3026850.0 ], [ 4403950.0, 3026850.0 ], [ 4403950.0, 3026950.0 ], [ 4403850.0, 3026950.0 ], [ 4403550.0, 3026950.0 ], [ 4403550.0, 3027150.0 ], [ 4403350.0, 3027150.0 ], [ 4403750.0, 3027250.0 ] ] ] } },
{ "type": "Feature", "properties": { "ID": "Sonneberg_160720018_c1", "GEN": "Sonneberg", "ARS": "160720018", "LAN": "Thüringen", "area": 0.075, "centroid": "POINT (4407530 3027783.333333)", "DH_demand": 198.20734056271272, "total_demand_cells": 796.52562141418457, "total_demand_area": 2395.1943359375, "share_DH": 13.998680102799616, "heat_density_DH": 2.6427645408361697, "heat_density": 31.935924479166665, "DH_supplied_households": 14.0, "DH_cells": [ [ 4407650, 3027550 ], [ 4407350, 3027750 ], [ 4407650, 3027750 ], [ 4407550, 3028050 ] ] }, "geometry": { "type": "Polygon", "coordinates": [ [ [ 4407350.0, 3027750.0 ], [ 4407550.0, 3028050.0 ], [ 4407650.0, 3027750.0 ], [ 4407650.0, 3027550.0 ], [ 4407350.0, 3027750.0 ] ] ] } },
{ "type": "Feature", "properties": { "ID": "Steinach_160720019_c0", "GEN": "Steinach", "ARS": "160720019", "LAN": "Thüringen", "area": 0.145, "centroid": "POINT (4403435.057471 3036356.896552)", "DH_demand": 346.60623572370872, "total_demand_cells": 2215.5312194824219, "total_demand_area": 10136.953125, "share_DH": 5.7841166674786493, "heat_density_DH": 2.3903878325773014, "heat_density": 69.910021551724142, "DH_supplied_households": 30.0, "DH_cells": [ [ 4403250, 3036150 ], [ 4403750, 3036250 ], [ 4403750, 3036350 ], [ 4403250, 3036450 ], [ 4403150, 3036650 ] ] }, "geometry": { "type": "Polygon", "coordinates": [ [ [ 4403250.0, 3036450.0 ], [ 4403150.0, 3036650.0 ], [ 4403750.0, 3036350.0 ], [ 4403750.0, 3036250.0 ], [ 4403250.0, 3036150.0 ], [ 4403250.0, 3036450.0 ] ] ] } },
{ "type": "Feature", "properties": { "ID": "Föritztal_160720024_c0", "GEN": "Föritztal", "ARS": "160720024", "LAN": "Thüringen", "area": 0.135, "centroid": "POINT (4409384.567901 3023326.54321)", "DH_demand": 241.11524164297879, "total_demand_cells": 1705.7593116760254, "total_demand_area": 4707.7587890625, "share_DH": 8.6640025658407094, "heat_density_DH": 1.7860388269850285, "heat_density": 34.872287326388893, "DH_supplied_households": 30.0, "DH_cells": [ [ 4409550, 3022950 ], [ 4409650, 3022950 ], [ 4409150, 3023150 ], [ 4409450, 3023150 ], [ 4409550, 3023150 ], [ 4409350, 3023550 ], [ 4409250, 3023750 ], [ 4409350, 3023750 ], [ 4409250, 3023850 ] ] }, "geometry": { "type": "Polygon", "coordinates": [ [ [ 4409450.0, 3023150.0 ], [ 4409150.0, 3023150.0 ], [ 4409350.0, 3023550.0 ], [ 4409250.0, 3023750.0 ], [ 4409250.0, 3023850.0 ], [ 4409350.0, 3023750.0 ], [ 4409550.0, 3023150.0 ], [ 4409650.0, 3022950.0 ], [ 4409550.0, 3022950.0 ], [ 4409450.0, 3023150.0 ] ] ] } },
{ "type": "Feature", "properties": { "ID": "Neuhaus am Rennweg_160725051_c0", "GEN": "Neuhaus am Rennweg", "ARS": "160725051", "LAN": "Thüringen", "area": 0.725, "centroid": "POINT (4401787.931034 3045054.597701)", "DH_demand": 4874.6329146118896, "total_demand_cells": 10132.921604156494, "total_demand_area": 23782.078125, "share_DH": 34.673703080323683, "heat_density_DH": 6.7236316063612271, "heat_density": 32.802866379310345, "DH_supplied_households": 1584.0, "DH_cells": [ [ 4402350, 3044250 ], [ 4402450, 3044250 ], [ 4402550, 3044250 ], [ 4402350, 3044350 ], [ 4402450, 3044350 ], [ 4400950, 3044450 ], [ 4401850, 3044450 ], [ 4402250, 3044450 ], [ 4402350, 3044450 ], [ 4401150, 3044550 ], [ 4401650, 3044550 ], [ 4401750, 3044550 ], [ 4401850, 3044550 ], [ 4401950, 3044550 ], [ 4402050, 3044550 ], [ 4402250, 3044550 ], [ 4402350, 3044550 ], [ 4401150, 3044650 ], [ 4401550, 3044650 ], [ 4401650, 3044650 ], [ 4401750, 3044650 ], [ 4402350, 3044650 ], [ 4402450, 3044650 ], [ 4401050, 3044750 ], [ 4401150, 3044750 ], [ 4401250, 3044750 ], [ 4401750, 3044750 ], [ 4401150, 3044850 ], [ 4401250, 3044850 ], [ 4401850, 3044850 ], [ 4401250, 3044950 ], [ 4401850, 3044950 ], [ 4401750, 3045450 ], [ 4401950, 3045550 ], [ 4402450, 3045650 ], [ 4402150, 3045850 ] ] }, "geometry": { "type": "MultiPolygon", "coordinates": [ [ [ [ 4401950.0, 3044550.0 ], [ 4402050.0, 3044550.0 ], [ 4402250.0, 3044550.0 ], [ 4402350.0, 3044650.0 ], [ 4402450.0, 3044650.0 ], [ 4402350.0, 3044550.0 ], [ 4402350.0, 3044450.0 ], [ 4402450.0, 3044350.0 ], [ 4402550.0, 3044250.0 ], [ 4402450.0, 3044250.0 ], [ 4402350.0, 3044250.0 ], [ 4402350.0, 3044350.0 ], [ 4402250.0, 3044450.0 ], [ 4401950.0, 3044550.0 ] ] ], [ [ [ 4401750.0, 3044550.0 ], [ 4401650.0, 3044550.0 ], [ 4401650.0, 3044650.0 ], [ 4401550.0, 3044650.0 ], [ 4400950.0, 3044450.0 ], [ 4401150.0, 3044550.0 ], [ 4401150.0, 3044650.0 ], [ 4401050.0, 3044750.0 ], [ 4401150.0, 3044850.0 ], [ 4401250.0, 3044850.0 ], [ 4401250.0, 3044950.0 ], [ 4401750.0, 3045450.0 ], [ 4401950.0, 3045550.0 ], [ 4402150.0, 3045850.0 ], [ 4402450.0, 3045650.0 ], [ 4401850.0, 3044950.0 ], [ 4401850.0, 3044850.0 ], [ 4401750.0, 3044750.0 ], [ 4401750.0, 3044650.0 ], [ 4401850.0, 3044550.0 ], [ 4401950.0, 3044550.0 ], [ 4401850.0, 3044450.0 ], [ 4401750.0, 3044550.0 ] ] ] ] } },
{ "type": "Feature", "properties": { "ID": "Bad Blankenburg_160730005_c0", "GEN": "Bad Blankenburg", "ARS": "160730005", "LAN": "Thüringen", "area": 1.025, "centroid": "POINT (4410663.821138 3064058.780488)", "DH_demand": 7619.5740493198964, "total_demand_cells": 15811.374489784241, "total_demand_area": 33224.921875, "share_DH": 38.794917828544236, "heat_density_DH": 7.4337307798242893, "heat_density": 32.414557926829268, "DH_supplied_households": 1677.0, "DH_cells": [ [ 4410950, 3063250 ], [ 4410950, 3063350 ], [ 4410750, 3063550 ], [ 4411350, 3063550 ], [ 4411250, 3063650 ], [ 4411350, 3063650 ], [ 4411450, 3063650 ], [ 4410750, 3063750 ], [ 4411250, 3063750 ], [ 4411350, 3063750 ], [ 4411450, 3063750 ], [ 4411050, 3063850 ], [ 4411150, 3063850 ], [ 4411250, 3063850 ], [ 4411350, 3063850 ], [ 4411450, 3063850 ], [ 4410950, 3063950 ], [ 4411050, 3063950 ], [ 4411150, 3063950 ], [ 4411250, 3063950 ], [ 4411350, 3063950 ], [ 4411450, 3063950 ], [ 4411050, 3064050 ], [ 4411150, 3064050 ], [ 4411250, 3064050 ], [ 4411350, 3064050 ], [ 4411450, 3064050 ], [ 4411050, 3064150 ], [ 4411150, 3064150 ], [ 4411250, 3064150 ], [ 4411350, 3064150 ], [ 4411450, 3064150 ], [ 4409750, 3064350 ], [ 4410250, 3064350 ], [ 4410450, 3064350 ], [ 4410950, 3064350 ], [ 4411350, 3064350 ], [ 4410150, 3064450 ], [ 4410250, 3064450 ], [ 4409850, 3064550 ], [ 4409450, 3064650 ], [ 4409550, 3064950 ] ] }, "geometry": { "type": "Polygon", "coordinates": [ [ [ 4409850.0, 3064550.0 ], [ 4409450.0, 3064650.0 ], [ 4409550.0, 3064950.0 ], [ 4410150.0, 3064450.0 ], [ 4410250.0, 3064450.0 ], [ 4410250.0, 3064350.0 ], [ 4410450.0, 3064350.0 ], [ 4410950.0, 3064350.0 ], [ 4411050.0, 3064150.0 ], [ 4411150.0, 3064150.0 ], [ 4411250.0, 3064150.0 ], [ 4411350.0, 3064350.0 ], [ 4411350.0, 3064150.0 ], [ 4411450.0, 3064150.0 ], [ 4411450.0, 3064050.0 ], [ 4411450.0, 3063950.0 ], [ 4411450.0, 3063850.0 ], [ 4411450.0, 3063750.0 ], [ 4411450.0, 3063650.0 ], [ 4411350.0, 3063650.0 ], [ 4411350.0, 3063550.0 ], [ 4410950.0, 3063250.0 ], [ 4410950.0, 3063350.0 ], [ 4410750.0, 3063550.0 ], [ 4410750.0, 3063750.0 ], [ 4409750.0, 3064350.0 ], [ 4409850.0, 3064550.0 ] ] ] } },
{ "type": "Feature", "properties": { "ID": "Rudolstadt_160730076_c0", "GEN": "Rudolstadt", "ARS": "160730076", "LAN": "Thüringen", "area": 4.84, "centroid": "POINT (4414902.444904 3067161.329201)", "DH_demand": 17633.281255567224, "total_demand_cells": 49919.845063209534, "total_demand_area": 125152.4140625, "share_DH": 23.834278751357648, "heat_density_DH": 3.6432399288362034, "heat_density": 25.857936789772726, "DH_supplied_households": 3886.0, "DH_cells": [ [ 4414550, 3064250 ], [ 4413450, 3064350 ], [ 4413650, 3064350 ], [ 4414550, 3064350 ], [ 4413450, 3064450 ], [ 4413950, 3064750 ], [ 4414450, 3064850 ], [ 4414650, 3064850 ], [ 4414550, 3064950 ], [ 4414650, 3064950 ], [ 4414750, 3064950 ], [ 4414250, 3065050 ], [ 4414550, 3065050 ], [ 4414650, 3065050 ], [ 4414650, 3065150 ], [ 4414350, 3065250 ], [ 4414450, 3065250 ], [ 4414650, 3065250 ], [ 4414250, 3065350 ], [ 4414350, 3065350 ], [ 4414450, 3065350 ], [ 4414550, 3065350 ], [ 4414050, 3065450 ], [ 4414150, 3065450 ], [ 4414250, 3065450 ], [ 4414350, 3065450 ], [ 4414550, 3065450 ], [ 4414650, 3065450 ], [ 4414050, 3065550 ], [ 4414150, 3065550 ], [ 4414250, 3065550 ], [ 4414350, 3065550 ], [ 4414450, 3065550 ], [ 4414550, 3065550 ], [ 4414650, 3065550 ], [ 4414150, 3065650 ], [ 4414250, 3065650 ], [ 4414350, 3065650 ], [ 4414450, 3065650 ], [ 4414550, 3065650 ], [ 4414250, 3065750 ], [ 4414350, 3065750 ], [ 4414450, 3065750 ], [ 4414950, 3065850 ], [ 4414150, 3066050 ], [ 4414250, 3066050 ], [ 4414550, 3066050 ], [ 4413950, 3066150 ], [ 4414050, 3066150 ], [ 4414150, 3066150 ], [ 4414250, 3066150 ], [ 4414350, 3066150 ], [ 4414450, 3066150 ], [ 4414550, 3066150 ], [ 4413950, 3066250 ], [ 4414050, 3066250 ], [ 4414150, 3066250 ], [ 4414250, 3066250 ], [ 4414350, 3066250 ], [ 4414450, 3066250 ], [ 4414550, 3066250 ], [ 4414050, 3066350 ], [ 4414150, 3066350 ], [ 4414250, 3066350 ], [ 4414350, 3066350 ], [ 4414550, 3066350 ], [ 4414750, 3066350 ], [ 4414850, 3066350 ], [ 4414950, 3066350 ], [ 4414150, 3066450 ], [ 4414250, 3066450 ], [ 4414650, 3066450 ], [ 4414750, 3066450 ], [ 4414850, 3066450 ], [ 4414950, 3066450 ], [ 4414150, 3066550 ], [ 4414550, 3066550 ], [ 4414950, 3066550 ], [ 4414650, 3066850 ], [ 4414250, 3066950 ], [ 4414450, 3066950 ], [ 4414250, 3067050 ], [ 4414450, 3067150 ], [ 4414150, 3067250 ], [ 4416150, 3067250 ], [ 4416350, 3067250 ], [ 4414150, 3067350 ], [ 4415650, 3067350 ], [ 4416150, 3067350 ], [ 4415650, 3067450 ], [ 4414150, 3067550 ], [ 4415450, 3067550 ], [ 4413950, 3067650 ], [ 4414050, 3067650 ], [ 4414150, 3067750 ], [ 4413950, 3067850 ], [ 4415950, 3067850 ], [ 4416050, 3067850 ], [ 4416150, 3067850 ], [ 4413550, 3067950 ], [ 4413750, 3067950 ], [ 4413850, 3067950 ], [ 4413950, 3067950 ], [ 4414050, 3067950 ], [ 4415950, 3067950 ], [ 4413750, 3068050 ], [ 4413850, 3068050 ], [ 4413950, 3068050 ], [ 4414350, 3068050 ], [ 4413650, 3068150 ], [ 4413750, 3068150 ], [ 4413850, 3068150 ], [ 4414050, 3068150 ], [ 4414950, 3068150 ], [ 4413850, 3068250 ], [ 4414050, 3068250 ], [ 4414350, 3068250 ], [ 4414450, 3068250 ], [ 4414550, 3068250 ], [ 4414950, 3068250 ], [ 4415050, 3068250 ], [ 4414150, 3068350 ], [ 4414850, 3068350 ], [ 4414950, 3068350 ], [ 4413950, 3068450 ], [ 4414850, 3068450 ], [ 4415350, 3068450 ], [ 4415750, 3068450 ], [ 4415850, 3068450 ], [ 4415450, 3068550 ], [ 4415750, 3068550 ], [ 4416050, 3068550 ], [ 4416250, 3068550 ], [ 4414650, 3068650 ], [ 4415550, 3068650 ], [ 4415850, 3068650 ], [ 4415950, 3068650 ], [ 4416150, 3068650 ], [ 4416050, 3068750 ], [ 4415550, 3068850 ], [ 4415750, 3068850 ], [ 4415450, 3068950 ], [ 4415550, 3068950 ], [ 4415450, 3069050 ], [ 4415950, 3069150 ], [ 4415450, 3069250 ], [ 4415350, 3069350 ], [ 4415450, 3069350 ] ] }, "geometry": { "type": "Polygon", "coordinates": [ [ [ 4414450.0, 3064850.0 ], [ 4414250.0, 3065050.0 ], [ 4413950.0, 3064750.0 ], [ 4413650.0, 3064350.0 ], [ 4413450.0, 3064350.0 ], [ 4413450.0, 3064450.0 ], [ 4414350.0, 3065250.0 ], [ 4414350.0, 3065350.0 ], [ 4414250.0, 3065350.0 ], [ 4414250.0, 3065450.0 ], [ 4414150.0, 3065450.0 ], [ 4414050.0, 3065450.0 ], [ 4414050.0, 3065550.0 ], [ 4414150.0, 3065550.0 ], [ 4414150.0, 3065650.0 ], [ 4414250.0, 3065650.0 ], [ 4414250.0, 3065750.0 ], [ 4414250.0, 3066050.0 ], [ 4414150.0, 3066050.0 ], [ 4414150.0, 3066150.0 ], [ 4414050.0, 3066150.0 ], [ 4413950.0, 3066150.0 ], [ 4413950.0, 3066250.0 ], [ 4414050.0, 3066250.0 ], [ 4414050.0, 3066350.0 ], [ 4414150.0, 3066350.0 ], [ 4414150.0, 3066450.0 ], [ 4414150.0, 3066550.0 ], [ 4414250.0, 3066950.0 ], [ 4414250.0, 3067050.0 ], [ 4414150.0, 3067250.0 ], [ 4414150.0, 3067350.0 ], [ 4414150.0, 3067550.0 ], [ 4414050.0, 3067650.0 ], [ 4413950.0, 3067650.0 ], [ 4413950.0, 3067850.0 ], [ 4413950.0, 3067950.0 ], [ 4413850.0, 3067950.0 ], [ 4413750.0, 3067950.0 ], [ 4413550.0, 3067950.0 ], [ 4413750.0, 3068050.0 ], [ 4413650.0, 3068150.0 ], [ 4413750.0, 3068150.0 ], [ 4413850.0, 3068150.0 ], [ 4413850.0, 3068250.0 ], [ 4413950.0, 3068450.0 ], [ 4414050.0, 3068250.0 ], [ 4414150.0, 3068350.0 ], [ 4414350.0, 3068250.0 ], [ 4414450.0, 3068250.0 ], [ 4414550.0, 3068250.0 ], [ 4414650.0, 3068650.0 ], [ 4414850.0, 3068450.0 ], [ 4414850.0, 3068350.0 ], [ 4414950.0, 3068350.0 ], [ 4414950.0, 3068250.0 ], [ 4415050.0, 3068250.0 ], [ 4415350.0, 3068450.0 ], [ 4415450.0, 3068550.0 ], [ 4415550.0, 3068650.0 ], [ 4415450.0, 3068950.0 ], [ 4415350.0, 3069350.0 ], [ 4415450.0, 3069350.0 ], [ 4415450.0, 3069250.0 ], [ 4415450.0, 3069050.0 ], [ 4415550.0, 3068950.0 ], [ 4415550.0, 3068850.0 ], [ 4415750.0, 3068850.0 ], [ 4415950.0, 3069150.0 ], [ 4416050.0, 3068750.0 ], [ 4416150.0, 3068650.0 ], [ 4416250.0, 3068550.0 ], [ 4416050.0, 3068550.0 ], [ 4415950.0, 3068650.0 ], [ 4415850.0, 3068650.0 ], [ 4415750.0, 3068550.0 ], [ 4415750.0, 3068450.0 ], [ 4415850.0, 3068450.0 ], [ 4415950.0, 3067950.0 ], [ 4415950.0, 3067850.0 ], [ 4416050.0, 3067850.0 ], [ 4416150.0, 3067850.0 ], [ 4416150.0, 3067350.0 ], [ 4416150.0, 3067250.0 ], [ 4416350.0, 3067250.0 ], [ 4414950.0, 3066550.0 ], [ 4414950.0, 3066450.0 ], [ 4414950.0, 3066350.0 ], [ 4414950.0, 3065850.0 ], [ 4414650.0, 3065550.0 ], [ 4414650.0, 3065450.0 ], [ 4414550.0, 3065450.0 ], [ 4414550.0, 3065350.0 ], [ 4414650.0, 3065250.0 ], [ 4414650.0, 3065150.0 ], [ 4414650.0, 3065050.0 ], [ 4414750.0, 3064950.0 ], [ 4414650.0, 3064850.0 ], [ 4414550.0, 3064350.0 ], [ 4414550.0, 3064250.0 ], [ 4414450.0, 3064850.0 ] ] ] } },
{ "type": "Feature", "properties": { "ID": "Saalfeld/Saale_160730077_c0", "GEN": "Saalfeld/Saale", "ARS": "160730077", "LAN": "Thüringen", "area": 1.27, "centroid": "POINT (4417314.435696 3060334.514436)", "DH_demand": 3411.3031289095334, "total_demand_cells": 12342.114967346191, "total_demand_area": 61623.42578125, "share_DH": 9.3644566874174782, "heat_density_DH": 2.686065455834278, "heat_density": 48.522382504921261, "DH_supplied_households": 830.0, "DH_cells": [ [ 4415950, 3059650 ], [ 4416050, 3059750 ], [ 4417350, 3059750 ], [ 4417850, 3059750 ], [ 4416050, 3059850 ], [ 4416150, 3059850 ], [ 4416250, 3059850 ], [ 4416350, 3059850 ], [ 4417450, 3059850 ], [ 4416250, 3059950 ], [ 4416350, 3059950 ], [ 4416450, 3059950 ], [ 4416850, 3059950 ], [ 4416250, 3060050 ], [ 4416250, 3060150 ], [ 4416350, 3060150 ], [ 4416450, 3060150 ], [ 4416650, 3060150 ], [ 4416350, 3060250 ], [ 4416850, 3060250 ], [ 4417050, 3060350 ], [ 4416750, 3060450 ], [ 4416850, 3060450 ], [ 4416950, 3060450 ], [ 4417050, 3060450 ], [ 4417050, 3060550 ], [ 4416950, 3060650 ], [ 4417350, 3060850 ], [ 4416650, 3060950 ], [ 4416750, 3060950 ], [ 4417550, 3061050 ], [ 4417950, 3061150 ] ] }, "geometry": { "type": "Polygon", "coordinates": [ [ [ 4417450.0, 3059850.0 ], [ 4417350.0, 3059750.0 ], [ 4416850.0, 3059950.0 ], [ 4416450.0, 3059950.0 ], [ 4416350.0, 3059950.0 ], [ 4416350.0, 3059850.0 ], [ 4416250.0, 3059850.0 ], [ 4415950.0, 3059650.0 ], [ 4416050.0, 3059750.0 ], [ 4416050.0, 3059850.0 ], [ 4416150.0, 3059850.0 ], [ 4416250.0, 3059950.0 ], [ 4416250.0, 3060050.0 ], [ 4416250.0, 3060150.0 ], [ 4416350.0, 3060150.0 ], [ 4416350.0, 3060250.0 ], [ 4416450.0, 3060150.0 ], [ 4416650.0, 3060150.0 ], [ 4416850.0, 3060250.0 ], [ 4416750.0, 3060450.0 ], [ 4416850.0, 3060450.0 ], [ 4416950.0, 3060450.0 ], [ 4416950.0, 3060650.0 ], [ 4416650.0, 3060950.0 ], [ 4416750.0, 3060950.0 ], [ 4417050.0, 3060550.0 ], [ 4417350.0, 3060850.0 ], [ 4417550.0, 3061050.0 ], [ 4417950.0, 3061150.0 ], [ 4417850.0, 3059750.0 ], [ 4417450.0, 3059850.0 ] ] ] } },
{ "type": "Feature", "properties": { "ID": "Saalfeld/Saale_160730077_c1", "GEN": "Saalfeld/Saale", "ARS": "160730077", "LAN": "Thüringen", "area": 0.28, "centroid": "POINT (4415409.52381 3061126.190476)", "DH_demand": 141.6340326409954, "total_demand_cells": 711.82242965698242, "total_demand_area": 1744.82861328125, "share_DH": 13.731657318442947, "heat_density_DH": 0.50583583086069794, "heat_density": 6.2315307617187514, "DH_supplied_households": 73.0, "DH_cells": [ [ 4415750, 3060550 ], [ 4415350, 3060950 ], [ 4415450, 3060950 ], [ 4414850, 3061050 ], [ 4415650, 3061050 ], [ 4415150, 3061150 ], [ 4415450, 3061650 ] ] }, "geometry": { "type": "Polygon", "coordinates": [ [ [ 4415450.0, 3060950.0 ], [ 4415350.0, 3060950.0 ], [ 4414850.0, 3061050.0 ], [ 4415150.0, 3061150.0 ], [ 4415450.0, 3061650.0 ], [ 4415650.0, 3061050.0 ], [ 4415750.0, 3060550.0 ], [ 4415450.0, 3060950.0 ] ] ] } },
{ "type": "Feature", "properties": { "ID": "Saalfeld/Saale_160730077_c2", "GEN": "Saalfeld/Saale", "ARS": "160730077", "LAN": "Thüringen", "area": 0.625, "centroid": "POINT (4419368.933333 3061120.4)", "DH_demand": 17120.796015484015, "total_demand_cells": 31549.041427612305, "total_demand_area": 44301.65234375, "share_DH": 65.375065801611882, "heat_density_DH": 27.393273624774423, "heat_density": 70.88264375, "DH_supplied_households": 3176.0, "DH_cells": [ [ 4419750, 3060650 ], [ 4419850, 3060650 ], [ 4419350, 3060750 ], [ 4419450, 3060750 ], [ 4419750, 3060750 ], [ 4419850, 3060750 ], [ 4418850, 3060850 ], [ 4418950, 3060850 ], [ 4419050, 3060850 ], [ 4419150, 3060850 ], [ 4419250, 3060850 ], [ 4419350, 3060850 ], [ 4419450, 3060850 ], [ 4419550, 3060850 ], [ 4419750, 3060850 ], [ 4419850, 3060850 ], [ 4418850, 3060950 ], [ 4418950, 3060950 ], [ 4419050, 3060950 ], [ 4419150, 3060950 ], [ 4419250, 3060950 ], [ 4419350, 3060950 ], [ 4419450, 3060950 ], [ 4419550, 3060950 ], [ 4418850, 3061050 ], [ 4419150, 3061050 ], [ 4419250, 3061050 ], [ 4419350, 3061050 ], [ 4419450, 3061050 ], [ 4419550, 3061050 ], [ 4419850, 3061050 ], [ 4419150, 3061150 ], [ 4419250, 3061150 ], [ 4419350, 3061150 ], [ 4419450, 3061150 ], [ 4419550, 3061150 ], [ 4419650, 3061150 ], [ 4419750, 3061150 ], [ 4419850, 3061150 ], [ 4419150, 3061250 ], [ 4419250, 3061250 ], [ 4419350, 3061250 ], [ 4419450, 3061250 ], [ 4419550, 3061250 ], [ 4419650, 3061250 ], [ 4419750, 3061250 ], [ 4418750, 3061350 ], [ 4419150, 3061350 ], [ 4419450, 3061350 ], [ 4419550, 3061350 ], [ 4419650, 3061350 ], [ 4419750, 3061350 ], [ 4420150, 3061350 ], [ 4419050, 3061450 ], [ 4419250, 3061450 ], [ 4419350, 3061450 ], [ 4419450, 3061550 ] ] }, "geometry": { "type": "Polygon", "coordinates": [ [ [ 4418850.0, 3060950.0 ], [ 4418850.0, 3061050.0 ], [ 4418750.0, 3061350.0 ], [ 4419050.0, 3061450.0 ], [ 4419150.0, 3061350.0 ], [ 4419250.0, 3061450.0 ], [ 4419350.0, 3061450.0 ], [ 4419450.0, 3061550.0 ], [ 4419450.0, 3061350.0 ], [ 4419550.0, 3061350.0 ], [ 4419650.0, 3061350.0 ], [ 4419750.0, 3061350.0 ], [ 4420150.0, 3061350.0 ], [ 4419850.0, 3061150.0 ], [ 4419850.0, 3061050.0 ], [ 4419850.0, 3060850.0 ], [ 4419850.0, 3060750.0 ], [ 4419850.0, 3060650.0 ], [ 4419750.0, 3060650.0 ], [ 4419750.0, 3060750.0 ], [ 4419750.0, 3060850.0 ], [ 4419550.0, 3060850.0 ], [ 4419450.0, 3060850.0 ], [ 4419450.0, 3060750.0 ], [ 4419350.0, 3060750.0 ], [ 4419350.0, 3060850.0 ], [ 4419250.0, 3060850.0 ], [ 4419150.0, 3060850.0 ], [ 4419050.0, 3060850.0 ], [ 4418950.0, 3060850.0 ], [ 4418850.0, 3060850.0 ], [ 4418850.0, 3060950.0 ] ] ] } },
{ "type": "Feature", "properties": { "ID": "Unterwellenborn_160730111_c0", "GEN": "Unterwellenborn", "ARS": "160730111", "LAN": "Thüringen", "area": 0.2, "centroid": "POINT (4423283.333333 3060243.333333)", "DH_demand": 344.23078684127341, "total_demand_cells": 2321.2593760490417, "total_demand_area": 9913.083984375, "share_DH": 5.8742041358861856, "heat_density_DH": 1.7211539342063673, "heat_density": 49.565419921875005, "DH_supplied_households": 80.0, "DH_cells": [ [ 4424550, 3059550 ], [ 4424150, 3059750 ], [ 4423650, 3059950 ], [ 4423350, 3060150 ], [ 4422750, 3060350 ], [ 4423150, 3060350 ], [ 4423150, 3060450 ], [ 4422850, 3060550 ], [ 4422950, 3060550 ], [ 4422950, 3060650 ], [ 4423050, 3060650 ] ] }, "geometry": { "type": "Polygon", "coordinates": [ [ [ 4424150.0, 3059750.0 ], [ 4423650.0, 3059950.0 ], [ 4423350.0, 3060150.0 ], [ 4422750.0, 3060350.0 ], [ 4422850.0, 3060550.0 ], [ 4422950.0, 3060550.0 ], [ 4422950.0, 3060650.0 ], [ 4423050.0, 3060650.0 ], [ 4423150.0, 3060450.0 ], [ 4423150.0, 3060350.0 ], [ 4424550.0, 3059550.0 ], [ 4424150.0, 3059750.0 ] ] ] } },
{ "type": "Feature", "properties": { "ID": "Unterwellenborn_160730111_c1", "GEN": "Unterwellenborn", "ARS": "160730111", "LAN": "Thüringen", "area": 0.13, "centroid": "POINT (4423808.974359 3062111.538462)", "DH_demand": 123.58790137809947, "total_demand_cells": 351.64290165901184, "total_demand_area": 711.4417724609375, "share_DH": 29.386286408710539, "heat_density_DH": 0.95067616444691905, "heat_density": 5.4726290189302889, "DH_supplied_households": 49.0, "DH_cells": [ [ 4423250, 3061850 ], [ 4423250, 3061950 ], [ 4423750, 3062150 ], [ 4424050, 3062150 ], [ 4424350, 3062150 ], [ 4423850, 3062250 ], [ 4424050, 3062250 ], [ 4424250, 3062250 ], [ 4424150, 3062350 ] ] }, "geometry": { "type": "Polygon", "coordinates": [ [ [ 4424050.0, 3062150.0 ], [ 4423250.0, 3061850.0 ], [ 4423250.0, 3061950.0 ], [ 4423750.0, 3062150.0 ], [ 4423850.0, 3062250.0 ], [ 4424050.0, 3062250.0 ], [ 4424150.0, 3062350.0 ], [ 4424250.0, 3062250.0 ], [ 4424350.0, 3062150.0 ], [ 4424050.0, 3062150.0 ] ] ] } },
{ "type": "Feature", "properties": { "ID": "Unterwellenborn_160730111_c2", "GEN": "Unterwellenborn", "ARS": "160730111", "LAN": "Thüringen", "area": 0.015, "centroid": "POINT (4422250 3062216.666667)", "DH_demand": 146.18371355636035, "total_demand_cells": 1067.9663238525391, "total_demand_area": 1846.11376953125, "share_DH": 13.395182637055578, "heat_density_DH": 9.7455809037573555, "heat_density": 123.07425130208334, "DH_supplied_households": 13.0, "DH_cells": [ [ 4422350, 3062150 ], [ 4422050, 3062250 ], [ 4422250, 3062250 ], [ 4422350, 3062250 ] ] }, "geometry": { "type": "Polygon", "coordinates": [ [ [ 4422050.0, 3062250.0 ], [ 4422250.0, 3062250.0 ], [ 4422350.0, 3062250.0 ], [ 4422350.0, 3062150.0 ], [ 4422050.0, 3062250.0 ] ] ] } },
{ "type": "Feature", "properties": { "ID": "Schwarzatal_160735012_c2", "GEN": "Schwarzatal", "ARS": "160735012", "LAN": "Thüringen", "area": 0.085, "centroid": "POINT (4398028.431373 3051597.058824)", "DH_demand": 214.65394016927584, "total_demand_cells": 937.158203125, "total_demand_area": 1937.4703369140625, "share_DH": 18.741826511327609, "heat_density_DH": 2.5253404725797162, "heat_density": 22.793768669577208, "DH_supplied_households": 27.0, "DH_cells": [ [ 4398050, 3051250 ], [ 4398150, 3051450 ], [ 4398150, 3051650 ], [ 4397850, 3051950 ] ] }, "geometry": { "type": "Polygon", "coordinates": [ [ [ 4397850.0, 3051950.0 ], [ 4398150.0, 3051650.0 ], [ 4398150.0, 3051450.0 ], [ 4398050.0, 3051250.0 ], [ 4397850.0, 3051950.0 ] ] ] } },
{ "type": "Feature", "properties": { "ID": "Schwarzatal_160735012_c4", "GEN": "Schwarzatal", "ARS": "160735012", "LAN": "Thüringen", "area": 0.025, "centroid": "POINT (4403036.666667 3057923.333333)", "DH_demand": 360.94000324255302, "total_demand_cells": 894.34512329101562, "total_demand_area": 1919.0640869140625, "share_DH": 31.816591386158571, "heat_density_DH": 14.437600129702123, "heat_density": 76.762563476562505, "DH_supplied_households": 55.0, "DH_cells": [ [ 4402850, 3057850 ], [ 4403050, 3057850 ], [ 4403150, 3057950 ], [ 4403150, 3058050 ] ] }, "geometry": { "type": "Polygon", "coordinates": [ [ [ 4402850.0, 3057850.0 ], [ 4403150.0, 3058050.0 ], [ 4403150.0, 3057950.0 ], [ 4403050.0, 3057850.0 ], [ 4402850.0, 3057850.0 ] ] ] } },
{ "type": "Feature", "properties": { "ID": "Schwarzatal_160735012_c5", "GEN": "Schwarzatal", "ARS": "160735012", "LAN": "Thüringen", "area": 0.01, "centroid": "POINT (4405516.666667 3059716.666667)", "DH_demand": 197.58654904216166, "total_demand_cells": 1192.9700775146484, "total_demand_area": 1453.427490234375, "share_DH": 22.997049320135876, "heat_density_DH": 19.758654904216165, "heat_density": 145.34274902343751, "DH_supplied_households": 20.0, "DH_cells": [ [ 4405550, 3059650 ], [ 4405650, 3059650 ], [ 4405450, 3059750 ], [ 4405350, 3059850 ] ] }, "geometry": { "type": "Polygon", "coordinates": [ [ [ 4405450.0, 3059750.0 ], [ 4405350.0, 3059850.0 ], [ 4405650.0, 3059650.0 ], [ 4405550.0, 3059650.0 ], [ 4405450.0, 3059750.0 ] ] ] } },
{ "type": "Feature", "properties": { "ID": "Kaulsdorf_160735051_c0", "GEN": "Kaulsdorf", "ARS": "160735051", "LAN": "Thüringen", "area": 0.025, "centroid": "POINT (4422343.333333 3057423.333333)", "DH_demand": 959.16067858326903, "total_demand_cells": 1923.4416046142578, "total_demand_area": 1923.441650390625, "share_DH": 84.356870727222315, "heat_density_DH": 38.366427143330768, "heat_density": 76.937666015625013, "DH_supplied_households": 161.0, "DH_cells": [ [ 4422450, 3057250 ], [ 4422350, 3057350 ], [ 4422450, 3057350 ], [ 4422250, 3057450 ], [ 4422350, 3057450 ], [ 4422250, 3057550 ], [ 4422350, 3057550 ] ] }, "geometry": { "type": "Polygon", "coordinates": [ [ [ 4422350.0, 3057350.0 ], [ 4422250.0, 3057450.0 ], [ 4422250.0, 3057550.0 ], [ 4422350.0, 3057550.0 ], [ 4422350.0, 3057450.0 ], [ 4422450.0, 3057350.0 ], [ 4422450.0, 3057250.0 ], [ 4422350.0, 3057350.0 ] ] ] } },
{ "type": "Feature", "properties": { "ID": "Königsee_160735054_c0", "GEN": "Königsee", "ARS": "160735054", "LAN": "Thüringen", "area": 0.335, "centroid": "POINT (4398583.830846 3061598.756219)", "DH_demand": 3215.414819561247, "total_demand_cells": 8996.2080326080322, "total_demand_area": 16301.2216796875, "share_DH": 33.367599668256638, "heat_density_DH": 9.5982531927201418, "heat_density": 48.660363222947772, "DH_supplied_households": 770.0, "DH_cells": [ [ 4398450, 3061250 ], [ 4398550, 3061250 ], [ 4398650, 3061250 ], [ 4398750, 3061250 ], [ 4398450, 3061350 ], [ 4398550, 3061350 ], [ 4398650, 3061350 ], [ 4398050, 3061450 ], [ 4398150, 3061450 ], [ 4398250, 3061450 ], [ 4398650, 3061450 ], [ 4398750, 3061550 ], [ 4399050, 3061550 ], [ 4399150, 3061550 ], [ 4399250, 3061550 ], [ 4398450, 3061650 ], [ 4398650, 3061650 ], [ 4399050, 3061650 ], [ 4399150, 3061650 ], [ 4399250, 3061650 ], [ 4398150, 3061750 ], [ 4398650, 3061750 ], [ 4398850, 3061750 ], [ 4398950, 3061750 ], [ 4398550, 3061850 ], [ 4398450, 3062150 ] ] }, "geometry": { "type": "Polygon", "coordinates": [ [ [ 4398450.0, 3061350.0 ], [ 4398250.0, 3061450.0 ], [ 4398150.0, 3061450.0 ], [ 4398050.0, 3061450.0 ], [ 4398150.0, 3061750.0 ], [ 4398450.0, 3061650.0 ], [ 4398650.0, 3061650.0 ], [ 4398650.0, 3061750.0 ], [ 4398550.0, 3061850.0 ], [ 4398450.0, 3062150.0 ], [ 4398850.0, 3061750.0 ], [ 4398950.0, 3061750.0 ], [ 4399050.0, 3061650.0 ], [ 4399150.0, 3061650.0 ], [ 4399250.0, 3061650.0 ], [ 4399250.0, 3061550.0 ], [ 4399150.0, 3061550.0 ], [ 4399050.0, 3061550.0 ], [ 4398750.0, 3061550.0 ], [ 4398650.0, 3061450.0 ], [ 4398650.0, 3061350.0 ], [ 4398750.0, 3061250.0 ], [ 4398650.0, 3061250.0 ], [ 4398550.0, 3061250.0 ], [ 4398450.0, 3061250.0 ], [ 4398450.0, 3061350.0 ] ] ] } },
{ "type": "Feature", "properties": { "ID": "Königsee_160735054_c1", "GEN": "Königsee", "ARS": "160735054", "LAN": "Thüringen", "area": 0.02, "centroid": "POINT (4404141.666667 3061591.666667)", "DH_demand": 204.46853529937286, "total_demand_cells": 444.67514801025391, "total_demand_area": 444.67514038085938, "share_DH": 77.784263837834544, "heat_density_DH": 10.223426764968643, "heat_density": 22.233757019042969, "DH_supplied_households": 29.0, "DH_cells": [ [ 4403950, 3061550 ], [ 4404050, 3061550 ], [ 4404250, 3061550 ], [ 4404150, 3061650 ], [ 4404250, 3061650 ] ] }, "geometry": { "type": "Polygon", "coordinates": [ [ [ 4404050.0, 3061550.0 ], [ 4403950.0, 3061550.0 ], [ 4404150.0, 3061650.0 ], [ 4404250.0, 3061650.0 ], [ 4404250.0, 3061550.0 ], [ 4404050.0, 3061550.0 ] ] ] } },
{ "type": "Feature", "properties": { "ID": "Kahla_160740044_c0", "GEN": "Kahla", "ARS": "160740044", "LAN": "Thüringen", "area": 0.035, "centroid": "POINT (4433169.047619 3077397.619048)", "DH_demand": 220.32310459312541, "total_demand_cells": 681.79187774658203, "total_demand_area": 2295.04345703125, "share_DH": 16.239671499863967, "heat_density_DH": 6.2949458455178702, "heat_density": 65.572670200892873, "DH_supplied_households": 103.0, "DH_cells": [ [ 4433050, 3077250 ], [ 4433150, 3077250 ], [ 4433050, 3077350 ], [ 4433350, 3077650 ] ] }, "geometry": { "type": "Polygon", "coordinates": [ [ [ 4433050.0, 3077250.0 ], [ 4433050.0, 3077350.0 ], [ 4433350.0, 3077650.0 ], [ 4433150.0, 3077250.0 ], [ 4433050.0, 3077250.0 ] ] ] } },
{ "type": "Feature", "properties": { "ID": "Kahla_160740044_c1", "GEN": "Kahla", "ARS": "160740044", "LAN": "Thüringen", "area": 0.665, "centroid": "POINT (4432503.634085 3078417.418546)", "DH_demand": 3536.4939642410468, "total_demand_cells": 10490.084554672241, "total_demand_area": 28670.701171875, "share_DH": 20.866168866375556, "heat_density_DH": 5.3180360364527033, "heat_density": 43.113836348684217, "DH_supplied_households": 833.0, "DH_cells": [ [ 4432350, 3077450 ], [ 4432350, 3077650 ], [ 4432450, 3077750 ], [ 4431950, 3077850 ], [ 4432550, 3077950 ], [ 4432450, 3078150 ], [ 4432450, 3078250 ], [ 4432450, 3078350 ], [ 4432550, 3078350 ], [ 4432650, 3078350 ], [ 4432950, 3078350 ], [ 4433150, 3078350 ], [ 4432250, 3078450 ], [ 4432350, 3078450 ], [ 4432450, 3078450 ], [ 4432550, 3078450 ], [ 4432250, 3078550 ], [ 4432350, 3078550 ], [ 4432450, 3078550 ], [ 4432550, 3078550 ], [ 4432250, 3078650 ], [ 4432350, 3078650 ], [ 4432950, 3078650 ], [ 4432250, 3078750 ], [ 4432350, 3078750 ], [ 4432550, 3078750 ], [ 4432750, 3078750 ], [ 4432150, 3078850 ], [ 4432750, 3078950 ], [ 4432550, 3079150 ], [ 4432650, 3079150 ] ] }, "geometry": { "type": "Polygon", "coordinates": [ [ [ 4431950.0, 3077850.0 ], [ 4432450.0, 3078150.0 ], [ 4432450.0, 3078250.0 ], [ 4432450.0, 3078350.0 ], [ 4432450.0, 3078450.0 ], [ 4432350.0, 3078450.0 ], [ 4432250.0, 3078450.0 ], [ 4432250.0, 3078550.0 ], [ 4432250.0, 3078650.0 ], [ 4432250.0, 3078750.0 ], [ 4432150.0, 3078850.0 ], [ 4432550.0, 3079150.0 ], [ 4432650.0, 3079150.0 ], [ 4432750.0, 3078950.0 ], [ 4432750.0, 3078750.0 ], [ 4432950.0, 3078650.0 ], [ 4433150.0, 3078350.0 ], [ 4432950.0, 3078350.0 ], [ 4432650.0, 3078350.0 ], [ 4432550.0, 3078350.0 ], [ 4432550.0, 3077950.0 ], [ 4432450.0, 3077750.0 ], [ 4432350.0, 3077650.0 ], [ 4432350.0, 3077450.0 ], [ 4431950.0, 3077850.0 ] ] ] } },
{ "type": "Feature", "properties": { "ID": "Heideland-Elstertal-Schkölen_160745005_c1", "GEN": "Heideland-Elstertal-Schkölen", "ARS": "160745005", "LAN": "Thüringen", "area": 0.165, "centroid": "POINT (4460296.464646 3096320.707071)", "DH_demand": 418.84003360747533, "total_demand_cells": 851.69276428222656, "total_demand_area": 1308.468994140625, "share_DH": 54.149301718978194, "heat_density_DH": 2.5384244461059113, "heat_density": 7.9301151160037895, "DH_supplied_households": 432.0, "DH_cells": [ [ 4460450, 3096050 ], [ 4460050, 3096150 ], [ 4460050, 3096350 ], [ 4460150, 3096350 ], [ 4460450, 3096350 ], [ 4460150, 3096450 ], [ 4460250, 3096450 ], [ 4460450, 3096450 ], [ 4460250, 3096550 ], [ 4460550, 3096650 ] ] }, "geometry": { "type": "Polygon", "coordinates": [ [ [ 4460050.0, 3096150.0 ], [ 4460050.0, 3096350.0 ], [ 4460150.0, 3096350.0 ], [ 4460150.0, 3096450.0 ], [ 4460250.0, 3096450.0 ], [ 4460250.0, 3096550.0 ], [ 4460550.0, 3096650.0 ], [ 4460450.0, 3096450.0 ], [ 4460450.0, 3096350.0 ], [ 4460450.0, 3096050.0 ], [ 4460050.0, 3096150.0 ] ] ] } },
{ "type": "Feature", "properties": { "ID": "Heideland-Elstertal-Schkölen_160745005_c2", "GEN": "Heideland-Elstertal-Schkölen", "ARS": "160745005", "LAN": "Thüringen", "area": 0.11, "centroid": "POINT (4459681.818182 3097812.121212)", "DH_demand": 660.04045804883833, "total_demand_cells": 2044.597011089325, "total_demand_area": 4042.042236328125, "share_DH": 27.623443774613687, "heat_density_DH": 6.0003678004439847, "heat_density": 36.745838512073867, "DH_supplied_households": 328.0, "DH_cells": [ [ 4459350, 3097550 ], [ 4459450, 3097550 ], [ 4459350, 3097650 ], [ 4459450, 3097650 ], [ 4459550, 3097650 ], [ 4459350, 3097750 ], [ 4459450, 3097750 ], [ 4459550, 3097750 ], [ 4459550, 3097850 ], [ 4459850, 3097850 ], [ 4460050, 3097850 ], [ 4459750, 3097950 ], [ 4459950, 3098050 ] ] }, "geometry": { "type": "Polygon", "coordinates": [ [ [ 4459350.0, 3097550.0 ], [ 4459350.0, 3097650.0 ], [ 4459350.0, 3097750.0 ], [ 4459450.0, 3097750.0 ], [ 4459550.0, 3097750.0 ], [ 4459550.0, 3097850.0 ], [ 4459750.0, 3097950.0 ], [ 4459950.0, 3098050.0 ], [ 4460050.0, 3097850.0 ], [ 4459850.0, 3097850.0 ], [ 4459550.0, 3097650.0 ], [ 4459450.0, 3097650.0 ], [ 4459450.0, 3097550.0 ], [ 4459350.0, 3097550.0 ] ] ] } },
{ "type": "Feature", "properties": { "ID": "Heideland-Elstertal-Schkölen_160745005_c4", "GEN": "Heideland-Elstertal-Schkölen", "ARS": "160745005", "LAN": "Thüringen", "area": 0.405, "centroid": "POINT (4448793.209877 3105021.604938)", "DH_demand": 2429.0762039165729, "total_demand_cells": 6559.3637908697128, "total_demand_area": 7776.69921875, "share_DH": 52.838921945851922, "heat_density_DH": 5.9977190220162306, "heat_density": 19.201726466049386, "DH_supplied_households": 347.0, "DH_cells": [ [ 4448850, 3104550 ], [ 4448750, 3104650 ], [ 4448850, 3104650 ], [ 4448950, 3104650 ], [ 4448350, 3104750 ], [ 4448550, 3104750 ], [ 4448650, 3104750 ], [ 4448750, 3104750 ], [ 4448850, 3104750 ], [ 4448550, 3104850 ], [ 4448650, 3104850 ], [ 4448750, 3104850 ], [ 4448850, 3104850 ], [ 4448950, 3104850 ], [ 4449050, 3104850 ], [ 4448350, 3104950 ], [ 4448550, 3104950 ], [ 4448650, 3104950 ], [ 4448750, 3104950 ], [ 4448850, 3104950 ], [ 4448950, 3104950 ], [ 4449050, 3104950 ], [ 4449150, 3104950 ], [ 4449250, 3104950 ], [ 4449550, 3104950 ], [ 4448550, 3105050 ], [ 4448650, 3105050 ], [ 4448750, 3105050 ], [ 4448850, 3105050 ], [ 4449050, 3105050 ], [ 4448750, 3105150 ], [ 4448550, 3105250 ], [ 4448650, 3105250 ], [ 4448750, 3105250 ], [ 4448850, 3105250 ], [ 4448950, 3105250 ], [ 4448450, 3105350 ], [ 4448550, 3105350 ], [ 4448850, 3105350 ], [ 4448950, 3105350 ], [ 4448650, 3105450 ], [ 4448750, 3105450 ], [ 4448850, 3105450 ] ] }, "geometry": { "type": "Polygon", "coordinates": [ [ [ 4448750.0, 3104650.0 ], [ 4448750.0, 3104750.0 ], [ 4448650.0, 3104750.0 ], [ 4448550.0, 3104750.0 ], [ 4448350.0, 3104750.0 ], [ 4448350.0, 3104950.0 ], [ 4448550.0, 3104950.0 ], [ 4448550.0, 3105050.0 ], [ 4448550.0, 3105250.0 ], [ 4448450.0, 3105350.0 ], [ 4448550.0, 3105350.0 ], [ 4448650.0, 3105450.0 ], [ 4448750.0, 3105450.0 ], [ 4448850.0, 3105450.0 ], [ 4448850.0, 3105350.0 ], [ 4448950.0, 3105350.0 ], [ 4448950.0, 3105250.0 ], [ 4449050.0, 3105050.0 ], [ 4449550.0, 3104950.0 ], [ 4449050.0, 3104850.0 ], [ 4448950.0, 3104850.0 ], [ 4448850.0, 3104850.0 ], [ 4448850.0, 3104750.0 ], [ 4448950.0, 3104650.0 ], [ 4448850.0, 3104550.0 ], [ 4448750.0, 3104650.0 ] ] ] } },
{ "type": "Feature", "properties": { "ID": "Südliches Saaletal_160745011_c0", "GEN": "Südliches Saaletal", "ARS": "160745011", "LAN": "Thüringen", "area": 0.06, "centroid": "POINT (4428850 3074891.666667)", "DH_demand": 274.40969934462009, "total_demand_cells": 1658.4122242927551, "total_demand_area": 2717.1123046875, "share_DH": 17.084409771861097, "heat_density_DH": 4.5734949890770018, "heat_density": 45.285205078125003, "DH_supplied_households": 27.0, "DH_cells": [ [ 4428150, 3074850 ], [ 4428250, 3074850 ], [ 4428750, 3074850 ], [ 4428950, 3074850 ], [ 4429050, 3074850 ], [ 4429050, 3074950 ], [ 4429350, 3074950 ] ] }, "geometry": { "type": "Polygon", "coordinates": [ [ [ 4428950.0, 3074850.0 ], [ 4428750.0, 3074850.0 ], [ 4428250.0, 3074850.0 ], [ 4428150.0, 3074850.0 ], [ 4429050.0, 3074950.0 ], [ 4429350.0, 3074950.0 ], [ 4429050.0, 3074850.0 ], [ 4428950.0, 3074850.0 ] ] ] } },
{ "type": "Feature", "properties": { "ID": "Südliches Saaletal_160745011_c2", "GEN": "Südliches Saaletal", "ARS": "160745011", "LAN": "Thüringen", "area": 0.05, "centroid": "POINT (4438763.333333 3085603.333333)", "DH_demand": 130.29827252477742, "total_demand_cells": 853.75351715087891, "total_demand_area": 2061.878662109375, "share_DH": 10.690146684904439, "heat_density_DH": 2.6059654504955487, "heat_density": 41.237573242187509, "DH_supplied_households": 16.0, "DH_cells": [ [ 4438750, 3085350 ], [ 4438850, 3085550 ], [ 4438850, 3085650 ], [ 4438650, 3085750 ], [ 4438850, 3085750 ] ] }, "geometry": { "type": "Polygon", "coordinates": [ [ [ 4438650.0, 3085750.0 ], [ 4438850.0, 3085750.0 ], [ 4438850.0, 3085650.0 ], [ 4438850.0, 3085550.0 ], [ 4438750.0, 3085350.0 ], [ 4438650.0, 3085750.0 ] ] ] } },
{ "type": "Feature", "properties": { "ID": "Hermsdorf_160745014_c0", "GEN": "Hermsdorf", "ARS": "160745014", "LAN": "Thüringen", "area": 0.125, "centroid": "POINT (4454347.333333 3084372.666667)", "DH_demand": 247.13168003514292, "total_demand_cells": 1180.3535842895508, "total_demand_area": 4814.23828125, "share_DH": 8.6837827619204262, "heat_density_DH": 1.9770534402811433, "heat_density": 38.51390625, "DH_supplied_households": 32.0, "DH_cells": [ [ 4454150, 3084250 ], [ 4454650, 3084250 ], [ 4454650, 3084350 ], [ 4454050, 3084450 ], [ 4454350, 3084550 ] ] }, "geometry": { "type": "Polygon", "coordinates": [ [ [ 4454050.0, 3084450.0 ], [ 4454350.0, 3084550.0 ], [ 4454650.0, 3084350.0 ], [ 4454650.0, 3084250.0 ], [ 4454150.0, 3084250.0 ], [ 4454050.0, 3084450.0 ] ] ] } },
{ "type": "Feature", "properties": { "ID": "Hermsdorf_160745014_c2", "GEN": "Hermsdorf", "ARS": "160745014", "LAN": "Thüringen", "area": 0.035, "centroid": "POINT (4453216.666667 3085816.666667)", "DH_demand": 188.08047797512683, "total_demand_cells": 813.52281188964844, "total_demand_area": 1764.18359375, "share_DH": 18.034663836674529, "heat_density_DH": 5.3737279421464814, "heat_density": 50.405245535714293, "DH_supplied_households": 10.0, "DH_cells": [ [ 4453150, 3085650 ], [ 4453050, 3085750 ], [ 4453450, 3086050 ] ] }, "geometry": { "type": "Polygon", "coordinates": [ [ [ 4453050.0, 3085750.0 ], [ 4453450.0, 3086050.0 ], [ 4453150.0, 3085650.0 ], [ 4453050.0, 3085750.0 ] ] ] } },
{ "type": "Feature", "properties": { "ID": "Hermsdorf_160745014_c3", "GEN": "Hermsdorf", "ARS": "160745014", "LAN": "Thüringen", "area": 1.495, "centroid": "POINT (4451555.908584 3088863.266444)", "DH_demand": 10508.202879090122, "total_demand_cells": 24708.573901176453, "total_demand_area": 42150.08984375, "share_DH": 42.173345621086021, "heat_density_DH": 7.0288982468830259, "heat_density": 28.194040029264219, "DH_supplied_households": 2215.0, "DH_cells": [ [ 4451350, 3087350 ], [ 4451450, 3087450 ], [ 4451550, 3087450 ], [ 4451250, 3087750 ], [ 4451350, 3087950 ], [ 4451950, 3087950 ], [ 4451850, 3088050 ], [ 4451850, 3088150 ], [ 4451350, 3088350 ], [ 4451750, 3088550 ], [ 4452250, 3088550 ], [ 4452550, 3088550 ], [ 4451850, 3088650 ], [ 4452250, 3088650 ], [ 4452550, 3088650 ], [ 4451650, 3088750 ], [ 4451750, 3088750 ], [ 4451550, 3089050 ], [ 4451950, 3089050 ], [ 4451550, 3089150 ], [ 4450850, 3089250 ], [ 4451350, 3089250 ], [ 4451450, 3089250 ], [ 4451750, 3089250 ], [ 4451950, 3089250 ], [ 4450750, 3089350 ], [ 4450850, 3089350 ], [ 4450950, 3089350 ], [ 4451450, 3089350 ], [ 4451550, 3089350 ], [ 4451750, 3089350 ], [ 4450850, 3089450 ], [ 4450950, 3089450 ], [ 4451050, 3089450 ], [ 4451150, 3089450 ], [ 4451550, 3089450 ], [ 4451750, 3089450 ], [ 4451050, 3089550 ], [ 4451150, 3089550 ], [ 4451250, 3089550 ], [ 4451350, 3089550 ], [ 4451550, 3089550 ], [ 4450850, 3089650 ], [ 4451250, 3089650 ], [ 4451350, 3089650 ], [ 4450850, 3089750 ], [ 4450950, 3089750 ], [ 4451350, 3089750 ], [ 4451450, 3089750 ], [ 4451550, 3089750 ], [ 4451650, 3089750 ], [ 4450850, 3089850 ], [ 4450950, 3089850 ], [ 4451050, 3089850 ], [ 4451350, 3089850 ], [ 4451450, 3089850 ], [ 4451550, 3089850 ], [ 4450850, 3089950 ], [ 4450950, 3089950 ], [ 4451050, 3089950 ], [ 4451350, 3089950 ], [ 4451450, 3089950 ], [ 4451550, 3089950 ], [ 4451050, 3090050 ], [ 4451150, 3090050 ], [ 4451350, 3090050 ], [ 4451450, 3090050 ], [ 4451550, 3090050 ], [ 4451150, 3090150 ], [ 4451250, 3090150 ], [ 4451350, 3090150 ], [ 4451450, 3090150 ], [ 4451550, 3090150 ], [ 4451550, 3090250 ] ] }, "geometry": { "type": "Polygon", "coordinates": [ [ [ 4451250.0, 3087750.0 ], [ 4451350.0, 3087950.0 ], [ 4451350.0, 3088350.0 ], [ 4451750.0, 3088550.0 ], [ 4451850.0, 3088650.0 ], [ 4451750.0, 3088750.0 ], [ 4451650.0, 3088750.0 ], [ 4451550.0, 3089050.0 ], [ 4451550.0, 3089150.0 ], [ 4451450.0, 3089250.0 ], [ 4451350.0, 3089250.0 ], [ 4451150.0, 3089450.0 ], [ 4451050.0, 3089450.0 ], [ 4450950.0, 3089450.0 ], [ 4450950.0, 3089350.0 ], [ 4450850.0, 3089250.0 ], [ 4450850.0, 3089350.0 ], [ 4450750.0, 3089350.0 ], [ 4450850.0, 3089450.0 ], [ 4450850.0, 3089650.0 ], [ 4450850.0, 3089750.0 ], [ 4450850.0, 3089850.0 ], [ 4450850.0, 3089950.0 ], [ 4450950.0, 3089950.0 ], [ 4451050.0, 3089950.0 ], [ 4451050.0, 3090050.0 ], [ 4451150.0, 3090050.0 ], [ 4451150.0, 3090150.0 ], [ 4451250.0, 3090150.0 ], [ 4451350.0, 3090150.0 ], [ 4451450.0, 3090150.0 ], [ 4451550.0, 3090250.0 ], [ 4451550.0, 3090150.0 ], [ 4451550.0, 3090050.0 ], [ 4451550.0, 3089950.0 ], [ 4451550.0, 3089850.0 ], [ 4451550.0, 3089750.0 ], [ 4451650.0, 3089750.0 ], [ 4451550.0, 3089550.0 ], [ 4451550.0, 3089450.0 ], [ 4451750.0, 3089450.0 ], [ 4451750.0, 3089350.0 ], [ 4451750.0, 3089250.0 ], [ 4451950.0, 3089250.0 ], [ 4451950.0, 3089050.0 ], [ 4452250.0, 3088650.0 ], [ 4452550.0, 3088650.0 ], [ 4452550.0, 3088550.0 ], [ 4452250.0, 3088550.0 ], [ 4451850.0, 3088150.0 ], [ 4451850.0, 3088050.0 ], [ 4451950.0, 3087950.0 ], [ 4451550.0, 3087450.0 ], [ 4451450.0, 3087450.0 ], [ 4451350.0, 3087350.0 ], [ 4451250.0, 3087750.0 ] ] ] } },
{ "type": "Feature", "properties": { "ID": "Dornburg-Camburg_160745015_c0", "GEN": "Dornburg-Camburg", "ARS": "160745015", "LAN": "Thüringen", "area": 0.045, "centroid": "POINT (4439138.888889 3092105.555556)", "DH_demand": 172.9149394163814, "total_demand_cells": 1577.8738327026367, "total_demand_area": 2538.42578125, "share_DH": 11.523281136070258, "heat_density_DH": 3.8425542092529201, "heat_density": 56.409461805555559, "DH_supplied_households": 15.0, "DH_cells": [ [ 4438950, 3091950 ], [ 4439250, 3092050 ], [ 4439250, 3092150 ], [ 4439150, 3092250 ], [ 4439250, 3092250 ] ] }, "geometry": { "type": "Polygon", "coordinates": [ [ [ 4438950.0, 3091950.0 ], [ 4439150.0, 3092250.0 ], [ 4439250.0, 3092250.0 ], [ 4439250.0, 3092150.0 ], [ 4439250.0, 3092050.0 ], [ 4438950.0, 3091950.0 ] ] ] } },
{ "type": "Feature", "properties": { "ID": "Dornburg-Camburg_160745015_c1", "GEN": "Dornburg-Camburg", "ARS": "160745015", "LAN": "Thüringen", "area": 0.21, "centroid": "POINT (4439252.380952 3101020.634921)", "DH_demand": 377.46978845145793, "total_demand_cells": 2558.1186370849609, "total_demand_area": 6291.216796875, "share_DH": 10.149757289552195, "heat_density_DH": 1.7974751831021807, "heat_density": 29.958175223214287, "DH_supplied_households": 48.0, "DH_cells": [ [ 4438450, 3100650 ], [ 4438550, 3100650 ], [ 4438950, 3100650 ], [ 4438550, 3100750 ], [ 4439050, 3100750 ], [ 4439050, 3100850 ], [ 4439150, 3100850 ], [ 4439250, 3100950 ], [ 4439450, 3101350 ], [ 4439650, 3101350 ], [ 4439850, 3101350 ], [ 4439950, 3101350 ], [ 4439550, 3101450 ] ] }, "geometry": { "type": "Polygon", "coordinates": [ [ [ 4438550.0, 3100650.0 ], [ 4438450.0, 3100650.0 ], [ 4438550.0, 3100750.0 ], [ 4439050.0, 3100850.0 ], [ 4439250.0, 3100950.0 ], [ 4439450.0, 3101350.0 ], [ 4439550.0, 3101450.0 ], [ 4439650.0, 3101350.0 ], [ 4439850.0, 3101350.0 ], [ 4439950.0, 3101350.0 ], [ 4439150.0, 3100850.0 ], [ 4439050.0, 3100750.0 ], [ 4438950.0, 3100650.0 ], [ 4438550.0, 3100650.0 ] ] ] } },
{ "type": "Feature", "properties": { "ID": "Dornburg-Camburg_160745015_c2", "GEN": "Dornburg-Camburg", "ARS": "160745015", "LAN": "Thüringen", "area": 0.12, "centroid": "POINT (4440555.555556 3106376.388889)", "DH_demand": 247.99011253581602, "total_demand_cells": 1595.5601577758789, "total_demand_area": 4206.99267578125, "share_DH": 9.9717348144419606, "heat_density_DH": 2.0665842711318003, "heat_density": 35.05827229817708, "DH_supplied_households": 30.0, "DH_cells": [ [ 4440850, 3106150 ], [ 4440450, 3106250 ], [ 4440550, 3106250 ], [ 4440850, 3106250 ], [ 4440650, 3106350 ], [ 4440750, 3106350 ], [ 4440250, 3106550 ], [ 4440650, 3106550 ] ] }, "geometry": { "type": "Polygon", "coordinates": [ [ [ 4440250.0, 3106550.0 ], [ 4440650.0, 3106550.0 ], [ 4440650.0, 3106350.0 ], [ 4440750.0, 3106350.0 ], [ 4440850.0, 3106250.0 ], [ 4440850.0, 3106150.0 ], [ 4440550.0, 3106250.0 ], [ 4440450.0, 3106250.0 ], [ 4440250.0, 3106550.0 ] ] ] } },
{ "type": "Feature", "properties": { "ID": "Stadtroda_160745050_c0", "GEN": "Stadtroda", "ARS": "160745050", "LAN": "Thüringen", "area": 0.735, "centroid": "POINT (4442888.548753 3084841.156463)", "DH_demand": 6161.0705785023456, "total_demand_cells": 16120.422049701214, "total_demand_area": 28843.158203125, "share_DH": 36.134452816205048, "heat_density_DH": 8.3824089503433274, "heat_density": 39.242392113095235, "DH_supplied_households": 1382.0, "DH_cells": [ [ 4442750, 3084150 ], [ 4442850, 3084150 ], [ 4442550, 3084250 ], [ 4442550, 3084350 ], [ 4442750, 3084350 ], [ 4442850, 3084350 ], [ 4442550, 3084450 ], [ 4442750, 3084450 ], [ 4442850, 3084450 ], [ 4442950, 3084450 ], [ 4443050, 3084450 ], [ 4443550, 3084450 ], [ 4442550, 3084550 ], [ 4442850, 3084550 ], [ 4442950, 3084550 ], [ 4443050, 3084550 ], [ 4443250, 3084550 ], [ 4442650, 3084650 ], [ 4442850, 3084650 ], [ 4443050, 3084650 ], [ 4443150, 3084650 ], [ 4443250, 3084650 ], [ 4442750, 3084750 ], [ 4442850, 3084750 ], [ 4443050, 3084750 ], [ 4443150, 3084750 ], [ 4443750, 3084750 ], [ 4443050, 3084850 ], [ 4443150, 3084850 ], [ 4443250, 3084850 ], [ 4442450, 3084950 ], [ 4443150, 3084950 ], [ 4443250, 3084950 ], [ 4442550, 3085050 ], [ 4442850, 3085050 ], [ 4442950, 3085050 ], [ 4443050, 3085050 ], [ 4443250, 3085050 ], [ 4442450, 3085150 ], [ 4442850, 3085150 ], [ 4443150, 3085150 ], [ 4443250, 3085150 ], [ 4443350, 3085150 ], [ 4443450, 3085150 ], [ 4442650, 3085250 ], [ 4442950, 3085250 ], [ 4443050, 3085250 ], [ 4443150, 3085250 ], [ 4443250, 3085250 ], [ 4443350, 3085250 ], [ 4443450, 3085250 ], [ 4442350, 3085350 ], [ 4441950, 3085450 ], [ 4442450, 3085450 ] ] }, "geometry": { "type": "Polygon", "coordinates": [ [ [ 4442550.0, 3084350.0 ], [ 4442550.0, 3084450.0 ], [ 4442550.0, 3084550.0 ], [ 4442650.0, 3084650.0 ], [ 4442750.0, 3084750.0 ], [ 4442450.0, 3084950.0 ], [ 4442550.0, 3085050.0 ], [ 4442450.0, 3085150.0 ], [ 4441950.0, 3085450.0 ], [ 4442350.0, 3085350.0 ], [ 4442450.0, 3085450.0 ], [ 4442650.0, 3085250.0 ], [ 4442850.0, 3085150.0 ], [ 4442950.0, 3085250.0 ], [ 4443050.0, 3085250.0 ], [ 4443150.0, 3085250.0 ], [ 4443250.0, 3085250.0 ], [ 4443350.0, 3085250.0 ], [ 4443450.0, 3085250.0 ], [ 4443450.0, 3085150.0 ], [ 4443350.0, 3085150.0 ], [ 4443250.0, 3085150.0 ], [ 4443250.0, 3085050.0 ], [ 4443250.0, 3084950.0 ], [ 4443250.0, 3084850.0 ], [ 4443150.0, 3084850.0 ], [ 4443150.0, 3084750.0 ], [ 4443250.0, 3084650.0 ], [ 4443750.0, 3084750.0 ], [ 4443550.0, 3084450.0 ], [ 4443250.0, 3084550.0 ], [ 4443150.0, 3084650.0 ], [ 4443050.0, 3084650.0 ], [ 4443050.0, 3084550.0 ], [ 4443050.0, 3084450.0 ], [ 4442950.0, 3084450.0 ], [ 4442850.0, 3084450.0 ], [ 4442850.0, 3084350.0 ], [ 4442850.0, 3084150.0 ], [ 4442750.0, 3084150.0 ], [ 4442550.0, 3084250.0 ], [ 4442550.0, 3084350.0 ] ] ] } },
{ "type": "Feature", "properties": { "ID": "Bürgel_160745051_c0", "GEN": "Bürgel", "ARS": "160745051", "LAN": "Thüringen", "area": 0.22, "centroid": "POINT (4444112.121212 3093077.272727)", "DH_demand": 272.17861768891049, "total_demand_cells": 2061.7622776031494, "total_demand_area": 5290.6728515625, "share_DH": 8.702643777210012, "heat_density_DH": 1.2371755349495932, "heat_density": 24.048512961647727, "DH_supplied_households": 39.0, "DH_cells": [ [ 4444050, 3092450 ], [ 4444050, 3092550 ], [ 4444150, 3092550 ], [ 4443950, 3092650 ], [ 4443950, 3093150 ], [ 4444150, 3093450 ], [ 4444250, 3093650 ], [ 4444250, 3093750 ], [ 4444450, 3093750 ], [ 4444250, 3093850 ] ] }, "geometry": { "type": "Polygon", "coordinates": [ [ [ 4444050.0, 3092550.0 ], [ 4443950.0, 3092650.0 ], [ 4443950.0, 3093150.0 ], [ 4444150.0, 3093450.0 ], [ 4444250.0, 3093750.0 ], [ 4444250.0, 3093850.0 ], [ 4444450.0, 3093750.0 ], [ 4444250.0, 3093650.0 ], [ 4444150.0, 3092550.0 ], [ 4444050.0, 3092450.0 ], [ 4444050.0, 3092550.0 ] ] ] } },
{ "type": "Feature", "properties": { "ID": "Eisenberg_160745052_c0", "GEN": "Eisenberg", "ARS": "160745052", "LAN": "Thüringen", "area": 1.44, "centroid": "POINT (4453857.986111 3096608.449074)", "DH_demand": 6900.9137600411677, "total_demand_cells": 20505.093555569649, "total_demand_area": 51094.4296875, "share_DH": 22.847629884397765, "heat_density_DH": 4.7923012222508108, "heat_density": 35.482242838541666, "DH_supplied_households": 1637.0, "DH_cells": [ [ 4454550, 3095750 ], [ 4453350, 3096050 ], [ 4453550, 3096150 ], [ 4454450, 3096150 ], [ 4453850, 3096250 ], [ 4453950, 3096250 ], [ 4454050, 3096250 ], [ 4454550, 3096250 ], [ 4453450, 3096350 ], [ 4454550, 3096350 ], [ 4454150, 3096450 ], [ 4452950, 3096550 ], [ 4453050, 3096550 ], [ 4454050, 3096550 ], [ 4454150, 3096550 ], [ 4454650, 3096550 ], [ 4453650, 3096650 ], [ 4453750, 3096650 ], [ 4454150, 3096650 ], [ 4453350, 3096750 ], [ 4453450, 3096750 ], [ 4453750, 3096750 ], [ 4454050, 3096750 ], [ 4454250, 3096750 ], [ 4455050, 3096750 ], [ 4453150, 3096850 ], [ 4453250, 3096850 ], [ 4453350, 3096850 ], [ 4453450, 3096850 ], [ 4453750, 3096850 ], [ 4453850, 3096850 ], [ 4453950, 3096850 ], [ 4454050, 3096850 ], [ 4454150, 3096850 ], [ 4454250, 3096850 ], [ 4454350, 3096850 ], [ 4454550, 3096850 ], [ 4454750, 3096850 ], [ 4454850, 3096850 ], [ 4452850, 3096950 ], [ 4452950, 3096950 ], [ 4453050, 3096950 ], [ 4453150, 3096950 ], [ 4453250, 3096950 ], [ 4453350, 3096950 ], [ 4453450, 3096950 ], [ 4453550, 3096950 ], [ 4453850, 3096950 ], [ 4454050, 3096950 ], [ 4454450, 3096950 ], [ 4454550, 3096950 ], [ 4454750, 3096950 ], [ 4452650, 3097050 ], [ 4452850, 3097050 ], [ 4453050, 3097050 ], [ 4453150, 3097050 ], [ 4453250, 3097050 ], [ 4453350, 3097050 ], [ 4453450, 3097050 ], [ 4453550, 3097050 ], [ 4453950, 3097050 ], [ 4454050, 3097050 ], [ 4454950, 3097050 ], [ 4452850, 3097150 ], [ 4452950, 3097150 ], [ 4453250, 3097150 ], [ 4453550, 3097150 ], [ 4452850, 3097250 ], [ 4453050, 3097250 ] ] }, "geometry": { "type": "Polygon", "coordinates": [ [ [ 4453150.0, 3096850.0 ], [ 4453150.0, 3096950.0 ], [ 4453050.0, 3096950.0 ], [ 4452950.0, 3096950.0 ], [ 4452850.0, 3096950.0 ], [ 4452650.0, 3097050.0 ], [ 4452850.0, 3097150.0 ], [ 4452850.0, 3097250.0 ], [ 4453050.0, 3097250.0 ], [ 4453050.0, 3097050.0 ], [ 4453150.0, 3097050.0 ], [ 4453250.0, 3097150.0 ], [ 4453350.0, 3097050.0 ], [ 4453450.0, 3097050.0 ], [ 4453550.0, 3097050.0 ], [ 4453550.0, 3097150.0 ], [ 4453750.0, 3096850.0 ], [ 4453850.0, 3096850.0 ], [ 4453850.0, 3096950.0 ], [ 4453950.0, 3097050.0 ], [ 4454050.0, 3097050.0 ], [ 4454050.0, 3096950.0 ], [ 4454050.0, 3096850.0 ], [ 4454150.0, 3096850.0 ], [ 4454250.0, 3096850.0 ], [ 4454350.0, 3096850.0 ], [ 4454450.0, 3096950.0 ], [ 4454550.0, 3096950.0 ], [ 4454750.0, 3096950.0 ], [ 4454950.0, 3097050.0 ], [ 4454850.0, 3096850.0 ], [ 4455050.0, 3096750.0 ], [ 4454650.0, 3096550.0 ], [ 4454550.0, 3096350.0 ], [ 4454550.0, 3096250.0 ], [ 4454450.0, 3096150.0 ], [ 4454550.0, 3095750.0 ], [ 4454050.0, 3096250.0 ], [ 4453950.0, 3096250.0 ], [ 4453850.0, 3096250.0 ], [ 4453550.0, 3096150.0 ], [ 4453350.0, 3096050.0 ], [ 4453050.0, 3096550.0 ], [ 4452950.0, 3096550.0 ], [ 4453150.0, 3096850.0 ] ] ] } },
{ "type": "Feature", "properties": { "ID": "Bad Klosterlausnitz_160745053_c0", "GEN": "Bad Klosterlausnitz", "ARS": "160745053", "LAN": "Thüringen", "area": 0.175, "centroid": "POINT (4439815.714286 3088411.904762)", "DH_demand": 716.36817775576787, "total_demand_cells": 1745.1652045249939, "total_demand_area": 2481.675048828125, "share_DH": 48.831434438742626, "heat_density_DH": 4.0935324443186731, "heat_density": 14.181000279017857, "DH_supplied_households": 120.0, "DH_cells": [ [ 4439950, 3088050 ], [ 4440050, 3088050 ], [ 4439750, 3088150 ], [ 4439750, 3088250 ], [ 4439650, 3088350 ], [ 4439750, 3088350 ], [ 4439850, 3088350 ], [ 4439950, 3088350 ], [ 4440050, 3088350 ], [ 4439650, 3088450 ], [ 4439750, 3088450 ], [ 4439850, 3088450 ], [ 4439950, 3088450 ], [ 4440050, 3088450 ], [ 4439650, 3088550 ], [ 4439750, 3088550 ], [ 4439550, 3088850 ], [ 4439550, 3088950 ], [ 4439650, 3088950 ] ] }, "geometry": { "type": "Polygon", "coordinates": [ [ [ 4439650.0, 3088450.0 ], [ 4439650.0, 3088550.0 ], [ 4439550.0, 3088850.0 ], [ 4439550.0, 3088950.0 ], [ 4439650.0, 3088950.0 ], [ 4439750.0, 3088550.0 ], [ 4439750.0, 3088450.0 ], [ 4439850.0, 3088450.0 ], [ 4439950.0, 3088450.0 ], [ 4440050.0, 3088450.0 ], [ 4440050.0, 3088350.0 ], [ 4440050.0, 3088050.0 ], [ 4439950.0, 3088050.0 ], [ 4439750.0, 3088150.0 ], [ 4439750.0, 3088250.0 ], [ 4439750.0, 3088350.0 ], [ 4439650.0, 3088350.0 ], [ 4439650.0, 3088450.0 ] ] ] } },
{ "type": "Feature", "properties": { "ID": "Bad Klosterlausnitz_160745053_c1", "GEN": "Bad Klosterlausnitz", "ARS": "160745053", "LAN": "Thüringen", "area": 1.32, "centroid": "POINT (4452298.484848 3090956.439394)", "DH_demand": 1788.6697993292137, "total_demand_cells": 6733.4035432338715, "total_demand_area": 39479.30859375, "share_DH": 7.6642338385614117, "heat_density_DH": 1.3550528782797076, "heat_density": 29.908567116477279, "DH_supplied_households": 409.0, "DH_cells": [ [ 4450750, 3089450 ], [ 4450750, 3089550 ], [ 4450750, 3089650 ], [ 4450750, 3089750 ], [ 4450950, 3090050 ], [ 4451250, 3090250 ], [ 4451150, 3090350 ], [ 4451350, 3090350 ], [ 4451450, 3090350 ], [ 4452750, 3090550 ], [ 4453050, 3090550 ], [ 4451950, 3090650 ], [ 4452850, 3090650 ], [ 4453050, 3090650 ], [ 4453150, 3090650 ], [ 4452550, 3090950 ], [ 4452350, 3091050 ], [ 4452150, 3091150 ], [ 4452050, 3091350 ], [ 4452250, 3091450 ], [ 4452550, 3091450 ], [ 4452950, 3091450 ], [ 4452250, 3091550 ], [ 4453250, 3091650 ], [ 4453150, 3091850 ], [ 4453250, 3091850 ], [ 4453150, 3091950 ], [ 4452950, 3092150 ], [ 4453050, 3092150 ] ] }, "geometry": { "type": "Polygon", "coordinates": [ [ [ 4452850.0, 3090650.0 ], [ 4452750.0, 3090550.0 ], [ 4452550.0, 3090950.0 ], [ 4452350.0, 3091050.0 ], [ 4451950.0, 3090650.0 ], [ 4450750.0, 3089450.0 ], [ 4450750.0, 3089550.0 ], [ 4450750.0, 3089650.0 ], [ 4450750.0, 3089750.0 ], [ 4450950.0, 3090050.0 ], [ 4451150.0, 3090350.0 ], [ 4451250.0, 3090250.0 ], [ 4451350.0, 3090350.0 ], [ 4451450.0, 3090350.0 ], [ 4452150.0, 3091150.0 ], [ 4452050.0, 3091350.0 ], [ 4452250.0, 3091450.0 ], [ 4452250.0, 3091550.0 ], [ 4452550.0, 3091450.0 ], [ 4452950.0, 3092150.0 ], [ 4453050.0, 3092150.0 ], [ 4453150.0, 3091950.0 ], [ 4453150.0, 3091850.0 ], [ 4453250.0, 3091850.0 ], [ 4453250.0, 3091650.0 ], [ 4452950.0, 3091450.0 ], [ 4453150.0, 3090650.0 ], [ 4453050.0, 3090650.0 ], [ 4453050.0, 3090550.0 ], [ 4452850.0, 3090650.0 ] ] ] } },
{ "type": "Feature", "properties": { "ID": "Bad Lobenstein_160750062_c0", "GEN": "Bad Lobenstein", "ARS": "160750062", "LAN": "Thüringen", "area": 0.79, "centroid": "POINT (4437487.974684 3039098.523207)", "DH_demand": 4584.4073953070438, "total_demand_cells": 11206.027829885483, "total_demand_area": 27245.814453125, "share_DH": 28.463710948346133, "heat_density_DH": 5.8030473358317014, "heat_density": 34.48837272547469, "DH_supplied_households": 1129.0, "DH_cells": [ [ 4437150, 3038450 ], [ 4437550, 3038550 ], [ 4437450, 3038650 ], [ 4437050, 3038750 ], [ 4438150, 3038750 ], [ 4438150, 3038850 ], [ 4437350, 3039050 ], [ 4437450, 3039050 ], [ 4437350, 3039150 ], [ 4437450, 3039150 ], [ 4437850, 3039150 ], [ 4438150, 3039150 ], [ 4437150, 3039250 ], [ 4437250, 3039250 ], [ 4437350, 3039250 ], [ 4437450, 3039250 ], [ 4438050, 3039250 ], [ 4438150, 3039250 ], [ 4437050, 3039350 ], [ 4437150, 3039350 ], [ 4437250, 3039350 ], [ 4437350, 3039350 ], [ 4437450, 3039350 ], [ 4436850, 3039450 ], [ 4437050, 3039450 ], [ 4437150, 3039450 ], [ 4436950, 3039550 ], [ 4437050, 3039550 ], [ 4437150, 3039550 ], [ 4437450, 3039550 ], [ 4436950, 3039650 ], [ 4437050, 3039650 ], [ 4437450, 3039650 ], [ 4436850, 3039750 ], [ 4436950, 3039750 ], [ 4437250, 3039750 ], [ 4437450, 3039750 ], [ 4436850, 3039850 ], [ 4436950, 3039850 ], [ 4436750, 3040050 ], [ 4436950, 3040150 ] ] }, "geometry": { "type": "Polygon", "coordinates": [ [ [ 4436950.0, 3039550.0 ], [ 4436950.0, 3039650.0 ], [ 4436950.0, 3039750.0 ], [ 4436850.0, 3039750.0 ], [ 4436850.0, 3039850.0 ], [ 4436750.0, 3040050.0 ], [ 4436950.0, 3040150.0 ], [ 4436950.0, 3039850.0 ], [ 4437050.0, 3039650.0 ], [ 4437050.0, 3039550.0 ], [ 4437150.0, 3039550.0 ], [ 4437250.0, 3039750.0 ], [ 4437450.0, 3039750.0 ], [ 4437450.0, 3039650.0 ], [ 4437450.0, 3039550.0 ], [ 4437450.0, 3039350.0 ], [ 4437450.0, 3039250.0 ], [ 4437450.0, 3039150.0 ], [ 4437850.0, 3039150.0 ], [ 4438050.0, 3039250.0 ], [ 4438150.0, 3039250.0 ], [ 4438150.0, 3039150.0 ], [ 4438150.0, 3038850.0 ], [ 4438150.0, 3038750.0 ], [ 4437550.0, 3038550.0 ], [ 4437450.0, 3038650.0 ], [ 4437150.0, 3038450.0 ], [ 4437050.0, 3038750.0 ], [ 4437350.0, 3039050.0 ], [ 4437350.0, 3039150.0 ], [ 4437350.0, 3039250.0 ], [ 4437250.0, 3039250.0 ], [ 4437150.0, 3039250.0 ], [ 4437150.0, 3039350.0 ], [ 4437050.0, 3039350.0 ], [ 4437050.0, 3039450.0 ], [ 4436850.0, 3039450.0 ], [ 4436950.0, 3039550.0 ] ] ] } },
{ "type": "Feature", "properties": { "ID": "Bad Lobenstein_160750062_c1", "GEN": "Bad Lobenstein", "ARS": "160750062", "LAN": "Thüringen", "area": 0.015, "centroid": "POINT (4436316.666667 3041283.333333)", "DH_demand": 214.846642644914, "total_demand_cells": 611.68988037109375, "total_demand_area": 1250.2777099609375, "share_DH": 29.069006805209213, "heat_density_DH": 14.323109509660933, "heat_density": 83.351847330729171, "DH_supplied_households": 19.0, "DH_cells": [ [ 4436350, 3041150 ], [ 4436250, 3041250 ], [ 4436350, 3041450 ] ] }, "geometry": { "type": "Polygon", "coordinates": [ [ [ 4436250.0, 3041250.0 ], [ 4436350.0, 3041450.0 ], [ 4436350.0, 3041150.0 ], [ 4436250.0, 3041250.0 ] ] ] } },
{ "type": "Feature", "properties": { "ID": "Pößneck_160750085_c0", "GEN": "Pößneck", "ARS": "160750085", "LAN": "Thüringen", "area": 1.56, "centroid": "POINT (4433813.888889 3066364.316239)", "DH_demand": 4573.6429842323478, "total_demand_cells": 15648.208206176758, "total_demand_area": 53755.2734375, "share_DH": 14.392932751406756, "heat_density_DH": 2.9318224257899668, "heat_density": 34.458508613782058, "DH_supplied_households": 1586.0, "DH_cells": [ [ 4433650, 3065350 ], [ 4433850, 3065350 ], [ 4433950, 3065550 ], [ 4434050, 3065550 ], [ 4434050, 3065650 ], [ 4433850, 3065750 ], [ 4434250, 3065750 ], [ 4433450, 3065850 ], [ 4433650, 3065850 ], [ 4433950, 3065850 ], [ 4434250, 3065850 ], [ 4433150, 3065950 ], [ 4433550, 3065950 ], [ 4433650, 3065950 ], [ 4434550, 3065950 ], [ 4433550, 3066050 ], [ 4433650, 3066050 ], [ 4433750, 3066050 ], [ 4434150, 3066050 ], [ 4434250, 3066050 ], [ 4434350, 3066050 ], [ 4434350, 3066150 ], [ 4434450, 3066150 ], [ 4434550, 3066150 ], [ 4434650, 3066150 ], [ 4434750, 3066150 ], [ 4434850, 3066150 ], [ 4434950, 3066150 ], [ 4433050, 3066250 ], [ 4434350, 3066250 ], [ 4434450, 3066250 ], [ 4434650, 3066250 ], [ 4434750, 3066250 ], [ 4434850, 3066250 ], [ 4434950, 3066250 ], [ 4433050, 3066350 ], [ 4433650, 3066350 ], [ 4434450, 3066350 ], [ 4434850, 3066350 ], [ 4434950, 3066350 ], [ 4433750, 3066450 ], [ 4433850, 3066450 ], [ 4434550, 3066450 ], [ 4434850, 3066450 ], [ 4434950, 3066450 ], [ 4434150, 3066550 ], [ 4433250, 3066650 ], [ 4433350, 3066650 ], [ 4434950, 3066650 ], [ 4434050, 3067050 ], [ 4433550, 3067250 ], [ 4433650, 3067250 ], [ 4433750, 3067250 ], [ 4433550, 3067350 ], [ 4433250, 3067550 ], [ 4433350, 3067650 ] ] }, "geometry": { "type": "Polygon", "coordinates": [ [ [ 4433050.0, 3066250.0 ], [ 4433050.0, 3066350.0 ], [ 4433250.0, 3066650.0 ], [ 4433350.0, 3066650.0 ], [ 4433550.0, 3067250.0 ], [ 4433550.0, 3067350.0 ], [ 4433250.0, 3067550.0 ], [ 4433350.0, 3067650.0 ], [ 4433650.0, 3067250.0 ], [ 4433750.0, 3067250.0 ], [ 4434050.0, 3067050.0 ], [ 4434150.0, 3066550.0 ], [ 4434350.0, 3066250.0 ], [ 4434450.0, 3066250.0 ], [ 4434450.0, 3066350.0 ], [ 4434550.0, 3066450.0 ], [ 4434650.0, 3066250.0 ], [ 4434750.0, 3066250.0 ], [ 4434850.0, 3066250.0 ], [ 4434850.0, 3066350.0 ], [ 4434850.0, 3066450.0 ], [ 4434950.0, 3066650.0 ], [ 4434950.0, 3066450.0 ], [ 4434950.0, 3066350.0 ], [ 4434950.0, 3066250.0 ], [ 4434950.0, 3066150.0 ], [ 4434850.0, 3066150.0 ], [ 4434750.0, 3066150.0 ], [ 4434650.0, 3066150.0 ], [ 4434550.0, 3066150.0 ], [ 4434550.0, 3065950.0 ], [ 4434350.0, 3066050.0 ], [ 4434250.0, 3066050.0 ], [ 4434250.0, 3065850.0 ], [ 4434250.0, 3065750.0 ], [ 4434050.0, 3065650.0 ], [ 4434050.0, 3065550.0 ], [ 4433950.0, 3065550.0 ], [ 4433850.0, 3065350.0 ], [ 4433650.0, 3065350.0 ], [ 4433850.0, 3065750.0 ], [ 4433650.0, 3065850.0 ], [ 4433650.0, 3065950.0 ], [ 4433550.0, 3065950.0 ], [ 4433450.0, 3065850.0 ], [ 4433150.0, 3065950.0 ], [ 4433050.0, 3066250.0 ] ] ] } },
{ "type": "Feature", "properties": { "ID": "Schleiz_160750098_c0", "GEN": "Schleiz", "ARS": "160750098", "LAN": "Thüringen", "area": 0.965, "centroid": "POINT (4449161.226252 3053261.398964)", "DH_demand": 3614.4590069247797, "total_demand_cells": 13532.150124788284, "total_demand_area": 33087.546875, "share_DH": 18.479356537645046, "heat_density_DH": 3.745553375051585, "heat_density": 34.287613341968914, "DH_supplied_households": 815.0, "DH_cells": [ [ 4447950, 3052450 ], [ 4448050, 3052450 ], [ 4448150, 3052450 ], [ 4449250, 3052450 ], [ 4449350, 3052450 ], [ 4447950, 3052550 ], [ 4448050, 3052550 ], [ 4448150, 3052550 ], [ 4448250, 3052550 ], [ 4448450, 3052550 ], [ 4449250, 3052550 ], [ 4449350, 3052550 ], [ 4448250, 3052650 ], [ 4448450, 3052650 ], [ 4449250, 3052650 ], [ 4449350, 3052650 ], [ 4448150, 3052750 ], [ 4448350, 3052750 ], [ 4449250, 3052750 ], [ 4449350, 3052750 ], [ 4448450, 3052850 ], [ 4449250, 3052950 ], [ 4449450, 3052950 ], [ 4449550, 3052950 ], [ 4448550, 3053050 ], [ 4449150, 3053050 ], [ 4449550, 3053050 ], [ 4448750, 3053150 ], [ 4450050, 3053150 ], [ 4448950, 3053250 ], [ 4449150, 3053250 ], [ 4449550, 3053250 ], [ 4450150, 3053250 ], [ 4449050, 3053350 ], [ 4449350, 3053350 ], [ 4449450, 3053350 ], [ 4449650, 3053350 ], [ 4448950, 3053450 ], [ 4449050, 3053450 ], [ 4449250, 3053450 ], [ 4449350, 3053450 ], [ 4449450, 3053450 ], [ 4449050, 3053550 ], [ 4449750, 3053550 ], [ 4448950, 3053650 ], [ 4449050, 3053650 ], [ 4449650, 3053650 ], [ 4449750, 3053650 ], [ 4449350, 3053850 ], [ 4449150, 3053950 ], [ 4449350, 3053950 ], [ 4449450, 3053950 ], [ 4449450, 3054150 ], [ 4449550, 3054150 ], [ 4449350, 3054250 ], [ 4449450, 3054250 ], [ 4449450, 3054350 ], [ 4449550, 3054350 ] ] }, "geometry": { "type": "Polygon", "coordinates": [ [ [ 4449250.0, 3052450.0 ], [ 4449250.0, 3052550.0 ], [ 4449250.0, 3052650.0 ], [ 4449250.0, 3052750.0 ], [ 4449250.0, 3052950.0 ], [ 4449150.0, 3053050.0 ], [ 4448450.0, 3052650.0 ], [ 4448450.0, 3052550.0 ], [ 4448250.0, 3052550.0 ], [ 4448150.0, 3052450.0 ], [ 4448050.0, 3052450.0 ], [ 4447950.0, 3052450.0 ], [ 4447950.0, 3052550.0 ], [ 4448050.0, 3052550.0 ], [ 4448150.0, 3052550.0 ], [ 4448250.0, 3052650.0 ], [ 4448150.0, 3052750.0 ], [ 4448350.0, 3052750.0 ], [ 4448450.0, 3052850.0 ], [ 4448550.0, 3053050.0 ], [ 4448750.0, 3053150.0 ], [ 4448950.0, 3053250.0 ], [ 4449050.0, 3053350.0 ], [ 4449050.0, 3053450.0 ], [ 4448950.0, 3053450.0 ], [ 4448950.0, 3053650.0 ], [ 4449050.0, 3053650.0 ], [ 4449150.0, 3053950.0 ], [ 4449350.0, 3053950.0 ], [ 4449350.0, 3054250.0 ], [ 4449450.0, 3054250.0 ], [ 4449450.0, 3054350.0 ], [ 4449550.0, 3054350.0 ], [ 4449550.0, 3054150.0 ], [ 4449450.0, 3054150.0 ], [ 4449450.0, 3053950.0 ], [ 4449350.0, 3053850.0 ], [ 4449650.0, 3053650.0 ], [ 4449750.0, 3053650.0 ], [ 4449750.0, 3053550.0 ], [ 4449650.0, 3053350.0 ], [ 4450150.0, 3053250.0 ], [ 4450050.0, 3053150.0 ], [ 4449550.0, 3053250.0 ], [ 4449550.0, 3053050.0 ], [ 4449550.0, 3052950.0 ], [ 4449450.0, 3052950.0 ], [ 4449350.0, 3052750.0 ], [ 4449350.0, 3052650.0 ], [ 4449350.0, 3052550.0 ], [ 4449350.0, 3052450.0 ], [ 4449250.0, 3052450.0 ] ] ] } },
{ "type": "Feature", "properties": { "ID": "Gefell_160750131_c0", "GEN": "Gefell", "ARS": "160750131", "LAN": "Thüringen", "area": 0.18, "centroid": "POINT (4452950 3037916.666667)", "DH_demand": 126.07914021998407, "total_demand_cells": 620.17245483398438, "total_demand_area": 5209.34765625, "share_DH": 4.0941901334935613, "heat_density_DH": 0.70043966788880041, "heat_density": 28.940820312500001, "DH_supplied_households": 26.0, "DH_cells": [ [ 4452750, 3037450 ], [ 4453150, 3037850 ], [ 4452850, 3038150 ], [ 4453050, 3038350 ] ] }, "geometry": { "type": "Polygon", "coordinates": [ [ [ 4452750.0, 3037450.0 ], [ 4452850.0, 3038150.0 ], [ 4453050.0, 3038350.0 ], [ 4453150.0, 3037850.0 ], [ 4452750.0, 3037450.0 ] ] ] } },
{ "type": "Feature", "properties": { "ID": "Tanna_160750132_c0", "GEN": "Tanna", "ARS": "160750132", "LAN": "Thüringen", "area": 0.5, "centroid": "POINT (4453363 3044211)", "DH_demand": 2930.2461802436505, "total_demand_cells": 8775.921537399292, "total_demand_area": 12011.5703125, "share_DH": 41.267905876821402, "heat_density_DH": 5.8604923604873012, "heat_density": 24.023140625, "DH_supplied_households": 385.0, "DH_cells": [ [ 4454250, 3043450 ], [ 4454150, 3043550 ], [ 4454250, 3043650 ], [ 4454350, 3043650 ], [ 4454550, 3043650 ], [ 4453650, 3043750 ], [ 4452750, 3043850 ], [ 4452650, 3043950 ], [ 4452750, 3043950 ], [ 4452850, 3043950 ], [ 4453650, 3043950 ], [ 4452550, 3044050 ], [ 4452650, 3044050 ], [ 4452750, 3044050 ], [ 4453250, 3044050 ], [ 4453550, 3044050 ], [ 4452650, 3044150 ], [ 4452750, 3044150 ], [ 4452850, 3044150 ], [ 4452950, 3044150 ], [ 4453050, 3044150 ], [ 4453150, 3044150 ], [ 4453250, 3044150 ], [ 4453350, 3044150 ], [ 4453450, 3044150 ], [ 4453550, 3044150 ], [ 4452850, 3044250 ], [ 4453350, 3044250 ], [ 4453450, 3044250 ], [ 4452850, 3044350 ], [ 4452950, 3044350 ], [ 4453050, 3044350 ], [ 4453450, 3044350 ], [ 4453550, 3044350 ], [ 4452850, 3044450 ], [ 4452950, 3044450 ], [ 4453050, 3044450 ], [ 4452950, 3044550 ], [ 4452950, 3044650 ], [ 4453050, 3044650 ], [ 4453050, 3044750 ], [ 4452750, 3045050 ], [ 4452850, 3045050 ], [ 4452650, 3045150 ], [ 4452750, 3045150 ], [ 4452950, 3045150 ], [ 4453050, 3045250 ] ] }, "geometry": { "type": "Polygon", "coordinates": [ [ [ 4452750.0, 3043950.0 ], [ 4452650.0, 3043950.0 ], [ 4452550.0, 3044050.0 ], [ 4452650.0, 3044150.0 ], [ 4452750.0, 3044150.0 ], [ 4452850.0, 3044150.0 ], [ 4452850.0, 3044250.0 ], [ 4452850.0, 3044350.0 ], [ 4452850.0, 3044450.0 ], [ 4452950.0, 3044450.0 ], [ 4452950.0, 3044550.0 ], [ 4452950.0, 3044650.0 ], [ 4452750.0, 3045050.0 ], [ 4452650.0, 3045150.0 ], [ 4452750.0, 3045150.0 ], [ 4452850.0, 3045050.0 ], [ 4452950.0, 3045150.0 ], [ 4453050.0, 3045250.0 ], [ 4453050.0, 3044750.0 ], [ 4453050.0, 3044650.0 ], [ 4453050.0, 3044450.0 ], [ 4453050.0, 3044350.0 ], [ 4453250.0, 3044150.0 ], [ 4453350.0, 3044250.0 ], [ 4453450.0, 3044250.0 ], [ 4453450.0, 3044350.0 ], [ 4453550.0, 3044350.0 ], [ 4453550.0, 3044150.0 ], [ 4453550.0, 3044050.0 ], [ 4454550.0, 3043650.0 ], [ 4454350.0, 3043650.0 ], [ 4454250.0, 3043650.0 ], [ 4454250.0, 3043450.0 ], [ 4454150.0, 3043550.0 ], [ 4453650.0, 3043750.0 ], [ 4453650.0, 3043950.0 ], [ 4453350.0, 3044150.0 ], [ 4453250.0, 3044050.0 ], [ 4453150.0, 3044150.0 ], [ 4453050.0, 3044150.0 ], [ 4452950.0, 3044150.0 ], [ 4452750.0, 3044050.0 ], [ 4452850.0, 3043950.0 ], [ 4452750.0, 3043850.0 ], [ 4452750.0, 3043950.0 ] ] ] } },
{ "type": "Feature", "properties": { "ID": "Saalburg-Ebersdorf_160750135_c0", "GEN": "Saalburg-Ebersdorf", "ARS": "160750135", "LAN": "Thüringen", "area": 0.09, "centroid": "POINT (4439194.444444 3042542.592593)", "DH_demand": 175.26817508904062, "total_demand_cells": 1217.3065185546875, "total_demand_area": 2806.552978515625, "share_DH": 10.564232016239261, "heat_density_DH": 1.9474241676560069, "heat_density": 31.183921983506945, "DH_supplied_households": 24.0, "DH_cells": [ [ 4438950, 3042350 ], [ 4439350, 3042450 ], [ 4439050, 3042550 ], [ 4439250, 3042750 ], [ 4439350, 3042750 ] ] }, "geometry": { "type": "Polygon", "coordinates": [ [ [ 4438950.0, 3042350.0 ], [ 4439050.0, 3042550.0 ], [ 4439250.0, 3042750.0 ], [ 4439350.0, 3042750.0 ], [ 4439350.0, 3042450.0 ], [ 4438950.0, 3042350.0 ] ] ] } },
{ "type": "Feature", "properties": { "ID": "Rosenthal am Rennsteig_160750136_c2", "GEN": "Rosenthal am Rennsteig", "ARS": "160750136", "LAN": "Thüringen", "area": 0.09, "centroid": "POINT (4440651.851852 3035318.518519)", "DH_demand": 249.60075412819046, "total_demand_cells": 1409.3098220825195, "total_demand_area": 4266.34228515625, "share_DH": 9.8968800871663536, "heat_density_DH": 2.7733417125354496, "heat_density": 47.403803168402774, "DH_supplied_households": 31.0, "DH_cells": [ [ 4440850, 3035050 ], [ 4440550, 3035250 ], [ 4440650, 3035350 ], [ 4440850, 3035350 ], [ 4440350, 3035750 ] ] }, "geometry": { "type": "Polygon", "coordinates": [ [ [ 4440350.0, 3035750.0 ], [ 4440650.0, 3035350.0 ], [ 4440850.0, 3035350.0 ], [ 4440850.0, 3035050.0 ], [ 4440550.0, 3035250.0 ], [ 4440350.0, 3035750.0 ] ] ] } },
{ "type": "Feature", "properties": { "ID": "Rosenthal am Rennsteig_160750136_c3", "GEN": "Rosenthal am Rennsteig", "ARS": "160750136", "LAN": "Thüringen", "area": 0.045, "centroid": "POINT (4434694.444444 3037383.333333)", "DH_demand": 178.86323012052972, "total_demand_cells": 778.20709228515625, "total_demand_area": 3148.741455078125, "share_DH": 9.6093094281910965, "heat_density_DH": 3.9747384471228826, "heat_density": 69.972032335069443, "DH_supplied_households": 16.0, "DH_cells": [ [ 4434350, 3037250 ], [ 4434550, 3037250 ], [ 4434550, 3037350 ], [ 4434950, 3037550 ], [ 4435050, 3037550 ] ] }, "geometry": { "type": "Polygon", "coordinates": [ [ [ 4434350.0, 3037250.0 ], [ 4434550.0, 3037350.0 ], [ 4434950.0, 3037550.0 ], [ 4435050.0, 3037550.0 ], [ 4434550.0, 3037250.0 ], [ 4434350.0, 3037250.0 ] ] ] } },
{ "type": "Feature", "properties": { "ID": "Triptis_160755011_c0", "GEN": "Triptis", "ARS": "160755011", "LAN": "Thüringen", "area": 0.05, "centroid": "POINT (4452466.666667 3071056.666667)", "DH_demand": 165.44555948595686, "total_demand_cells": 1446.4144732356071, "total_demand_area": 4665.70751953125, "share_DH": 5.9985421582495579, "heat_density_DH": 3.3089111897191379, "heat_density": 93.314150390625016, "DH_supplied_households": 24.0, "DH_cells": [ [ 4452850, 3070450 ], [ 4452550, 3070850 ], [ 4452550, 3070950 ], [ 4452450, 3071050 ], [ 4452550, 3071050 ], [ 4452250, 3071350 ], [ 4452250, 3071450 ], [ 4452250, 3071550 ] ] }, "geometry": { "type": "Polygon", "coordinates": [ [ [ 4452250.0, 3071350.0 ], [ 4452250.0, 3071450.0 ], [ 4452250.0, 3071550.0 ], [ 4452450.0, 3071050.0 ], [ 4452550.0, 3071050.0 ], [ 4452550.0, 3070950.0 ], [ 4452850.0, 3070450.0 ], [ 4452550.0, 3070850.0 ], [ 4452250.0, 3071350.0 ] ] ] } },
{ "type": "Feature", "properties": { "ID": "Triptis_160755011_c1", "GEN": "Triptis", "ARS": "160755011", "LAN": "Thüringen", "area": 0.05, "centroid": "POINT (4453336.666667 3071156.666667)", "DH_demand": 148.29394274488658, "total_demand_cells": 1001.8650665283203, "total_demand_area": 2238.921875, "share_DH": 11.204502639322431, "heat_density_DH": 2.9658788548977322, "heat_density": 44.7784375, "DH_supplied_households": 50.0, "DH_cells": [ [ 4453250, 3070950 ], [ 4453350, 3071050 ], [ 4453250, 3071150 ], [ 4453450, 3071150 ], [ 4453150, 3071250 ], [ 4453550, 3071250 ] ] }, "geometry": { "type": "Polygon", "coordinates": [ [ [ 4453250.0, 3071150.0 ], [ 4453150.0, 3071250.0 ], [ 4453550.0, 3071250.0 ], [ 4453450.0, 3071150.0 ], [ 4453350.0, 3071050.0 ], [ 4453250.0, 3070950.0 ], [ 4453250.0, 3071150.0 ] ] ] } },
{ "type": "Feature", "properties": { "ID": "Neustadt an der Orla_160755050_c2", "GEN": "Neustadt an der Orla", "ARS": "160755050", "LAN": "Thüringen", "area": 1.135, "centroid": "POINT (4444145.594714 3070874.669604)", "DH_demand": 3490.1504973074743, "total_demand_cells": 8530.2089214324951, "total_demand_area": 42197.73046875, "share_DH": 13.99146438430548, "heat_density_DH": 3.0750224645880833, "heat_density": 37.1786171530837, "DH_supplied_households": 977.0, "DH_cells": [ [ 4444550, 3070050 ], [ 4444350, 3070250 ], [ 4444650, 3070250 ], [ 4444750, 3070250 ], [ 4444850, 3070250 ], [ 4444650, 3070350 ], [ 4444750, 3070350 ], [ 4444850, 3070350 ], [ 4444250, 3070450 ], [ 4444750, 3070450 ], [ 4444850, 3070450 ], [ 4444450, 3070550 ], [ 4444550, 3070550 ], [ 4444650, 3070550 ], [ 4444750, 3070550 ], [ 4443850, 3070650 ], [ 4444750, 3070650 ], [ 4443950, 3070750 ], [ 4444050, 3070750 ], [ 4444850, 3070750 ], [ 4443350, 3070850 ], [ 4444950, 3070850 ], [ 4443250, 3070950 ], [ 4444550, 3071050 ], [ 4444550, 3071250 ], [ 4443550, 3071450 ], [ 4443650, 3071450 ] ] }, "geometry": { "type": "Polygon", "coordinates": [ [ [ 4443250.0, 3070950.0 ], [ 4443550.0, 3071450.0 ], [ 4443650.0, 3071450.0 ], [ 4444550.0, 3071250.0 ], [ 4444550.0, 3071050.0 ], [ 4444950.0, 3070850.0 ], [ 4444850.0, 3070750.0 ], [ 4444750.0, 3070650.0 ], [ 4444750.0, 3070550.0 ], [ 4444750.0, 3070450.0 ], [ 4444850.0, 3070450.0 ], [ 4444850.0, 3070350.0 ], [ 4444850.0, 3070250.0 ], [ 4444750.0, 3070250.0 ], [ 4444650.0, 3070250.0 ], [ 4444550.0, 3070050.0 ], [ 4444350.0, 3070250.0 ], [ 4444250.0, 3070450.0 ], [ 4444050.0, 3070750.0 ], [ 4443950.0, 3070750.0 ], [ 4443850.0, 3070650.0 ], [ 4443350.0, 3070850.0 ], [ 4443250.0, 3070950.0 ] ] ] } },
{ "type": "Feature", "properties": { "ID": "Greiz_160760022_c0", "GEN": "Greiz", "ARS": "160760022", "LAN": "Thüringen", "area": 0.47, "centroid": "POINT (4475516.312057 3060458.510638)", "DH_demand": 365.60005715076346, "total_demand_cells": 1346.4967641830444, "total_demand_area": 4495.9462890625, "share_DH": 13.756034342840703, "heat_density_DH": 0.77787246202290095, "heat_density": 9.5658431682180858, "DH_supplied_households": 43.0, "DH_cells": [ [ 4475650, 3059750 ], [ 4475350, 3059850 ], [ 4475550, 3059950 ], [ 4475650, 3059950 ], [ 4475650, 3060250 ], [ 4475950, 3060550 ], [ 4475350, 3060950 ], [ 4475550, 3060950 ], [ 4474850, 3061050 ], [ 4475150, 3061050 ], [ 4474950, 3061150 ] ] }, "geometry": { "type": "Polygon", "coordinates": [ [ [ 4475350.0, 3060950.0 ], [ 4474850.0, 3061050.0 ], [ 4474950.0, 3061150.0 ], [ 4475150.0, 3061050.0 ], [ 4475550.0, 3060950.0 ], [ 4475950.0, 3060550.0 ], [ 4475650.0, 3060250.0 ], [ 4475650.0, 3059950.0 ], [ 4475650.0, 3059750.0 ], [ 4475350.0, 3059850.0 ], [ 4475350.0, 3060950.0 ] ] ] } },
{ "type": "Feature", "properties": { "ID": "Greiz_160760022_c1", "GEN": "Greiz", "ARS": "160760022", "LAN": "Thüringen", "area": 2.97, "centroid": "POINT (4477641.358025 3062977.384961)", "DH_demand": 4368.8943364407678, "total_demand_cells": 19189.215965747833, "total_demand_area": 79547.65625, "share_DH": 9.2907818665025843, "heat_density_DH": 1.4710081940878008, "heat_density": 26.783722643097647, "DH_supplied_households": 874.0, "DH_cells": [ [ 4477850, 3061650 ], [ 4478350, 3061750 ], [ 4477950, 3062150 ], [ 4476550, 3062350 ], [ 4478550, 3062350 ], [ 4477650, 3062450 ], [ 4478450, 3062450 ], [ 4478750, 3062450 ], [ 4476750, 3062550 ], [ 4477050, 3062550 ], [ 4476150, 3062750 ], [ 4476850, 3062750 ], [ 4477050, 3062750 ], [ 4478750, 3062750 ], [ 4476450, 3062850 ], [ 4476650, 3062850 ], [ 4476750, 3062850 ], [ 4476850, 3062850 ], [ 4477050, 3062850 ], [ 4477250, 3062850 ], [ 4477550, 3062850 ], [ 4476550, 3062950 ], [ 4477150, 3062950 ], [ 4476650, 3063050 ], [ 4476950, 3063050 ], [ 4477550, 3063050 ], [ 4476950, 3063150 ], [ 4477250, 3063150 ], [ 4477450, 3063150 ], [ 4476250, 3063250 ], [ 4476350, 3063250 ], [ 4476950, 3063250 ], [ 4477250, 3063250 ], [ 4476650, 3063450 ], [ 4477250, 3063450 ], [ 4477450, 3063450 ], [ 4477150, 3063550 ], [ 4477250, 3063550 ], [ 4477550, 3063550 ], [ 4476950, 3063650 ], [ 4477050, 3063650 ], [ 4477150, 3063650 ], [ 4477250, 3063650 ], [ 4477950, 3063650 ], [ 4478150, 3063650 ], [ 4477150, 3063750 ], [ 4477250, 3063750 ], [ 4477350, 3063750 ], [ 4477150, 3063850 ], [ 4477250, 3063850 ], [ 4477350, 3063850 ], [ 4477550, 3063850 ], [ 4477650, 3063850 ], [ 4477350, 3063950 ], [ 4477450, 3063950 ], [ 4477950, 3063950 ], [ 4478050, 3063950 ], [ 4478250, 3063950 ], [ 4478450, 3064350 ], [ 4478450, 3064450 ] ] }, "geometry": { "type": "Polygon", "coordinates": [ [ [ 4476150.0, 3062750.0 ], [ 4476450.0, 3062850.0 ], [ 4476550.0, 3062950.0 ], [ 4476250.0, 3063250.0 ], [ 4476350.0, 3063250.0 ], [ 4476650.0, 3063450.0 ], [ 4476950.0, 3063650.0 ], [ 4477050.0, 3063650.0 ], [ 4477150.0, 3063650.0 ], [ 4477150.0, 3063750.0 ], [ 4477150.0, 3063850.0 ], [ 4477250.0, 3063850.0 ], [ 4477350.0, 3063850.0 ], [ 4477350.0, 3063950.0 ], [ 4477450.0, 3063950.0 ], [ 4477550.0, 3063850.0 ], [ 4477650.0, 3063850.0 ], [ 4477950.0, 3063950.0 ], [ 4478450.0, 3064450.0 ], [ 4478450.0, 3064350.0 ], [ 4478250.0, 3063950.0 ], [ 4478050.0, 3063950.0 ], [ 4477950.0, 3063650.0 ], [ 4478150.0, 3063650.0 ], [ 4478750.0, 3062750.0 ], [ 4478750.0, 3062450.0 ], [ 4478550.0, 3062350.0 ], [ 4478350.0, 3061750.0 ], [ 4477850.0, 3061650.0 ], [ 4477950.0, 3062150.0 ], [ 4477650.0, 3062450.0 ], [ 4477550.0, 3062850.0 ], [ 4477250.0, 3062850.0 ], [ 4477150.0, 3062950.0 ], [ 4477050.0, 3062850.0 ], [ 4477050.0, 3062750.0 ], [ 4477050.0, 3062550.0 ], [ 4476750.0, 3062550.0 ], [ 4476550.0, 3062350.0 ], [ 4476150.0, 3062750.0 ] ] ] } },
{ "type": "Feature", "properties": { "ID": "Ronneburg_160760061_c0", "GEN": "Ronneburg", "ARS": "160760061", "LAN": "Thüringen", "area": 0.275, "centroid": "POINT (4474620.30303 3085769.393939)", "DH_demand": 321.00111257800108, "total_demand_cells": 3169.6361618041992, "total_demand_area": 13750.9150390625, "share_DH": 3.9489628636842298, "heat_density_DH": 1.1672767730109133, "heat_density": 50.003327414772741, "DH_supplied_households": 48.0, "DH_cells": [ [ 4474450, 3085050 ], [ 4474250, 3085150 ], [ 4474350, 3085550 ], [ 4474550, 3085650 ], [ 4474450, 3085750 ], [ 4474350, 3085850 ], [ 4474750, 3085850 ], [ 4474650, 3085950 ], [ 4474750, 3086050 ], [ 4475150, 3086150 ], [ 4474850, 3086350 ], [ 4474950, 3086450 ] ] }, "geometry": { "type": "Polygon", "coordinates": [ [ [ 4474250.0, 3085150.0 ], [ 4474350.0, 3085550.0 ], [ 4474450.0, 3085750.0 ], [ 4474350.0, 3085850.0 ], [ 4474650.0, 3085950.0 ], [ 4474850.0, 3086350.0 ], [ 4474950.0, 3086450.0 ], [ 4475150.0, 3086150.0 ], [ 4474750.0, 3086050.0 ], [ 4474750.0, 3085850.0 ], [ 4474550.0, 3085650.0 ], [ 4474450.0, 3085050.0 ], [ 4474250.0, 3085150.0 ] ] ] } },
{ "type": "Feature", "properties": { "ID": "Auma-Weidatal_160760092_c0", "GEN": "Auma-Weidatal", "ARS": "160760092", "LAN": "Thüringen", "area": 0.415, "centroid": "POINT (4455038.75502 3067119.477912)", "DH_demand": 232.35767423917957, "total_demand_cells": 2025.5362071990967, "total_demand_area": 8965.318359375, "share_DH": 4.3842914392176286, "heat_density_DH": 0.5598980102148905, "heat_density": 21.603176769578312, "DH_supplied_households": 34.0, "DH_cells": [ [ 4454950, 3066650 ], [ 4454850, 3066750 ], [ 4455250, 3066850 ], [ 4455150, 3066950 ], [ 4455250, 3066950 ], [ 4455350, 3067050 ], [ 4454650, 3067150 ], [ 4455350, 3067150 ], [ 4454850, 3067450 ], [ 4455450, 3067450 ] ] }, "geometry": { "type": "Polygon", "coordinates": [ [ [ 4454650.0, 3067150.0 ], [ 4454850.0, 3067450.0 ], [ 4455450.0, 3067450.0 ], [ 4455350.0, 3067150.0 ], [ 4455350.0, 3067050.0 ], [ 4455250.0, 3066950.0 ], [ 4455250.0, 3066850.0 ], [ 4454950.0, 3066650.0 ], [ 4454850.0, 3066750.0 ], [ 4454650.0, 3067150.0 ] ] ] } },
{ "type": "Feature", "properties": { "ID": "Berga-Wünschendorf_160760094_c1", "GEN": "Berga-Wünschendorf", "ARS": "160760094", "LAN": "Thüringen", "area": 0.14, "centroid": "POINT (4469021.428571 3078473.809524)", "DH_demand": 284.3624132188221, "total_demand_cells": 1050.5082321166992, "total_demand_area": 3541.08251953125, "share_DH": 13.584518653082611, "heat_density_DH": 2.0311600944201582, "heat_density": 25.293446568080363, "DH_supplied_households": 63.0, "DH_cells": [ [ 4468550, 3078350 ], [ 4468650, 3078350 ], [ 4468750, 3078350 ], [ 4469250, 3078350 ], [ 4469150, 3078550 ], [ 4469050, 3078650 ], [ 4469350, 3078750 ] ] }, "geometry": { "type": "Polygon", "coordinates": [ [ [ 4468750.0, 3078350.0 ], [ 4468650.0, 3078350.0 ], [ 4468550.0, 3078350.0 ], [ 4469050.0, 3078650.0 ], [ 4469150.0, 3078550.0 ], [ 4469350.0, 3078750.0 ], [ 4469250.0, 3078350.0 ], [ 4468750.0, 3078350.0 ] ] ] } },
{ "type": "Feature", "properties": { "ID": "Ländereck_160765004_c0", "GEN": "Ländereck", "ARS": "160765004", "LAN": "Thüringen", "area": 0.005, "centroid": "POINT (4478650 3079283.333333)", "DH_demand": 168.82901760240097, "total_demand_cells": 390.64344024658203, "total_demand_area": 659.97705078125, "share_DH": 43.273933156226583, "heat_density_DH": 33.765803520480191, "heat_density": 131.99541015624999, "DH_supplied_households": 9.0, "DH_cells": [ [ 4478550, 3079250 ], [ 4478650, 3079250 ], [ 4478750, 3079350 ] ] }, "geometry": { "type": "Polygon", "coordinates": [ [ [ 4478550.0, 3079250.0 ], [ 4478750.0, 3079350.0 ], [ 4478650.0, 3079250.0 ], [ 4478550.0, 3079250.0 ] ] ] } },
{ "type": "Feature", "properties": { "ID": "Münchenbernsdorf_160765006_c0", "GEN": "Münchenbernsdorf", "ARS": "160765006", "LAN": "Thüringen", "area": 0.105, "centroid": "POINT (4457023.015873 3080572.222222)", "DH_demand": 319.75128393574357, "total_demand_cells": 1406.3321571350098, "total_demand_area": 6209.9326171875, "share_DH": 8.7103081583352466, "heat_density_DH": 3.0452503231975578, "heat_density": 59.142215401785712, "DH_supplied_households": 33.0, "DH_cells": [ [ 4457450, 3080150 ], [ 4457350, 3080250 ], [ 4456950, 3080450 ], [ 4457050, 3080450 ], [ 4456850, 3080550 ], [ 4456850, 3080950 ] ] }, "geometry": { "type": "Polygon", "coordinates": [ [ [ 4456850.0, 3080550.0 ], [ 4456850.0, 3080950.0 ], [ 4457350.0, 3080250.0 ], [ 4457450.0, 3080150.0 ], [ 4457050.0, 3080450.0 ], [ 4456950.0, 3080450.0 ], [ 4456850.0, 3080550.0 ] ] ] } },
{ "type": "Feature", "properties": { "ID": "Bad Köstritz_160765051_c0", "GEN": "Bad Köstritz", "ARS": "160765051", "LAN": "Thüringen", "area": 0.2, "centroid": "POINT (4461776.666667 3093055.833333)", "DH_demand": 125.66221462362708, "total_demand_cells": 968.39128875732422, "total_demand_area": 4660.31640625, "share_DH": 4.5613922091813857, "heat_density_DH": 0.6283110731181355, "heat_density": 23.301582031250003, "DH_supplied_households": 43.0, "DH_cells": [ [ 4461350, 3092650 ], [ 4461450, 3092650 ], [ 4461650, 3092750 ], [ 4461850, 3092950 ], [ 4461850, 3093350 ], [ 4462150, 3093350 ], [ 4462050, 3093450 ] ] }, "geometry": { "type": "Polygon", "coordinates": [ [ [ 4461350.0, 3092650.0 ], [ 4461850.0, 3093350.0 ], [ 4462050.0, 3093450.0 ], [ 4462150.0, 3093350.0 ], [ 4461850.0, 3092950.0 ], [ 4461650.0, 3092750.0 ], [ 4461450.0, 3092650.0 ], [ 4461350.0, 3092650.0 ] ] ] } },
{ "type": "Feature", "properties": { "ID": "Bad Köstritz_160765051_c1", "GEN": "Bad Köstritz", "ARS": "160765051", "LAN": "Thüringen", "area": 0.415, "centroid": "POINT (4463182.128514 3093182.128514)", "DH_demand": 132.74489672184916, "total_demand_cells": 705.28474807739258, "total_demand_area": 3660.4130859375, "share_DH": 6.1347355366941585, "heat_density_DH": 0.319867221016504, "heat_density": 8.8202724962349404, "DH_supplied_households": 23.0, "DH_cells": [ [ 4462550, 3092850 ], [ 4463050, 3092850 ], [ 4463450, 3093050 ], [ 4463650, 3093250 ], [ 4463650, 3093350 ], [ 4463350, 3093650 ] ] }, "geometry": { "type": "Polygon", "coordinates": [ [ [ 4462550.0, 3092850.0 ], [ 4463350.0, 3093650.0 ], [ 4463650.0, 3093350.0 ], [ 4463650.0, 3093250.0 ], [ 4463450.0, 3093050.0 ], [ 4463050.0, 3092850.0 ], [ 4462550.0, 3092850.0 ] ] ] } },
{ "type": "Feature", "properties": { "ID": "Weida_160765053_c1", "GEN": "Weida", "ARS": "160765053", "LAN": "Thüringen", "area": 0.54, "centroid": "POINT (4466019.753086 3075575.617284)", "DH_demand": 1959.1696625393715, "total_demand_cells": 6036.8136825561523, "total_demand_area": 21606.01953125, "share_DH": 15.339294782260096, "heat_density_DH": 3.6280919676655037, "heat_density": 40.011147280092601, "DH_supplied_households": 691.0, "DH_cells": [ [ 4466450, 3074950 ], [ 4466250, 3075050 ], [ 4466350, 3075250 ], [ 4466650, 3075450 ], [ 4465550, 3075650 ], [ 4465650, 3075650 ], [ 4465850, 3075650 ], [ 4466350, 3075750 ], [ 4465350, 3075850 ], [ 4466250, 3075850 ], [ 4465150, 3075950 ], [ 4465450, 3075950 ], [ 4465550, 3075950 ], [ 4465650, 3075950 ], [ 4465750, 3075950 ], [ 4465450, 3076050 ], [ 4465550, 3076050 ], [ 4465650, 3076050 ], [ 4465750, 3076050 ] ] }, "geometry": { "type": "Polygon", "coordinates": [ [ [ 4465650.0, 3075650.0 ], [ 4465550.0, 3075650.0 ], [ 4465350.0, 3075850.0 ], [ 4465150.0, 3075950.0 ], [ 4465450.0, 3075950.0 ], [ 4465450.0, 3076050.0 ], [ 4465550.0, 3076050.0 ], [ 4465650.0, 3076050.0 ], [ 4465750.0, 3076050.0 ], [ 4465750.0, 3075950.0 ], [ 4465850.0, 3075650.0 ], [ 4466250.0, 3075850.0 ], [ 4466350.0, 3075750.0 ], [ 4466650.0, 3075450.0 ], [ 4466350.0, 3075250.0 ], [ 4466450.0, 3074950.0 ], [ 4466250.0, 3075050.0 ], [ 4465650.0, 3075650.0 ] ] ] } },
{ "type": "Feature", "properties": { "ID": "Zeulenroda-Triebes_160765054_c1", "GEN": "Zeulenroda-Triebes", "ARS": "160765054", "LAN": "Thüringen", "area": 1.14, "centroid": "POINT (4461029.239766 3061683.625731)", "DH_demand": 1797.2799391130025, "total_demand_cells": 13982.124656677246, "total_demand_area": 49976.4609375, "share_DH": 6.0835676112999542, "heat_density_DH": 1.5765613500991249, "heat_density": 43.839000822368419, "DH_supplied_households": 522.0, "DH_cells": [ [ 4460450, 3060750 ], [ 4460850, 3060850 ], [ 4461050, 3061050 ], [ 4461050, 3061150 ], [ 4461750, 3061150 ], [ 4460950, 3061250 ], [ 4461150, 3061250 ], [ 4461350, 3061250 ], [ 4461450, 3061250 ], [ 4460750, 3061350 ], [ 4461350, 3061350 ], [ 4460650, 3061450 ], [ 4461050, 3061450 ], [ 4461250, 3061450 ], [ 4461450, 3061450 ], [ 4461150, 3061550 ], [ 4461550, 3061550 ], [ 4461250, 3061650 ], [ 4461350, 3061650 ], [ 4461550, 3061650 ], [ 4461750, 3061650 ], [ 4460550, 3061750 ], [ 4461550, 3061750 ], [ 4461650, 3061750 ], [ 4461750, 3061750 ], [ 4460750, 3061850 ], [ 4461350, 3061850 ], [ 4461650, 3061950 ], [ 4460750, 3062050 ], [ 4460850, 3062050 ], [ 4461150, 3062150 ], [ 4460650, 3062350 ], [ 4461250, 3062350 ], [ 4461350, 3062350 ], [ 4460550, 3062450 ], [ 4461150, 3062450 ], [ 4461250, 3062450 ], [ 4461350, 3062450 ], [ 4461450, 3062450 ], [ 4460750, 3062550 ] ] }, "geometry": { "type": "Polygon", "coordinates": [ [ [ 4460450.0, 3060750.0 ], [ 4460750.0, 3061350.0 ], [ 4460650.0, 3061450.0 ], [ 4460550.0, 3061750.0 ], [ 4460750.0, 3061850.0 ], [ 4460750.0, 3062050.0 ], [ 4460650.0, 3062350.0 ], [ 4460550.0, 3062450.0 ], [ 4460750.0, 3062550.0 ], [ 4461150.0, 3062450.0 ], [ 4461250.0, 3062450.0 ], [ 4461350.0, 3062450.0 ], [ 4461450.0, 3062450.0 ], [ 4461350.0, 3062350.0 ], [ 4461250.0, 3062350.0 ], [ 4461150.0, 3062150.0 ], [ 4461350.0, 3061850.0 ], [ 4461650.0, 3061950.0 ], [ 4461650.0, 3061750.0 ], [ 4461750.0, 3061750.0 ], [ 4461750.0, 3061650.0 ], [ 4461550.0, 3061650.0 ], [ 4461550.0, 3061550.0 ], [ 4461450.0, 3061450.0 ], [ 4461750.0, 3061150.0 ], [ 4461450.0, 3061250.0 ], [ 4461350.0, 3061250.0 ], [ 4461150.0, 3061250.0 ], [ 4461050.0, 3061150.0 ], [ 4461050.0, 3061050.0 ], [ 4460850.0, 3060850.0 ], [ 4460450.0, 3060750.0 ] ] ] } },
{ "type": "Feature", "properties": { "ID": "Zeulenroda-Triebes_160765054_c3", "GEN": "Zeulenroda-Triebes", "ARS": "160765054", "LAN": "Thüringen", "area": 0.035, "centroid": "POINT (4464140.47619 3063421.428571)", "DH_demand": 402.80486013803869, "total_demand_cells": 1450.1698684692383, "total_demand_area": 1769.858642578125, "share_DH": 38.500310476447339, "heat_density_DH": 11.50871028965825, "heat_density": 50.567389787946439, "DH_supplied_households": 33.0, "DH_cells": [ [ 4464050, 3063250 ], [ 4464150, 3063250 ], [ 4464150, 3063350 ], [ 4464050, 3063450 ], [ 4464150, 3063450 ], [ 4464150, 3063550 ], [ 4464250, 3063550 ], [ 4464250, 3063650 ] ] }, "geometry": { "type": "Polygon", "coordinates": [ [ [ 4464050.0, 3063250.0 ], [ 4464050.0, 3063450.0 ], [ 4464150.0, 3063450.0 ], [ 4464150.0, 3063550.0 ], [ 4464250.0, 3063650.0 ], [ 4464250.0, 3063550.0 ], [ 4464150.0, 3063350.0 ], [ 4464150.0, 3063250.0 ], [ 4464050.0, 3063250.0 ] ] ] } },
{ "type": "Feature", "properties": { "ID": "Zeulenroda-Triebes_160765054_c5", "GEN": "Zeulenroda-Triebes", "ARS": "160765054", "LAN": "Thüringen", "area": 0.17, "centroid": "POINT (4463974.509804 3065699.019608)", "DH_demand": 312.47321531287957, "total_demand_cells": 2876.8917021751404, "total_demand_area": 8516.44140625, "share_DH": 6.2067284383955288, "heat_density_DH": 1.838077737134586, "heat_density": 50.096714154411771, "DH_supplied_households": 50.0, "DH_cells": [ [ 4463650, 3065450 ], [ 4464150, 3065450 ], [ 4463850, 3065650 ], [ 4464150, 3065650 ], [ 4463850, 3065850 ], [ 4463950, 3065850 ], [ 4464050, 3065850 ], [ 4463850, 3065950 ], [ 4463950, 3065950 ], [ 4464050, 3065950 ], [ 4464150, 3065950 ], [ 4464150, 3066250 ] ] }, "geometry": { "type": "Polygon", "coordinates": [ [ [ 4463650.0, 3065450.0 ], [ 4463850.0, 3065650.0 ], [ 4463850.0, 3065850.0 ], [ 4463850.0, 3065950.0 ], [ 4463950.0, 3065950.0 ], [ 4464050.0, 3065950.0 ], [ 4464150.0, 3066250.0 ], [ 4464150.0, 3065950.0 ], [ 4464050.0, 3065850.0 ], [ 4464150.0, 3065650.0 ], [ 4464150.0, 3065450.0 ], [ 4463650.0, 3065450.0 ] ] ] } },
{ "type": "Feature", "properties": { "ID": "Altenburg_160770001_c1", "GEN": "Altenburg", "ARS": "160770001", "LAN": "Thüringen", "area": 5.715, "centroid": "POINT (4491936.410032 3100619.845436)", "DH_demand": 28708.926646042524, "total_demand_cells": 69216.02984380722, "total_demand_area": 204228.515625, "share_DH": 23.779826713719668, "heat_density_DH": 5.0234342337782198, "heat_density": 35.735523293963254, "DH_supplied_households": 6520.0, "DH_cells": [ [ 4490850, 3098950 ], [ 4490950, 3098950 ], [ 4492850, 3099050 ], [ 4492950, 3099050 ], [ 4492950, 3099150 ], [ 4492450, 3099250 ], [ 4492850, 3099250 ], [ 4492950, 3099250 ], [ 4493050, 3099250 ], [ 4493150, 3099250 ], [ 4491050, 3099350 ], [ 4492750, 3099350 ], [ 4492950, 3099350 ], [ 4493050, 3099350 ], [ 4493150, 3099350 ], [ 4493250, 3099350 ], [ 4493350, 3099350 ], [ 4493450, 3099350 ], [ 4493550, 3099350 ], [ 4491550, 3099450 ], [ 4492650, 3099450 ], [ 4492750, 3099450 ], [ 4492850, 3099450 ], [ 4492950, 3099450 ], [ 4493050, 3099450 ], [ 4493150, 3099450 ], [ 4493250, 3099450 ], [ 4493350, 3099450 ], [ 4493450, 3099450 ], [ 4493550, 3099450 ], [ 4492350, 3099550 ], [ 4492950, 3099550 ], [ 4493050, 3099550 ], [ 4493250, 3099550 ], [ 4493350, 3099550 ], [ 4493450, 3099550 ], [ 4493550, 3099550 ], [ 4490650, 3099650 ], [ 4493050, 3099650 ], [ 4493250, 3099650 ], [ 4493350, 3099650 ], [ 4493450, 3099650 ], [ 4493550, 3099650 ], [ 4490650, 3099750 ], [ 4490950, 3099750 ], [ 4491350, 3099750 ], [ 4491550, 3099750 ], [ 4491750, 3099750 ], [ 4491950, 3099750 ], [ 4492050, 3099750 ], [ 4493250, 3099750 ], [ 4493450, 3099750 ], [ 4490550, 3099850 ], [ 4491050, 3099850 ], [ 4491350, 3099850 ], [ 4491450, 3099850 ], [ 4492350, 3099850 ], [ 4493050, 3099850 ], [ 4493250, 3099850 ], [ 4490550, 3099950 ], [ 4491250, 3099950 ], [ 4491350, 3099950 ], [ 4491650, 3099950 ], [ 4491850, 3099950 ], [ 4492050, 3099950 ], [ 4492150, 3099950 ], [ 4492950, 3099950 ], [ 4491650, 3100050 ], [ 4491850, 3100050 ], [ 4492050, 3100050 ], [ 4491550, 3100150 ], [ 4492950, 3100150 ], [ 4491450, 3100250 ], [ 4491050, 3100350 ], [ 4492750, 3100350 ], [ 4492850, 3100350 ], [ 4491450, 3100450 ], [ 4491650, 3100450 ], [ 4491750, 3100450 ], [ 4492150, 3100450 ], [ 4492950, 3100450 ], [ 4493050, 3100450 ], [ 4493450, 3100450 ], [ 4492050, 3100550 ], [ 4491750, 3100650 ], [ 4491850, 3100650 ], [ 4493150, 3100650 ], [ 4493250, 3100650 ], [ 4492450, 3100750 ], [ 4490850, 3100850 ], [ 4492550, 3100850 ], [ 4492550, 3100950 ], [ 4490650, 3101050 ], [ 4490750, 3101050 ], [ 4490950, 3101050 ], [ 4490550, 3101150 ], [ 4490650, 3101150 ], [ 4490750, 3101150 ], [ 4490950, 3101150 ], [ 4491050, 3101150 ], [ 4491750, 3101150 ], [ 4491850, 3101150 ], [ 4492450, 3101150 ], [ 4493350, 3101150 ], [ 4490550, 3101250 ], [ 4490650, 3101250 ], [ 4490750, 3101250 ], [ 4490850, 3101250 ], [ 4490950, 3101250 ], [ 4491850, 3101250 ], [ 4493250, 3101250 ], [ 4490450, 3101350 ], [ 4490550, 3101350 ], [ 4490850, 3101350 ], [ 4490950, 3101350 ], [ 4491150, 3101350 ], [ 4491250, 3101350 ], [ 4492250, 3101350 ], [ 4490750, 3101450 ], [ 4491350, 3101450 ], [ 4491450, 3101450 ], [ 4492150, 3101450 ], [ 4490350, 3101550 ], [ 4490450, 3101550 ], [ 4490550, 3101550 ], [ 4490750, 3101550 ], [ 4490850, 3101550 ], [ 4491150, 3101550 ], [ 4491250, 3101550 ], [ 4491350, 3101550 ], [ 4490850, 3101650 ], [ 4490950, 3101650 ], [ 4491450, 3101650 ], [ 4491550, 3101650 ], [ 4491650, 3101650 ], [ 4490950, 3101750 ], [ 4491050, 3101750 ], [ 4491250, 3101750 ], [ 4491450, 3101750 ], [ 4491550, 3101750 ], [ 4491650, 3101750 ], [ 4491750, 3101750 ], [ 4491850, 3101750 ], [ 4491950, 3101750 ], [ 4492950, 3101750 ], [ 4491150, 3101850 ], [ 4491250, 3101850 ], [ 4491350, 3101850 ], [ 4491450, 3101850 ], [ 4491550, 3101850 ], [ 4491650, 3101850 ], [ 4491750, 3101850 ], [ 4491950, 3101850 ], [ 4492050, 3101850 ], [ 4491150, 3101950 ], [ 4491250, 3101950 ], [ 4491350, 3101950 ], [ 4491850, 3101950 ], [ 4491950, 3101950 ], [ 4492050, 3101950 ], [ 4492250, 3101950 ], [ 4491350, 3102050 ], [ 4491450, 3102050 ], [ 4491350, 3102150 ], [ 4491450, 3102150 ], [ 4491750, 3102150 ], [ 4491050, 3102350 ], [ 4491450, 3102350 ], [ 4491150, 3102650 ] ] }, "geometry": { "type": "Polygon", "coordinates": [ [ [ 4490550.0, 3099950.0 ], [ 4491050.0, 3100350.0 ], [ 4490850.0, 3100850.0 ], [ 4490750.0, 3101050.0 ], [ 4490650.0, 3101050.0 ], [ 4490650.0, 3101150.0 ], [ 4490550.0, 3101150.0 ], [ 4490550.0, 3101250.0 ], [ 4490550.0, 3101350.0 ], [ 4490450.0, 3101350.0 ], [ 4490350.0, 3101550.0 ], [ 4490450.0, 3101550.0 ], [ 4490550.0, 3101550.0 ], [ 4490750.0, 3101550.0 ], [ 4490850.0, 3101550.0 ], [ 4490850.0, 3101650.0 ], [ 4490950.0, 3101650.0 ], [ 4490950.0, 3101750.0 ], [ 4491050.0, 3101750.0 ], [ 4491150.0, 3101850.0 ], [ 4491150.0, 3101950.0 ], [ 4491250.0, 3101950.0 ], [ 4491350.0, 3101950.0 ], [ 4491350.0, 3102050.0 ], [ 4491350.0, 3102150.0 ], [ 4491050.0, 3102350.0 ], [ 4491150.0, 3102650.0 ], [ 4491450.0, 3102350.0 ], [ 4491450.0, 3102150.0 ], [ 4491750.0, 3102150.0 ], [ 4491850.0, 3101950.0 ], [ 4491950.0, 3101950.0 ], [ 4492050.0, 3101950.0 ], [ 4492250.0, 3101950.0 ], [ 4492050.0, 3101850.0 ], [ 4491950.0, 3101850.0 ], [ 4491950.0, 3101750.0 ], [ 4492150.0, 3101450.0 ], [ 4492250.0, 3101350.0 ], [ 4492450.0, 3101150.0 ], [ 4492950.0, 3101750.0 ], [ 4493250.0, 3101250.0 ], [ 4493350.0, 3101150.0 ], [ 4493250.0, 3100650.0 ], [ 4493450.0, 3100450.0 ], [ 4493050.0, 3100450.0 ], [ 4492950.0, 3100450.0 ], [ 4492850.0, 3100350.0 ], [ 4492950.0, 3100150.0 ], [ 4492950.0, 3099950.0 ], [ 4493050.0, 3099850.0 ], [ 4493250.0, 3099850.0 ], [ 4493250.0, 3099750.0 ], [ 4493450.0, 3099750.0 ], [ 4493450.0, 3099650.0 ], [ 4493550.0, 3099650.0 ], [ 4493550.0, 3099550.0 ], [ 4493550.0, 3099450.0 ], [ 4493550.0, 3099350.0 ], [ 4493450.0, 3099350.0 ], [ 4493350.0, 3099350.0 ], [ 4493250.0, 3099350.0 ], [ 4493150.0, 3099350.0 ], [ 4493150.0, 3099250.0 ], [ 4493050.0, 3099250.0 ], [ 4492950.0, 3099250.0 ], [ 4492950.0, 3099150.0 ], [ 4492950.0, 3099050.0 ], [ 4492850.0, 3099050.0 ], [ 4492850.0, 3099250.0 ], [ 4492750.0, 3099350.0 ], [ 4492750.0, 3099450.0 ], [ 4492650.0, 3099450.0 ], [ 4492450.0, 3099250.0 ], [ 4492350.0, 3099550.0 ], [ 4492050.0, 3099750.0 ], [ 4491950.0, 3099750.0 ], [ 4491750.0, 3099750.0 ], [ 4491550.0, 3099750.0 ], [ 4491550.0, 3099450.0 ], [ 4490950.0, 3098950.0 ], [ 4490850.0, 3098950.0 ], [ 4491050.0, 3099350.0 ], [ 4490950.0, 3099750.0 ], [ 4490650.0, 3099650.0 ], [ 4490650.0, 3099750.0 ], [ 4490550.0, 3099850.0 ], [ 4490550.0, 3099950.0 ] ] ] } },
{ "type": "Feature", "properties": { "ID": "Lucka_160770028_c0", "GEN": "Lucka", "ARS": "160770028", "LAN": "Thüringen", "area": 0.075, "centroid": "POINT (4482474.444444 3111012.222222)", "DH_demand": 463.66865758900815, "total_demand_cells": 1405.3588600158691, "total_demand_area": 1548.4407958984375, "share_DH": 50.654874754430367, "heat_density_DH": 6.1822487678534417, "heat_density": 20.645877278645834, "DH_supplied_households": 47.0, "DH_cells": [ [ 4482350, 3110850 ], [ 4482450, 3110850 ], [ 4482550, 3110850 ], [ 4482350, 3110950 ], [ 4482550, 3110950 ], [ 4482650, 3110950 ], [ 4482350, 3111050 ], [ 4482450, 3111050 ], [ 4482550, 3111050 ], [ 4482650, 3111050 ], [ 4482350, 3111150 ], [ 4482450, 3111150 ], [ 4482550, 3111150 ], [ 4482550, 3111250 ] ] }, "geometry": { "type": "Polygon", "coordinates": [ [ [ 4482450.0, 3110850.0 ], [ 4482350.0, 3110850.0 ], [ 4482350.0, 3110950.0 ], [ 4482350.0, 3111050.0 ], [ 4482350.0, 3111150.0 ], [ 4482450.0, 3111150.0 ], [ 4482550.0, 3111250.0 ], [ 4482550.0, 3111150.0 ], [ 4482550.0, 3111050.0 ], [ 4482650.0, 3111050.0 ], [ 4482650.0, 3110950.0 ], [ 4482550.0, 3110950.0 ], [ 4482550.0, 3110850.0 ], [ 4482450.0, 3110850.0 ] ] ] } },
{ "type": "Feature", "properties": { "ID": "Lucka_160770028_c1", "GEN": "Lucka", "ARS": "160770028", "LAN": "Thüringen", "area": 0.465, "centroid": "POINT (4484462.18638 3111847.491039)", "DH_demand": 5388.0529966337017, "total_demand_cells": 12252.286373138428, "total_demand_area": 20442.3984375, "share_DH": 44.58698650581173, "heat_density_DH": 11.587210745448822, "heat_density": 43.962147177419361, "DH_supplied_households": 1150.0, "DH_cells": [ [ 4484450, 3111450 ], [ 4484550, 3111450 ], [ 4484650, 3111450 ], [ 4484750, 3111450 ], [ 4484050, 3111550 ], [ 4484350, 3111550 ], [ 4484550, 3111550 ], [ 4484650, 3111550 ], [ 4484750, 3111550 ], [ 4484850, 3111550 ], [ 4484650, 3111650 ], [ 4484750, 3111650 ], [ 4484150, 3111750 ], [ 4484350, 3111750 ], [ 4484450, 3111750 ], [ 4484550, 3111750 ], [ 4484650, 3111750 ], [ 4484750, 3111750 ], [ 4484050, 3111850 ], [ 4484150, 3111850 ], [ 4484250, 3111850 ], [ 4484350, 3111850 ], [ 4484550, 3111850 ], [ 4484650, 3111850 ], [ 4484750, 3111850 ], [ 4484850, 3111850 ], [ 4484950, 3111850 ], [ 4484150, 3111950 ], [ 4484250, 3111950 ], [ 4484550, 3111950 ], [ 4484650, 3111950 ], [ 4484750, 3111950 ], [ 4484150, 3112050 ], [ 4484250, 3112050 ], [ 4484650, 3112050 ], [ 4484750, 3112050 ], [ 4484450, 3112250 ], [ 4484350, 3112550 ], [ 4484350, 3112650 ] ] }, "geometry": { "type": "Polygon", "coordinates": [ [ [ 4484350.0, 3111550.0 ], [ 4484050.0, 3111550.0 ], [ 4484150.0, 3111750.0 ], [ 4484150.0, 3111850.0 ], [ 4484050.0, 3111850.0 ], [ 4484150.0, 3111950.0 ], [ 4484150.0, 3112050.0 ], [ 4484250.0, 3112050.0 ], [ 4484350.0, 3112550.0 ], [ 4484350.0, 3112650.0 ], [ 4484450.0, 3112250.0 ], [ 4484650.0, 3112050.0 ], [ 4484750.0, 3112050.0 ], [ 4484750.0, 3111950.0 ], [ 4484950.0, 3111850.0 ], [ 4484750.0, 3111750.0 ], [ 4484750.0, 3111650.0 ], [ 4484850.0, 3111550.0 ], [ 4484750.0, 3111450.0 ], [ 4484650.0, 3111450.0 ], [ 4484550.0, 3111450.0 ], [ 4484450.0, 3111450.0 ], [ 4484350.0, 3111550.0 ] ] ] } },
{ "type": "Feature", "properties": { "ID": "Meuselwitz_160770032_c1", "GEN": "Meuselwitz", "ARS": "160770032", "LAN": "Thüringen", "area": 1.665, "centroid": "POINT (4481903.353353 3106199.74975)", "DH_demand": 14753.880403216268, "total_demand_cells": 35764.498799324036, "total_demand_area": 40931.515625, "share_DH": 60.97566469959159, "heat_density_DH": 8.8611894313611224, "heat_density": 24.583492867867868, "DH_supplied_households": 2715.0, "DH_cells": [ [ 4483150, 3105150 ], [ 4483250, 3105150 ], [ 4483350, 3105150 ], [ 4483150, 3105250 ], [ 4483250, 3105250 ], [ 4483350, 3105250 ], [ 4483250, 3105350 ], [ 4481450, 3105550 ], [ 4482150, 3105650 ], [ 4482250, 3105650 ], [ 4482350, 3105650 ], [ 4483050, 3105650 ], [ 4483150, 3105650 ], [ 4481650, 3105750 ], [ 4481750, 3105750 ], [ 4481850, 3105750 ], [ 4481950, 3105750 ], [ 4482050, 3105750 ], [ 4482150, 3105750 ], [ 4482250, 3105750 ], [ 4482350, 3105750 ], [ 4482850, 3105750 ], [ 4482950, 3105750 ], [ 4483050, 3105750 ], [ 4483150, 3105750 ], [ 4481350, 3105850 ], [ 4481450, 3105850 ], [ 4481650, 3105850 ], [ 4481750, 3105850 ], [ 4481850, 3105850 ], [ 4481950, 3105850 ], [ 4482050, 3105850 ], [ 4482150, 3105850 ], [ 4482250, 3105850 ], [ 4482350, 3105850 ], [ 4482750, 3105850 ], [ 4482950, 3105850 ], [ 4483050, 3105850 ], [ 4483150, 3105850 ], [ 4481250, 3105950 ], [ 4481350, 3105950 ], [ 4481750, 3105950 ], [ 4481850, 3105950 ], [ 4481950, 3105950 ], [ 4482050, 3105950 ], [ 4482150, 3105950 ], [ 4482250, 3105950 ], [ 4482350, 3105950 ], [ 4482550, 3105950 ], [ 4482650, 3105950 ], [ 4482750, 3105950 ], [ 4482850, 3105950 ], [ 4482950, 3105950 ], [ 4483050, 3105950 ], [ 4483150, 3105950 ], [ 4481150, 3106050 ], [ 4481850, 3106050 ], [ 4481950, 3106050 ], [ 4482050, 3106050 ], [ 4482150, 3106050 ], [ 4482250, 3106050 ], [ 4482350, 3106050 ], [ 4482450, 3106050 ], [ 4482550, 3106050 ], [ 4482650, 3106050 ], [ 4483050, 3106050 ], [ 4483150, 3106050 ], [ 4480850, 3106150 ], [ 4480950, 3106150 ], [ 4481050, 3106150 ], [ 4481150, 3106150 ], [ 4482150, 3106150 ], [ 4482250, 3106150 ], [ 4482350, 3106150 ], [ 4482450, 3106150 ], [ 4482550, 3106150 ], [ 4482650, 3106150 ], [ 4482750, 3106150 ], [ 4480750, 3106250 ], [ 4480850, 3106250 ], [ 4480950, 3106250 ], [ 4481050, 3106250 ], [ 4481150, 3106250 ], [ 4482250, 3106250 ], [ 4482350, 3106250 ], [ 4482450, 3106250 ], [ 4482550, 3106250 ], [ 4482650, 3106250 ], [ 4480550, 3106350 ], [ 4480650, 3106350 ], [ 4480750, 3106350 ], [ 4480850, 3106350 ], [ 4480950, 3106350 ], [ 4481050, 3106350 ], [ 4481150, 3106350 ], [ 4482250, 3106350 ], [ 4482350, 3106350 ], [ 4482550, 3106350 ], [ 4482650, 3106350 ], [ 4482750, 3106350 ], [ 4480650, 3106450 ], [ 4480750, 3106450 ], [ 4480850, 3106450 ], [ 4481050, 3106450 ], [ 4481150, 3106450 ], [ 4481250, 3106450 ], [ 4481350, 3106450 ], [ 4481450, 3106450 ], [ 4481550, 3106450 ], [ 4482450, 3106450 ], [ 4482650, 3106450 ], [ 4482750, 3106450 ], [ 4480850, 3106550 ], [ 4480950, 3106550 ], [ 4481050, 3106550 ], [ 4481150, 3106550 ], [ 4481250, 3106550 ], [ 4481350, 3106550 ], [ 4481450, 3106550 ], [ 4481550, 3106550 ], [ 4481650, 3106550 ], [ 4481950, 3106550 ], [ 4482050, 3106550 ], [ 4482150, 3106550 ], [ 4482550, 3106550 ], [ 4482750, 3106550 ], [ 4480850, 3106650 ], [ 4480950, 3106650 ], [ 4481050, 3106650 ], [ 4481150, 3106650 ], [ 4481250, 3106650 ], [ 4482050, 3106650 ], [ 4482150, 3106650 ], [ 4480950, 3106750 ], [ 4481050, 3106750 ], [ 4481150, 3106750 ], [ 4481250, 3106750 ], [ 4482050, 3106750 ], [ 4482150, 3106750 ], [ 4482250, 3106750 ], [ 4481050, 3106850 ], [ 4481150, 3106850 ], [ 4482250, 3106850 ], [ 4481050, 3106950 ], [ 4481150, 3106950 ], [ 4481250, 3106950 ] ] }, "geometry": { "type": "Polygon", "coordinates": [ [ [ 4481450.0, 3105850.0 ], [ 4481350.0, 3105850.0 ], [ 4481350.0, 3105950.0 ], [ 4481250.0, 3105950.0 ], [ 4481150.0, 3106050.0 ], [ 4481150.0, 3106150.0 ], [ 4481050.0, 3106150.0 ], [ 4480950.0, 3106150.0 ], [ 4480850.0, 3106150.0 ], [ 4480850.0, 3106250.0 ], [ 4480750.0, 3106250.0 ], [ 4480750.0, 3106350.0 ], [ 4480650.0, 3106350.0 ], [ 4480550.0, 3106350.0 ], [ 4480650.0, 3106450.0 ], [ 4480750.0, 3106450.0 ], [ 4480850.0, 3106450.0 ], [ 4480850.0, 3106550.0 ], [ 4480850.0, 3106650.0 ], [ 4480950.0, 3106650.0 ], [ 4480950.0, 3106750.0 ], [ 4481050.0, 3106750.0 ], [ 4481050.0, 3106850.0 ], [ 4481050.0, 3106950.0 ], [ 4481150.0, 3106950.0 ], [ 4481250.0, 3106950.0 ], [ 4481250.0, 3106750.0 ], [ 4481250.0, 3106650.0 ], [ 4481250.0, 3106550.0 ], [ 4481350.0, 3106550.0 ], [ 4481450.0, 3106550.0 ], [ 4481550.0, 3106550.0 ], [ 4481650.0, 3106550.0 ], [ 4481950.0, 3106550.0 ], [ 4482050.0, 3106550.0 ], [ 4482050.0, 3106650.0 ], [ 4482050.0, 3106750.0 ], [ 4482150.0, 3106750.0 ], [ 4482250.0, 3106850.0 ], [ 4482550.0, 3106550.0 ], [ 4482750.0, 3106550.0 ], [ 4482750.0, 3106450.0 ], [ 4482750.0, 3106350.0 ], [ 4482650.0, 3106350.0 ], [ 4482650.0, 3106250.0 ], [ 4482650.0, 3106150.0 ], [ 4482750.0, 3106150.0 ], [ 4482750.0, 3105950.0 ], [ 4482850.0, 3105950.0 ], [ 4482950.0, 3105950.0 ], [ 4483050.0, 3105950.0 ], [ 4483050.0, 3106050.0 ], [ 4483150.0, 3106050.0 ], [ 4483150.0, 3105950.0 ], [ 4483150.0, 3105850.0 ], [ 4483150.0, 3105750.0 ], [ 4483150.0, 3105650.0 ], [ 4483250.0, 3105350.0 ], [ 4483250.0, 3105250.0 ], [ 4483350.0, 3105250.0 ], [ 4483350.0, 3105150.0 ], [ 4483250.0, 3105150.0 ], [ 4483150.0, 3105150.0 ], [ 4483150.0, 3105250.0 ], [ 4483050.0, 3105650.0 ], [ 4483050.0, 3105750.0 ], [ 4482950.0, 3105750.0 ], [ 4482850.0, 3105750.0 ], [ 4482750.0, 3105850.0 ], [ 4482650.0, 3105950.0 ], [ 4482550.0, 3105950.0 ], [ 4482550.0, 3106050.0 ], [ 4482450.0, 3106050.0 ], [ 4482350.0, 3106050.0 ], [ 4482350.0, 3105950.0 ], [ 4482350.0, 3105850.0 ], [ 4482350.0, 3105750.0 ], [ 4482350.0, 3105650.0 ], [ 4482250.0, 3105650.0 ], [ 4482150.0, 3105650.0 ], [ 4482150.0, 3105750.0 ], [ 4482050.0, 3105750.0 ], [ 4481950.0, 3105750.0 ], [ 4481850.0, 3105750.0 ], [ 4481750.0, 3105750.0 ], [ 4481650.0, 3105750.0 ], [ 4481450.0, 3105550.0 ], [ 4481450.0, 3105850.0 ] ] ] } },
{ "type": "Feature", "properties": { "ID": "Meuselwitz_160770032_c2", "GEN": "Meuselwitz", "ARS": "160770032", "LAN": "Thüringen", "area": 0.22, "centroid": "POINT (4486006.060606 3107386.363636)", "DH_demand": 320.00068942485564, "total_demand_cells": 2346.7794342041016, "total_demand_area": 8444.2548828125, "share_DH": 6.4105854140624796, "heat_density_DH": 1.4545485882947984, "heat_density": 38.382976740056819, "DH_supplied_households": 32.0, "DH_cells": [ [ 4485850, 3107050 ], [ 4486050, 3107250 ], [ 4485550, 3107350 ], [ 4486050, 3107450 ], [ 4485950, 3107550 ], [ 4486350, 3107650 ], [ 4486450, 3107650 ], [ 4486550, 3107650 ], [ 4486650, 3107650 ], [ 4486550, 3107750 ] ] }, "geometry": { "type": "Polygon", "coordinates": [ [ [ 4485550.0, 3107350.0 ], [ 4485950.0, 3107550.0 ], [ 4486050.0, 3107450.0 ], [ 4486350.0, 3107650.0 ], [ 4486450.0, 3107650.0 ], [ 4486550.0, 3107750.0 ], [ 4486650.0, 3107650.0 ], [ 4486550.0, 3107650.0 ], [ 4486050.0, 3107250.0 ], [ 4485850.0, 3107050.0 ], [ 4485550.0, 3107350.0 ] ] ] } },
{ "type": "Feature", "properties": { "ID": "Meuselwitz_160770032_c3", "GEN": "Meuselwitz", "ARS": "160770032", "LAN": "Thüringen", "area": 0.095, "centroid": "POINT (4479958.77193 3108246.491228)", "DH_demand": 1125.1144072269094, "total_demand_cells": 2133.9066495895386, "total_demand_area": 2653.719482421875, "share_DH": 71.721569339975758, "heat_density_DH": 11.843309549756942, "heat_density": 27.933889288651315, "DH_supplied_households": 277.0, "DH_cells": [ [ 4479850, 3107950 ], [ 4479850, 3108050 ], [ 4480050, 3108050 ], [ 4480150, 3108050 ], [ 4479850, 3108150 ], [ 4479850, 3108250 ], [ 4479850, 3108350 ], [ 4479950, 3108350 ], [ 4479950, 3108450 ], [ 4479950, 3108550 ], [ 4480050, 3108550 ], [ 4479950, 3108650 ], [ 4480050, 3108650 ] ] }, "geometry": { "type": "Polygon", "coordinates": [ [ [ 4480050.0, 3108050.0 ], [ 4479850.0, 3107950.0 ], [ 4479850.0, 3108050.0 ], [ 4479850.0, 3108150.0 ], [ 4479850.0, 3108250.0 ], [ 4479850.0, 3108350.0 ], [ 4479950.0, 3108450.0 ], [ 4479950.0, 3108550.0 ], [ 4479950.0, 3108650.0 ], [ 4480050.0, 3108650.0 ], [ 4480050.0, 3108550.0 ], [ 4479950.0, 3108350.0 ], [ 4480150.0, 3108050.0 ], [ 4480050.0, 3108050.0 ] ] ] } },
{ "type": "Feature", "properties": { "ID": "Meuselwitz_160770032_c4", "GEN": "Meuselwitz", "ARS": "160770032", "LAN": "Thüringen", "area": 0.1, "centroid": "POINT (4481993.333333 3109716.666667)", "DH_demand": 888.24347041784222, "total_demand_cells": 2174.3304080963135, "total_demand_area": 2287.46923828125, "share_DH": 65.687823460336247, "heat_density_DH": 8.882434704178424, "heat_density": 22.874692382812505, "DH_supplied_households": 128.0, "DH_cells": [ [ 4481950, 3109550 ], [ 4482050, 3109550 ], [ 4482150, 3109550 ], [ 4481650, 3109650 ], [ 4482050, 3109650 ], [ 4482150, 3109650 ], [ 4482250, 3109650 ], [ 4481650, 3109750 ], [ 4481750, 3109750 ], [ 4481950, 3109750 ], [ 4482050, 3109750 ], [ 4482150, 3109750 ], [ 4482250, 3109750 ], [ 4481850, 3109850 ], [ 4481950, 3109850 ], [ 4482050, 3109850 ], [ 4482150, 3109850 ] ] }, "geometry": { "type": "Polygon", "coordinates": [ [ [ 4481950.0, 3109750.0 ], [ 4481650.0, 3109650.0 ], [ 4481650.0, 3109750.0 ], [ 4481750.0, 3109750.0 ], [ 4481850.0, 3109850.0 ], [ 4481950.0, 3109850.0 ], [ 4482050.0, 3109850.0 ], [ 4482150.0, 3109850.0 ], [ 4482150.0, 3109750.0 ], [ 4482250.0, 3109750.0 ], [ 4482250.0, 3109650.0 ], [ 4482150.0, 3109650.0 ], [ 4482150.0, 3109550.0 ], [ 4482050.0, 3109550.0 ], [ 4481950.0, 3109550.0 ], [ 4481950.0, 3109750.0 ] ] ] } },
{ "type": "Feature", "properties": { "ID": "Rositz_160775005_c0", "GEN": "Rositz", "ARS": "160775005", "LAN": "Thüringen", "area": 0.025, "centroid": "POINT (4484010 3095503.333333)", "DH_demand": 220.84811736857259, "total_demand_cells": 393.1164493560791, "total_demand_area": 534.89532470703125, "share_DH": 69.844628265235386, "heat_density_DH": 8.8339246947429046, "heat_density": 21.395812988281254, "DH_supplied_households": 38.0, "DH_cells": [ [ 4483950, 3095350 ], [ 4483950, 3095450 ], [ 4483950, 3095550 ], [ 4484050, 3095550 ], [ 4484150, 3095550 ], [ 4483950, 3095650 ] ] }, "geometry": { "type": "Polygon", "coordinates": [ [ [ 4483950.0, 3095350.0 ], [ 4483950.0, 3095450.0 ], [ 4483950.0, 3095550.0 ], [ 4483950.0, 3095650.0 ], [ 4484050.0, 3095550.0 ], [ 4484150.0, 3095550.0 ], [ 4483950.0, 3095350.0 ] ] ] } },
{ "type": "Feature", "properties": { "ID": "Rositz_160775005_c2", "GEN": "Rositz", "ARS": "160775005", "LAN": "Thüringen", "area": 0.08, "centroid": "POINT (4483016.666667 3099541.666667)", "DH_demand": 161.72031651574133, "total_demand_cells": 601.83746719360352, "total_demand_area": 2696.710693359375, "share_DH": 10.144679620322107, "heat_density_DH": 2.0215039564467667, "heat_density": 33.708883666992186, "DH_supplied_households": 21.0, "DH_cells": [ [ 4482950, 3099450 ], [ 4483350, 3099450 ], [ 4483450, 3099450 ], [ 4482650, 3099650 ], [ 4482950, 3099650 ] ] }, "geometry": { "type": "Polygon", "coordinates": [ [ [ 4482650.0, 3099650.0 ], [ 4482950.0, 3099650.0 ], [ 4483450.0, 3099450.0 ], [ 4483350.0, 3099450.0 ], [ 4482950.0, 3099450.0 ], [ 4482650.0, 3099650.0 ] ] ] } },
{ "type": "Feature", "properties": { "ID": "Rositz_160775005_c4", "GEN": "Rositz", "ARS": "160775005", "LAN": "Thüringen", "area": 0.03, "centroid": "POINT (4488461.111111 3101494.444444)", "DH_demand": 223.06935612744647, "total_demand_cells": 842.33914184570312, "total_demand_area": 1845.6495361328125, "share_DH": 20.445549467723911, "heat_density_DH": 7.4356452042482157, "heat_density": 61.52165120442708, "DH_supplied_households": 12.0, "DH_cells": [ [ 4488350, 3101350 ], [ 4488550, 3101450 ], [ 4488550, 3101550 ], [ 4488450, 3101650 ] ] }, "geometry": { "type": "Polygon", "coordinates": [ [ [ 4488350.0, 3101350.0 ], [ 4488450.0, 3101650.0 ], [ 4488550.0, 3101550.0 ], [ 4488550.0, 3101450.0 ], [ 4488350.0, 3101350.0 ] ] ] } },
{ "type": "Feature", "properties": { "ID": "Rositz_160775005_c5", "GEN": "Rositz", "ARS": "160775005", "LAN": "Thüringen", "area": 0.155, "centroid": "POINT (4487380.107527 3103605.913978)", "DH_demand": 136.53986322643871, "total_demand_cells": 993.31007385253906, "total_demand_area": 5860.9560546875, "share_DH": 3.9409335233624319, "heat_density_DH": 0.88090234339637874, "heat_density": 37.812619707661291, "DH_supplied_households": 20.0, "DH_cells": [ [ 4487050, 3103250 ], [ 4487150, 3103250 ], [ 4487050, 3103350 ], [ 4487350, 3103750 ], [ 4487750, 3103850 ], [ 4487650, 3103950 ] ] }, "geometry": { "type": "Polygon", "coordinates": [ [ [ 4487050.0, 3103250.0 ], [ 4487050.0, 3103350.0 ], [ 4487350.0, 3103750.0 ], [ 4487650.0, 3103950.0 ], [ 4487750.0, 3103850.0 ], [ 4487150.0, 3103250.0 ], [ 4487050.0, 3103250.0 ] ] ] } },
{ "type": "Feature", "properties": { "ID": "Gößnitz_160775050_c0", "GEN": "Gößnitz", "ARS": "160775050", "LAN": "Thüringen", "area": 0.56, "centroid": "POINT (4492069.642857 3089657.142857)", "DH_demand": 307.99815933655429, "total_demand_cells": 2610.8450126647949, "total_demand_area": 15456.0322265625, "share_DH": 3.370995844837779, "heat_density_DH": 0.54999671310098996, "heat_density": 27.600057547433043, "DH_supplied_households": 60.0, "DH_cells": [ [ 4492050, 3088350 ], [ 4492050, 3088950 ], [ 4492050, 3089050 ], [ 4492050, 3089150 ], [ 4492150, 3089150 ], [ 4492350, 3089150 ], [ 4492050, 3089250 ], [ 4491950, 3089350 ], [ 4492150, 3089550 ], [ 4491650, 3089850 ], [ 4491850, 3090050 ], [ 4492450, 3090050 ], [ 4492450, 3090150 ], [ 4491950, 3090350 ] ] }, "geometry": { "type": "Polygon", "coordinates": [ [ [ 4492050.0, 3088950.0 ], [ 4492050.0, 3089050.0 ], [ 4492050.0, 3089150.0 ], [ 4491650.0, 3089850.0 ], [ 4491850.0, 3090050.0 ], [ 4491950.0, 3090350.0 ], [ 4492450.0, 3090150.0 ], [ 4492450.0, 3090050.0 ], [ 4492150.0, 3089550.0 ], [ 4491950.0, 3089350.0 ], [ 4492050.0, 3089250.0 ], [ 4492150.0, 3089150.0 ], [ 4492350.0, 3089150.0 ], [ 4492050.0, 3088350.0 ], [ 4492050.0, 3088950.0 ] ] ] } },
{ "type": "Feature", "properties": { "ID": "Nobitz_160775051_c0", "GEN": "Nobitz", "ARS": "160775051", "LAN": "Thüringen", "area": 0.01, "centroid": "POINT (4497600 3097200)", "DH_demand": 663.37174957912555, "total_demand_cells": 1165.2442626953125, "total_demand_area": 1165.2442626953125, "share_DH": 96.304839128494137, "heat_density_DH": 66.337174957912552, "heat_density": 116.52442626953125, "DH_supplied_households": 99.0, "DH_cells": [ [ 4497550, 3097150 ], [ 4497650, 3097150 ], [ 4497550, 3097250 ], [ 4497650, 3097250 ] ] }, "geometry": { "type": "Polygon", "coordinates": [ [ [ 4497550.0, 3097150.0 ], [ 4497550.0, 3097250.0 ], [ 4497650.0, 3097250.0 ], [ 4497650.0, 3097150.0 ], [ 4497550.0, 3097150.0 ] ] ] } },
{ "type": "Feature", "properties": { "ID": "Schmölln_160775052_c1", "GEN": "Schmölln", "ARS": "160775052", "LAN": "Thüringen", "area": 2.425, "centroid": "POINT (4486857.766323 3089700.378007)", "DH_demand": 4729.3547387167982, "total_demand_cells": 15584.630750179291, "total_demand_area": 53509.65234375, "share_DH": 14.951262694051303, "heat_density_DH": 1.9502493767904323, "heat_density": 22.065836018041239, "DH_supplied_households": 1322.0, "DH_cells": [ [ 4486450, 3088550 ], [ 4486450, 3088650 ], [ 4486550, 3088650 ], [ 4486350, 3088750 ], [ 4486450, 3088750 ], [ 4486550, 3088750 ], [ 4486950, 3088750 ], [ 4486350, 3088850 ], [ 4486450, 3088850 ], [ 4486550, 3088850 ], [ 4487050, 3088850 ], [ 4486350, 3088950 ], [ 4485950, 3089050 ], [ 4486450, 3089050 ], [ 4486650, 3089050 ], [ 4487150, 3089050 ], [ 4485850, 3089150 ], [ 4485950, 3089150 ], [ 4486350, 3089150 ], [ 4486450, 3089150 ], [ 4486550, 3089150 ], [ 4486650, 3089150 ], [ 4485850, 3089250 ], [ 4485950, 3089250 ], [ 4486050, 3089250 ], [ 4487850, 3089250 ], [ 4485850, 3089350 ], [ 4485950, 3089350 ], [ 4486350, 3089350 ], [ 4487550, 3089350 ], [ 4485650, 3089450 ], [ 4485750, 3089450 ], [ 4485850, 3089450 ], [ 4485950, 3089450 ], [ 4486050, 3089450 ], [ 4485850, 3089550 ], [ 4485950, 3089550 ], [ 4486150, 3089550 ], [ 4486350, 3089550 ], [ 4486350, 3089650 ], [ 4486550, 3089650 ], [ 4486750, 3089650 ], [ 4486450, 3089750 ], [ 4486550, 3089750 ], [ 4486350, 3089850 ], [ 4486750, 3089850 ], [ 4486850, 3089850 ], [ 4486250, 3090050 ], [ 4486850, 3090050 ], [ 4487350, 3090250 ], [ 4487150, 3090350 ], [ 4486450, 3090450 ], [ 4486650, 3090450 ], [ 4485950, 3090550 ], [ 4486350, 3090550 ], [ 4486750, 3090750 ], [ 4487550, 3090750 ] ] }, "geometry": { "type": "Polygon", "coordinates": [ [ [ 4485850.0, 3089250.0 ], [ 4485850.0, 3089350.0 ], [ 4485650.0, 3089450.0 ], [ 4485750.0, 3089450.0 ], [ 4485850.0, 3089450.0 ], [ 4485850.0, 3089550.0 ], [ 4485950.0, 3089550.0 ], [ 4485950.0, 3089450.0 ], [ 4486050.0, 3089450.0 ], [ 4486150.0, 3089550.0 ], [ 4486350.0, 3089550.0 ], [ 4486350.0, 3089650.0 ], [ 4486450.0, 3089750.0 ], [ 4486350.0, 3089850.0 ], [ 4486250.0, 3090050.0 ], [ 4485950.0, 3090550.0 ], [ 4486350.0, 3090550.0 ], [ 4486450.0, 3090450.0 ], [ 4486650.0, 3090450.0 ], [ 4486750.0, 3090750.0 ], [ 4487150.0, 3090350.0 ], [ 4487350.0, 3090250.0 ], [ 4487550.0, 3090750.0 ], [ 4487850.0, 3089250.0 ], [ 4487550.0, 3089350.0 ], [ 4487150.0, 3089050.0 ], [ 4487050.0, 3088850.0 ], [ 4486950.0, 3088750.0 ], [ 4486550.0, 3088750.0 ], [ 4486550.0, 3088650.0 ], [ 4486450.0, 3088550.0 ], [ 4486450.0, 3088650.0 ], [ 4486450.0, 3088750.0 ], [ 4486350.0, 3088750.0 ], [ 4486350.0, 3088850.0 ], [ 4486350.0, 3088950.0 ], [ 4486450.0, 3089050.0 ], [ 4486450.0, 3089150.0 ], [ 4486350.0, 3089150.0 ], [ 4485950.0, 3089050.0 ], [ 4485950.0, 3089150.0 ], [ 4485850.0, 3089150.0 ], [ 4485850.0, 3089250.0 ] ] ] } }
]
}
